-- MySQL dump 10.13  Distrib 8.0.33, for Linux (x86_64)
--
-- Host: localhost    Database: schooldatabasev4
-- ------------------------------------------------------
-- Server version	5.5.5-10.4.27-MariaDB

/*!40101 SET @OLD_CHARACTER_SET_CLIENT=@@CHARACTER_SET_CLIENT */;
/*!40101 SET @OLD_CHARACTER_SET_RESULTS=@@CHARACTER_SET_RESULTS */;
/*!40101 SET @OLD_COLLATION_CONNECTION=@@COLLATION_CONNECTION */;
/*!50503 SET NAMES utf8mb4 */;
/*!40103 SET @OLD_TIME_ZONE=@@TIME_ZONE */;
/*!40103 SET TIME_ZONE='+00:00' */;
/*!40014 SET @OLD_UNIQUE_CHECKS=@@UNIQUE_CHECKS, UNIQUE_CHECKS=0 */;
/*!40014 SET @OLD_FOREIGN_KEY_CHECKS=@@FOREIGN_KEY_CHECKS, FOREIGN_KEY_CHECKS=0 */;
/*!40101 SET @OLD_SQL_MODE=@@SQL_MODE, SQL_MODE='NO_AUTO_VALUE_ON_ZERO' */;
/*!40111 SET @OLD_SQL_NOTES=@@SQL_NOTES, SQL_NOTES=0 */;

--
-- Table structure for table `App_user`
--

DROP TABLE IF EXISTS `App_user`;
/*!40101 SET @saved_cs_client     = @@character_set_client */;
/*!50503 SET character_set_client = utf8mb4 */;
CREATE TABLE `App_user` (
  `user_id` int(11) NOT NULL AUTO_INCREMENT,
  `school_id` int(11) DEFAULT NULL,
  `first_name` varchar(40) NOT NULL,
  `last_name` varchar(40) NOT NULL,
  `age` int(10) unsigned DEFAULT NULL,
  `type` varchar(40) DEFAULT NULL,
  `card` int(11) DEFAULT NULL,
  `admin_id` int(11) DEFAULT NULL,
  `approved` bit(1) DEFAULT NULL,
  PRIMARY KEY (`user_id`),
  KEY `fk_App_user_school` (`school_id`),
  CONSTRAINT `fk_App_user_school` FOREIGN KEY (`school_id`) REFERENCES `School` (`school_id`) ON UPDATE CASCADE
) ENGINE=InnoDB AUTO_INCREMENT=157 DEFAULT CHARSET=utf8mb4 COLLATE=utf8mb4_general_ci;
/*!40101 SET character_set_client = @saved_cs_client */;

--
-- Dumping data for table `App_user`
--

LOCK TABLES `App_user` WRITE;
/*!40000 ALTER TABLE `App_user` DISABLE KEYS */;
INSERT INTO `App_user` VALUES (1,1,'Αυγουστίνα','Μπεκάκου',36,'Admin',NULL,NULL,_binary '\0'),(2,2,'Παναγιώτης','Αναστασάκης',45,'Admin',NULL,NULL,_binary ''),(3,3,'Λεονάρδος','Κωτσικόρης',41,'Admin',NULL,NULL,_binary '\0'),(4,4,'Νικολίτσα','Καλδή',53,'Admin',NULL,NULL,_binary ''),(5,3,'Γαβριήλ-Παναγιώτης','Σταματιάδης',57,'Καθηγητής',NULL,3,_binary '\0'),(6,3,'Γεώργιος-Αλέξανδρος','Προβής',12,'Μαθητής',NULL,3,_binary '\0'),(7,4,'Γιολάντα','Πατελλή',59,'Καθηγητής',NULL,4,_binary '\0'),(8,3,'Γενοβέφα','Λυρή',14,'Μαθητής',NULL,3,_binary '\0'),(9,2,'Ευρύκλεια','Σμιτ',17,'Μαθητής',66408764,2,_binary ''),(10,1,'Αντίγονος','Ανδρουλάκης',15,'Μαθητής',NULL,1,_binary '\0'),(11,1,'Κλεόπας','Δερμιτζάκης',12,'Μαθητής',NULL,1,_binary '\0'),(12,4,'Φρύνη','Σιόλου',15,'Μαθητής',NULL,4,_binary '\0'),(13,4,'Πολυχρόνιος','Στραβοσνίχης',10,'Μαθητής',NULL,4,_binary '\0'),(14,2,'Χαράλαμπος','Μανελίδης',17,'Μαθητής',22634658,2,_binary ''),(15,2,'Φωκίων','Ευστρατόπουλος',15,'Μαθητής',NULL,2,_binary '\0'),(16,4,'Νίκος','Βιλδός',14,'Μαθητής',NULL,4,_binary '\0'),(17,3,'Εριέτα','Ταμπορρίνο',13,'Μαθητής',NULL,3,_binary '\0'),(18,4,'Αγαπητός-Ευκλείδης','Φρογάκης',12,'Μαθητής',47552678,4,_binary ''),(19,2,'Σώζων-Ιωακείμ','Ψυχιάς',59,'Καθηγητής',NULL,2,_binary '\0'),(20,3,'Αγάθη','Φιδάνη',13,'Μαθητής',NULL,3,_binary '\0'),(21,2,'Άριστος','Ρήγας',16,'Μαθητής',24495533,2,_binary ''),(22,4,'Αύγουστος','Στραβοσνίχης',14,'Μαθητής',25285484,4,_binary ''),(23,2,'Λουδοβίκος','Φωτογλίδης',13,'Μαθητής',NULL,2,_binary '\0'),(24,1,'Σουλτάνα-Ιππολύτη','Χατζηχαρίστου',13,'Μαθητής',NULL,1,_binary '\0'),(25,2,'Χαρά-Ευανθία','Πορφυριάδου',14,'Μαθητής',NULL,2,_binary '\0'),(26,3,'Λαυρέντιος-Ανδρόνικος','Χριστακόπουλος',16,'Μαθητής',NULL,3,_binary '\0'),(27,4,'Σαλώμη','Λεντζίου',15,'Μαθητής',19629148,4,_binary ''),(28,2,'Θέμις','Μίχου',15,'Μαθητής',59902825,2,_binary ''),(29,3,'Μερκούριος','Ραγκούσης',13,'Μαθητής',NULL,3,_binary '\0'),(30,2,'Χιονιά','Γκούνη',15,'Μαθητής',10940773,2,_binary ''),(31,3,'Ισίδωρος','Βαρδάκης',16,'Μαθητής',NULL,3,_binary '\0'),(32,2,'Αχιλλέας','Γκαγκαουδάκης',15,'Μαθητής',81107153,2,_binary ''),(33,4,'Αγνή','Κατσαντώνη',39,'Καθηγητής',80133332,4,_binary ''),(34,1,'Αφέντρα','Νικολάτου',15,'Μαθητής',NULL,1,_binary '\0'),(35,2,'Αρχιμήδης','Νέλος',17,'Μαθητής',NULL,2,_binary '\0'),(36,2,'Περικλής-Σιρανούς','Κυπραίος',54,'Καθηγητής',18781801,2,_binary ''),(37,4,'Βησσαρία','Δρόσου',10,'Μαθητής',NULL,4,_binary '\0'),(38,4,'Βαλέρια','Ρέππα',11,'Μαθητής',92320687,4,_binary ''),(39,1,'Ευρύκλεια','Κοτρώτσου',13,'Μαθητής',NULL,1,_binary '\0'),(40,2,'Βαλάντης','Ζηματίκας',17,'Μαθητής',97442702,2,_binary ''),(41,4,'Γαλάτιος-Κλεομένης','Μόναχας',35,'Καθηγητής',38518570,4,_binary ''),(42,1,'Μιχαήλ','Κατεβάτης',11,'Μαθητής',NULL,1,_binary '\0'),(43,1,'Ευάγγελος','Τάσιος',46,'Καθηγητής',NULL,1,_binary '\0'),(44,4,'Μυρσίνη','Εμμανουήλ',52,'Καθηγητής',NULL,4,_binary '\0'),(45,3,'Φανουρία','Αγγελίδου',11,'Μαθητής',NULL,3,_binary '\0'),(46,4,'Σεβαστιανή','Γεωργή',12,'Μαθητής',NULL,4,_binary '\0'),(47,3,'Χριστοδούλα','Καλομοίρη',55,'Καθηγητής',NULL,3,_binary '\0'),(48,3,'Ελπίδα-Φιλιώ','Μπακοστεργίου',65,'Καθηγητής',NULL,3,_binary '\0'),(49,3,'Τριαντάφυλλος-Δημόκριτος','Αγγελής',14,'Μαθητής',NULL,3,_binary '\0'),(50,4,'Κυπαρισσία','Τσουνάκου',14,'Μαθητής',NULL,4,_binary '\0'),(51,2,'Μερκούριος','Κυριατσούλης',16,'Μαθητής',NULL,2,_binary '\0'),(52,1,'Μιχαήλ','Μπακοστεργίου',17,'Μαθητής',NULL,1,_binary '\0'),(53,1,'Αμφιθέα','Καλούδη',12,'Μαθητής',NULL,1,_binary '\0'),(54,1,'Παναγιώτης','Παπαροϊδάμης',16,'Μαθητής',NULL,1,_binary '\0'),(55,3,'Σουλτάνα','Αργυράκη',10,'Μαθητής',NULL,3,_binary '\0'),(56,3,'Αμβρόσιος','Μαυρουδής',15,'Μαθητής',NULL,3,_binary '\0'),(57,2,'Λυδία-Κομνηνή','Ιωακειμίδου',14,'Μαθητής',NULL,2,_binary '\0'),(58,4,'Βαρσάμος','Τολούδης',45,'Καθηγητής',34114274,4,_binary ''),(59,3,'Αύγουστος','Ταμιωλάκης',12,'Μαθητής',NULL,3,_binary '\0'),(60,1,'Μαρίνα-Αννίκα','Χονδρούδη',10,'Μαθητής',NULL,1,_binary '\0'),(61,4,'Φλώρα','Ευαγγελάκη',17,'Μαθητής',98227059,4,_binary ''),(62,3,'Κυριαζής','Χουλιάρας',41,'Καθηγητής',NULL,3,_binary '\0'),(63,4,'Ευπραξία','Λουμπούτσκου',14,'Μαθητής',28968540,4,_binary ''),(64,1,'Αντύπας','Τσακανίκας',12,'Μαθητής',NULL,1,_binary '\0'),(65,4,'Δημήτριος','Μοσχόπουλος',12,'Μαθητής',NULL,4,_binary '\0'),(66,4,'Ήρα','Κατσιγιάννη',17,'Μαθητής',NULL,4,_binary '\0'),(67,3,'Μικές','Καλιτσουνάκης',14,'Μαθητής',NULL,3,_binary '\0'),(68,2,'Φιλαρέτη','Παρασκευά',55,'Καθηγητής',NULL,2,_binary '\0'),(69,3,'Ιακωβίνα','Τρεντσίου',50,'Καθηγητής',NULL,3,_binary '\0'),(70,1,'Τρύφων','Κονδυλίδης',17,'Μαθητής',NULL,1,_binary '\0'),(71,3,'Παρασκευάς','Δίγκας',10,'Μαθητής',NULL,3,_binary '\0'),(72,3,'Ιάκωβος','Ντουλιάς',12,'Μαθητής',NULL,3,_binary '\0'),(73,2,'Φωτεινός-Θεοτόκης','Σταμόπουλος',18,'Μαθητής',NULL,2,_binary '\0'),(74,3,'Αντώνιος-Ηλίας','Γκιτσάκης',10,'Μαθητής',NULL,3,_binary '\0'),(75,2,'Λυγερή','Γιακαμόζη',13,'Μαθητής',27379076,2,_binary ''),(76,3,'Ιουλιανή','Φυτιλή',44,'Καθηγητής',NULL,3,_binary '\0'),(77,2,'Μάρκος','Πουλογιαννόπουλος',58,'Καθηγητής',35550042,2,_binary ''),(78,2,'Χάρις','Παπουδής',32,'Καθηγητής',47861321,2,_binary ''),(79,4,'Κυριάκος','Τυμβίου',60,'Καθηγητής',38068643,4,_binary ''),(80,1,'Ιάσων-Φρειδερίκος','Ζορμπάς',18,'Μαθητής',NULL,1,_binary '\0'),(81,3,'Παναγής','Χατζηγρηγοράκης',14,'Μαθητής',NULL,3,_binary '\0'),(82,3,'Κασσιανή','Αλεξανδράκη',18,'Μαθητής',NULL,3,_binary '\0'),(83,3,'Ευδοκία-Παντούλα','Τσακαλάκου',17,'Μαθητής',NULL,3,_binary '\0'),(84,2,'Κοραλία','Διοπούλου',58,'Καθηγητής',46068022,2,_binary ''),(85,1,'Σταύρος','Πάντος',45,'Καθηγητής',NULL,1,_binary '\0'),(86,1,'Γραμματική','Δημακογιάννη',15,'Μαθητής',NULL,1,_binary '\0'),(87,1,'Αννίκα','Σακκή',11,'Μαθητής',NULL,1,_binary '\0'),(88,4,'Τζανέτος','Τσέας',62,'Καθηγητής',79276391,4,_binary ''),(89,2,'Μένανδρος','Κωσταλής',16,'Μαθητής',81181172,2,_binary ''),(90,3,'Παυσανίας','Δουλάμης',18,'Μαθητής',NULL,3,_binary '\0'),(91,4,'Φίλιππος-Πύρρος','Πευκιανάκης',11,'Μαθητής',NULL,4,_binary '\0'),(92,4,'Σιρανούς','Κακοσαίος',15,'Μαθητής',NULL,4,_binary '\0'),(93,2,'Πασχάλης','Αναστασάκης',10,'Μαθητής',NULL,2,_binary '\0'),(94,1,'Θεοχάρης','Στεργιαλής',17,'Μαθητής',NULL,1,_binary '\0'),(95,1,'Κυδωνία','Κωστοπούλου',15,'Μαθητής',NULL,1,_binary '\0'),(96,3,'Ελένη-Σπυριδούλα','Μασίκα',12,'Μαθητής',NULL,3,_binary '\0'),(97,4,'Ευγενία','Παπατζήκα',18,'Μαθητής',NULL,4,_binary '\0'),(98,3,'Φώτιος','Καρτάς',10,'Μαθητής',NULL,3,_binary '\0'),(99,4,'Τριαντάφυλλη','Βαρθαλίτη',14,'Μαθητής',35200621,4,_binary ''),(100,4,'Χριστόφορος','Μαργαρώνης',65,'Καθηγητής',60368730,4,_binary ''),(101,1,'Χαρά','Κουτσούμπεη',17,'Μαθητής',NULL,1,_binary '\0'),(102,2,'Θεοδόσης','Καμποσάκης',33,'Καθηγητής',98406181,2,_binary ''),(103,3,'Βάιος','Μπαλάσκας',11,'Μαθητής',NULL,3,_binary '\0'),(104,1,'Ευθύμιος','Τερζίδης',16,'Μαθητής',NULL,1,_binary '\0'),(105,3,'Μιλτιάδης','Μποζίκης',15,'Μαθητής',NULL,3,_binary '\0'),(106,3,'Τριαντάφυλλος','Ευαγγελάτος',13,'Μαθητής',NULL,3,_binary '\0'),(107,3,'Εμμανουέλα','Μεξή',39,'Καθηγητής',NULL,3,_binary '\0'),(108,1,'Ανθούλης','Κιτινός',17,'Μαθητής',NULL,1,_binary '\0'),(109,4,'Ευτέρπη','Εμμανουηλίδου',40,'Καθηγητής',NULL,4,_binary '\0'),(110,3,'Λυκούργος','Σφούνης',42,'Καθηγητής',NULL,3,_binary '\0'),(111,2,'Πέτρα','Σάουερ',37,'Καθηγητής',55196317,2,_binary ''),(112,4,'Δημήτριος','Πετριτάκης',16,'Μαθητής',83482582,4,_binary ''),(113,4,'Βενέτιος-Γαλάτιος','Γιαννόπουλος',14,'Μαθητής',NULL,4,_binary '\0'),(114,3,'Διονύσιος','Μπραζιώτης',14,'Μαθητής',NULL,3,_binary '\0'),(115,2,'Χριστοδούλα-Ματίνα','Χατζή',16,'Μαθητής',40559822,2,_binary ''),(116,3,'Αρχιμήδης','Κλήμης',56,'Καθηγητής',NULL,3,_binary '\0'),(117,3,'Ζηνοβία','Μπενέτου',11,'Μαθητής',NULL,3,_binary '\0'),(118,4,'Ευτέρπη','Τσιούπρα',14,'Μαθητής',NULL,4,_binary '\0'),(119,3,'Λαέρτης','Βανδώρος',16,'Μαθητής',NULL,3,_binary '\0'),(120,3,'Γαβριήλ-Χρυσοβαλάντιος','Καλαργυρός',60,'Καθηγητής',NULL,3,_binary '\0'),(121,1,'Ελεονόρα','Κυρίτση',16,'Μαθητής',NULL,1,_binary '\0'),(122,4,'Ευφροσύνη','Παυλή',10,'Μαθητής',40292506,4,_binary ''),(123,3,'Αυγή','Μπαφίτη',17,'Μαθητής',NULL,3,_binary '\0'),(124,2,'Ευδόξιος','Ράλλης',51,'Καθηγητής',27292438,2,_binary ''),(125,3,'Σιρανούς','Λάππας',60,'Καθηγητής',NULL,3,_binary '\0'),(126,1,'Αμφιθέα-Αστέρω','Σαλέμη',16,'Μαθητής',NULL,1,_binary '\0'),(127,2,'Σαββούλα','Κατσούλα',17,'Μαθητής',65815790,2,_binary ''),(128,1,'Μιχαέλα','Βράσκου',18,'Μαθητής',NULL,1,_binary '\0'),(129,1,'Γρηγόριος','Περπινιάς',10,'Μαθητής',NULL,1,_binary '\0'),(130,1,'Πίνδαρος','Βουτσάς',39,'Καθηγητής',NULL,1,_binary '\0'),(131,4,'Τρυφωνία','Βαλεντή',12,'Μαθητής',27422612,4,_binary ''),(132,2,'Πέτρα','Βαζούρα',11,'Μαθητής',74358889,2,_binary ''),(133,4,'Μαριγώ-Ζαμπία','Βαρελίδου',15,'Μαθητής',NULL,4,_binary '\0'),(134,2,'Σώζων-Βαρσάμος','Κολοβός',52,'Καθηγητής',65662868,2,_binary ''),(135,1,'Νερατζιά','Βαμβουκάκη',17,'Μαθητής',NULL,1,_binary '\0'),(136,2,'Ραχήλ-Βλάσιος','Νασίκας',15,'Μαθητής',15701912,2,_binary ''),(137,2,'Άλκηστις','Δούβαλη',11,'Μαθητής',46134064,2,_binary ''),(138,3,'Παρθένα','Τρεντσίου',14,'Μαθητής',NULL,3,_binary '\0'),(139,2,'Πύρρος','Παναγιωτακόπουλος',18,'Μαθητής',NULL,2,_binary '\0'),(140,3,'Μαλαματένια','Κυριακούλη',13,'Μαθητής',NULL,3,_binary '\0'),(141,2,'Χρήστος','Κιτινός',54,'Καθηγητής',33463222,2,_binary ''),(142,2,'Ρωμανός','Δημησκής',12,'Μαθητής',60933926,2,_binary ''),(143,2,'Αρχιμήδης','Αποστολόπουλος',17,'Μαθητής',NULL,2,_binary '\0'),(144,4,'Ραχήλ','Μαρακάς',42,'Καθηγητής',NULL,4,_binary '\0'),(145,4,'Μελένια-Θεοφύλακτη','Μπακουλή',11,'Μαθητής',14562813,4,_binary ''),(146,1,'Στέργιος-Παντελής','Θεοδωρόπουλος',36,'Καθηγητής',NULL,1,_binary '\0'),(147,3,'Ευστάθιος','Βάσσης',15,'Μαθητής',NULL,3,_binary '\0'),(148,3,'Λυδία-Αλεξία','Κουτσιουμάρη',27,'Καθηγητής',NULL,3,_binary '\0'),(149,4,'Παύλος-Ασκληπιός','Δακαναλής',18,'Μαθητής',33646033,4,_binary ''),(150,2,'Ροδόφλος','Ορφανάκης',46,'Καθηγητής',NULL,2,_binary '\0'),(151,2,'Φιλιππία','Δαγλή',10,'Μαθητής',53530946,2,_binary ''),(152,1,'Μαρίνα','Ντανώλα',17,'Μαθητής',NULL,1,_binary '\0'),(153,1,'Φιλιώ','Σκρεμμύδα',10,'Μαθητής',NULL,1,_binary '\0'),(154,4,'Υβόννη','Κυργιά',14,'Μαθητής',NULL,4,_binary '\0'),(155,NULL,'Eren','Yeager',42,'Main_Admin',NULL,NULL,_binary ''),(156,2,'yolo','volo',18,'Μαθητής',NULL,2,_binary '\0');
/*!40000 ALTER TABLE `App_user` ENABLE KEYS */;
UNLOCK TABLES;

--
-- Table structure for table `Authentication`
--

DROP TABLE IF EXISTS `Authentication`;
/*!40101 SET @saved_cs_client     = @@character_set_client */;
/*!50503 SET character_set_client = utf8mb4 */;
CREATE TABLE `Authentication` (
  `auth_id` int(11) NOT NULL AUTO_INCREMENT,
  `user_id` int(11) DEFAULT NULL,
  `username` varchar(40) NOT NULL,
  `password` varchar(40) NOT NULL,
  PRIMARY KEY (`auth_id`),
  UNIQUE KEY `username` (`username`),
  KEY `fk_Authentication_App_user` (`user_id`),
  CONSTRAINT `fk_Authentication_App_user` FOREIGN KEY (`user_id`) REFERENCES `App_user` (`user_id`) ON DELETE CASCADE ON UPDATE CASCADE
) ENGINE=InnoDB AUTO_INCREMENT=157 DEFAULT CHARSET=utf8mb4 COLLATE=utf8mb4_general_ci;
/*!40101 SET character_set_client = @saved_cs_client */;

--
-- Dumping data for table `Authentication`
--

LOCK TABLES `Authentication` WRITE;
/*!40000 ALTER TABLE `Authentication` DISABLE KEYS */;
INSERT INTO `Authentication` VALUES (1,1,'thalis.drakaki','%)E7RmM$zl'),(2,10,'mitridis.eupraxia','MQKyqij_#1'),(3,11,'etsiaras','$@OQSqvP!3'),(4,24,'themistokleia.moraitis','e9TfxgcS^h'),(5,34,'dimitropoulos.polydora','a441W+#r*j'),(6,39,'rafail.patmanidis','n1Dp$gN7%s'),(7,42,'vasiliki.tzinieris','58C$NuRG%1'),(8,43,'apostolia68','_1eXWgDI7B'),(9,52,'sokratis45','95Y(YZpb!x'),(10,53,'symela37','hs^&E5Ewe&'),(11,54,'ntanola.veronika','a(d#e4WcUt'),(12,60,'mpekakou.apostolia','*r7ZEzT*m6'),(13,64,'kyritsis.augeris','@_2NSYjE)&'),(14,70,'bmantzoros','N+h_h8Cn%y'),(15,80,'chari.karampina','un(P4KrsBK'),(16,85,'mauromanolakis.themis','Nq^H3IjF+Q'),(17,86,'theofylakti29',')4mUJ&ShK&'),(18,87,'qvorlokas','+FD7XpJ+!o'),(19,94,'akoronidou','9fu_6RHO9#'),(20,95,'ualexandraki','PhA(3C$yFU'),(21,101,'gvasileiou','yIRAkOtO(4'),(22,104,'aristomenis.panopoulou','08k9Oy*K)S'),(23,108,'badamopoulou','#3BxPHfaX3'),(24,121,'zampeta.dardioti',')tySDzNt0P'),(25,126,'echorianopoulou','+0QjUFzXiu'),(26,128,'zmaniati','s0xA@)Dy@A'),(27,129,'apostolia12','!0U%dR+y**'),(28,130,'fasouli.rafail','#vLGXymon2'),(29,135,'mitsou.paschalis','G*_B2SjTa5'),(30,146,'tsopanidis.laskarina','U5nPbjf%(T'),(31,152,'timoleon13','3XzoOhN*@2'),(32,153,'tsentouros.iraklis','x0iAy+Yk)s'),(33,2,'a','a'),(34,9,'kpolychronis','dK4Ecj9f#X'),(35,14,'hkaneli','$601RbS4l('),(36,15,'meletios.nitsotolis','@OK^pVJj*0'),(37,19,'aglaia39','^XnGKygrC4'),(38,21,'prodromia.douloufaki','vd3veN5rS+'),(39,23,'timoleon.giannakitsas','*F^X)YDeS1'),(40,25,'lito.karyda','MSC2nl%a&0'),(41,28,'c','c'),(42,30,'atziavas','Jo3Wn7TK*@'),(43,32,'vchondroudi','_$6R0fvxq$'),(44,35,'mmpalli','a7BAzZwt&@'),(45,36,'mkargakou','PM2JBQg9M)'),(46,40,'moschopoulos.charis','B65TMIdH*)'),(47,51,'polychronis.theofilos','!9m&8MZbs9'),(48,57,'christina58','(3WEcEu0$7'),(49,68,'chrysovalanto.zeugitis','(CH5e1OoMa'),(50,73,'kchrysafi','^CuJhEa&47'),(51,75,'lfronimaki','L_3daDKw9c'),(52,77,'kotoulas.aimilianos','+^Qx)jGH5$'),(53,78,'virginia.dermitzakis','XId(0IrYaN'),(54,84,'faidra.giannes','))TuAqpv4K'),(55,89,'kesisi.markos','xkpq8OiG&R'),(56,93,'gstergialis','u4Xja0)6+v'),(57,102,'paris79','6+6XCBS79c'),(58,111,'meropi13','_0BgpEaGNQ'),(59,115,'adamantia06','De8WODrC%X'),(60,124,'michalis92','_#r8RZin&j'),(61,127,'rigoula04','WGRLljI4#9'),(62,132,'vlachonikoleas.roza','M&4Z7zdN$P'),(63,134,'andronikos65','%!KawSOi8G'),(64,136,'ino62','KF60BzoZg&'),(65,137,'provis.solon','d*i0CQkE)N'),(66,139,'alexia.koumara','^HVD&Ga795'),(67,141,'logothetis.christopoulos','#K7S&@bb@!'),(68,142,'faidon.piskopani','&2Diblf+3D'),(69,143,'maura.kaliampos','*6&Fym(jPg'),(70,150,'nikoloudaki.poulcheria','Xv!@5Zjwe1'),(71,151,'tstamatoukou','@e4A#$fk12'),(72,3,'adamantios.droulias','!57Lb9j7Gv'),(73,5,'roupakas.vrasidas','_L9ZEuuKDc'),(74,6,'xreppa','cz47_zVC6#'),(75,8,'lmaurommatis','VA$_8pDrg1'),(76,17,'archaulis.zisoula','CR6LDayKk#'),(77,20,'jktenidis','G66$GUxF$V'),(78,26,'drosos55','UHv%2+Lyg@'),(79,29,'preka.theodora','x$5Vq375$P'),(80,31,'lazaros.perakis','44A_fz%x%1'),(81,45,'mauroeidakos.stamatios','Kb$UY0JfaR'),(82,47,'katsaros.chaido',')&5OLayi#x'),(83,48,'fmengk','^9UAHyZqC@'),(84,49,'sevasti.tzinieris','mx0Qv6vV+$'),(85,55,'lazaria.stauridou','lf*NUK_q(3'),(86,56,'athinodora33','$y0^xO#tG%'),(87,59,'doukatzis.antonia','(9TdyPd&6%'),(88,62,'ukarampina','9M#0^Ia#uZ'),(89,67,'bsiouta','2*7OFdnG#D'),(90,69,'tufanti','j$7erWoqgn'),(91,71,'qvakalis','^%VYg7oaw9'),(92,72,'ptheodosiou','cG@v0LuLcP'),(93,74,'isavella26','@aM6He%Fj4'),(94,76,'lydia97','pKb25Qp&(Q'),(95,81,'patelli.minoas',')9OgIj2$37'),(96,82,'polykratis56','(qQ4HFDgVz'),(97,83,'sofoklis.triantakonstantis','u1_)h3Oo&R'),(98,90,'ftzouvelis','^qD67gxHI8'),(99,96,'themistokleia.grevenaris','1q69KO^y*)'),(100,98,'eustratia58','r3!Y(ZkT^8'),(101,103,'yvoulgaridou','LEPXaa7D_1'),(102,105,'prodromia93','epNlTg$n^2'),(103,106,'eutychia.androulidakis','$JS9W3AfV4'),(104,107,'metaxia73','7bQhhF3g^I'),(105,110,'alkistis73',')NZL%zhp0B'),(106,114,'markos38','jntCGa1a#0'),(107,116,'asimis92','*H9EKTzh3D'),(108,117,'andrikopoulos.kleio','9hy)7KxK1U'),(109,119,'lagopatis.fragkiskos','*8)4wS^bHU'),(110,120,'voukas.damiani','!1vMA!o*Wf'),(111,123,'eusevia.sempepou','aL^oQ3Lm&i'),(112,125,'douloufaki.chloi','D_7AE&ztRw'),(113,138,'aimilios21','lr(2Q1Dy^@'),(114,140,'violeta19','wb7HaAeS%)'),(115,147,'echatzisavvidis','Y7aM34Nv)K'),(116,148,'lytra.antipatros','ZP9C4Tsnw_'),(117,4,'b','b'),(118,7,'rtarnaris','izTvy9H9@9'),(119,12,'orfanakis.afentra','dq6CsGm3g#'),(120,13,'vasileios.orfanakis','0ukFpjma!V'),(121,16,'kchristopoulos','4+M9@YPk&F'),(122,18,'alkiviadis.ananiadou','%SWLsqvFp2'),(123,22,'kleomenis74','7*ND0UBvEN'),(124,27,'foivi01','_oKhYHEAi2'),(125,33,'auxentios.polatidou','%8DGD1lQVr'),(126,37,'stamatis.fytili','O%QP0YZetG'),(127,38,'orfeas.zidianakis','O0JmMMWo%)'),(128,41,'sapfo30','o5qCIx+w#J'),(129,44,'petsi.symela','r7e9LZbiJ&'),(130,46,'paraskeuas70','6dg5qN5b%G'),(131,50,'vairamidou.anthi','%Ncti7MoP6'),(132,58,'sarri.sotiris','*9XVvzAG(v'),(133,61,'kmakariadis','#qIKgsJh!4'),(134,63,'malysandratou','*LkM3FQjG7'),(135,65,'eupraxia54','+Nt9&TEe0y'),(136,66,'veroniki.petropoulos','$6VfXHgIcP'),(137,79,'csevastou',')1*MPgxkB!'),(138,88,'vlachou.emmanouil','Bo6ZTBik^2'),(139,91,'klearchos98','JIk7Xxo)+z'),(140,92,'christos.fragkiadaki','w%7HJtAMa)'),(141,97,'samouil47','05wRkDd5)4'),(142,99,'kalliniki59','QbOU0viS&9'),(143,100,'miltiadis17','&qDpn7qY0_'),(144,109,'koronidou.dikaios','Lm(1!Bvx%c'),(145,112,'benotiadi','o$5kiQ5eaq'),(146,113,'dionysia49','!#!EwqEJN9'),(147,118,'ektoras63','^9DY6t808D'),(148,122,'eutychios.karatzikos','@2Uy$BYJ&d'),(149,131,'d','d'),(150,133,'koralia.symeonidou','Zp_9mAr2^_'),(151,144,'elessa.kafantaris','3dPvZy@K_y'),(152,145,'e','e'),(153,149,'tsonis.aggelis','Ok6S6!Yj_l'),(154,154,'manos.uakinthos','HC+g8vPw&3'),(155,155,'test','test'),(156,156,'yolo','yolo');
/*!40000 ALTER TABLE `Authentication` ENABLE KEYS */;
UNLOCK TABLES;

--
-- Table structure for table `Authors`
--

DROP TABLE IF EXISTS `Authors`;
/*!40101 SET @saved_cs_client     = @@character_set_client */;
/*!50503 SET character_set_client = utf8mb4 */;
CREATE TABLE `Authors` (
  `author_id` int(11) NOT NULL AUTO_INCREMENT,
  `isbn` int(11) DEFAULT NULL,
  `first_name` varchar(40) DEFAULT NULL,
  `last_name` varchar(40) DEFAULT NULL,
  PRIMARY KEY (`author_id`),
  UNIQUE KEY `unique_book_author` (`isbn`,`first_name`,`last_name`),
  CONSTRAINT `fk_Authors_Books` FOREIGN KEY (`isbn`) REFERENCES `Books` (`isbn`) ON DELETE CASCADE ON UPDATE CASCADE
) ENGINE=InnoDB AUTO_INCREMENT=320 DEFAULT CHARSET=utf8mb4 COLLATE=utf8mb4_general_ci;
/*!40101 SET character_set_client = @saved_cs_client */;

--
-- Dumping data for table `Authors`
--

LOCK TABLES `Authors` WRITE;
/*!40000 ALTER TABLE `Authors` DISABLE KEYS */;
INSERT INTO `Authors` VALUES (262,376045,'George','R.'),(223,6412732,'Johann','Wolfgang'),(318,6446293,'Lev','Nikolaevič'),(134,6598982,'John','Neill'),(135,6598982,'John','R.'),(133,6598982,'L.','Frank'),(172,6628780,'Henry','James'),(187,6654848,'Dorothy','L.'),(42,6904903,'Jules','Verne'),(50,6947922,'H.','G.'),(30,7003374,'H.','G.'),(215,7033136,'James','Fenimore'),(36,7038266,'H.','G.'),(166,7051625,'Edith','Wharton'),(204,7053993,'John','Kendrick'),(279,7060579,'Louisa','May'),(147,7069564,'Classic','Books'),(149,7069564,'John','Neill'),(145,7069564,'L.','Frank'),(148,7069564,'Russell','Lee'),(146,7069564,'Taylor','Anderson'),(27,7075358,'Bram','Stoker'),(104,7077661,'Alexa','RACHAEL'),(103,7077661,'JOHN.','R'),(101,7077661,'L.','Frank'),(102,7077661,'Thomas','Langois'),(160,7083362,'F.','Scott'),(2,7092075,'Mary','Wollstonecraft'),(143,7101555,'John','R.'),(142,7101555,'L.','Frank'),(144,7101555,'Ravell',''),(176,7103730,'John','Milton'),(132,7108332,'John','Rea'),(131,7108332,'L.','Frank'),(180,7128457,'Arthur','Conan'),(191,7133229,'John','Buchan'),(278,7157657,'Charles','Dickens'),(175,7170239,'Elizabeth','Cleghorn'),(20,7170815,'Aldrin','Alexander'),(15,7170815,'Alejandro','lucas'),(17,7170815,'alejandro','sanchez'),(25,7170815,'Andronum',''),(11,7170815,'Benjamin','Lacombe'),(12,7170815,'David','Guerra'),(14,7170815,'Ezio','Sposato'),(16,7170815,'federico','alonso'),(22,7170815,'Guy','Wolek'),(6,7170815,'J.','T.'),(8,7170815,'Jenny','Sánchez'),(5,7170815,'Kenneth','Grahame'),(3,7170815,'L.','Frank'),(21,7170815,'leonardo','pablo'),(18,7170815,'matias','sanchez'),(9,7170815,'Michael','Foreman'),(19,7170815,'Michael','Marrone'),(23,7170815,'Miles','Kelly'),(13,7170815,'pablo','perez'),(7,7170815,'Pablo','Pino'),(24,7170815,'Paper','Mill'),(4,7170815,'R.','D.'),(10,7170815,'Sébastien','Perez'),(251,7204936,'Robert','Michael'),(157,7215847,'Edith','Wharton'),(40,7219307,'D.','D.'),(39,7219307,'H.','G.'),(201,7233294,'Camille','de'),(200,7233294,'Wilkie','Collins'),(195,7241634,'Edgar','Wallace'),(150,7245993,'Jane','Austen'),(35,7251393,'Joseph','Conrad'),(84,7353846,'Edith','Nesbit'),(198,8833344,'Agatha','Christie'),(241,8840196,'J.','K.'),(261,9119922,'Scott','O\'Dell'),(178,9134511,'Gabriel','García'),(194,9631034,'Earl','Derr'),(196,11418883,'Mary','Roberts'),(240,13127428,'J.','K.'),(216,13983741,'William','Shakespeare'),(45,14014470,'D.','D.'),(44,14014470,'H.','G.'),(46,14014470,'Ravell',''),(183,14021636,'Gilbert','Keith'),(159,14048584,'David','Herbert'),(170,15015171,'Agatha','Christie'),(246,16766351,'Maurice','Sendak'),(248,16766351,'Richard','La'),(247,16766351,'Tom','Hollander'),(161,18340958,'Joseph','Conrad'),(82,19484675,'William','Shakespeare'),(227,21704545,'Edith','Nesbit'),(141,22489412,'Edith','Nesbit'),(243,22735148,'Philip','Pullman'),(126,22856696,'J','K'),(125,22856696,'J.','K.'),(164,22876225,'Lev','Nikolaevič'),(130,22879417,'Edith','Nesbit'),(256,23076784,'Tohru','Fujisawa'),(258,23076784,'Tôru','Fujisawa'),(174,23301237,'Murasaki','Shikibu'),(128,23330498,'Jenny','S.anchez'),(129,23330498,'John','R.'),(127,23330498,'L.','Frank'),(213,23330725,'William','Shakespeare'),(38,23365952,'Gilbert','Keith'),(173,23402697,'Joseph','Conrad'),(237,24144374,'Daniel','Defoe'),(267,24232416,'Andrew','Donkin'),(266,24232416,'Eoin','Colfer'),(268,24232416,'Giovanni','Rigano'),(33,24245739,'Jules','Verne'),(111,24328342,'Antoine','de'),(31,24331810,'H.','G.'),(209,24349980,'William','Shakespeare'),(210,24364628,'Charles','Dickens'),(181,24573990,'Charles','Dickens'),(182,24573990,'Thomas','Power'),(168,24623528,'Stendhal',''),(212,24872302,'Όμηρος',''),(226,24996307,'William','Shakespeare'),(311,25098005,'Mark','Twain'),(254,25440547,'Suzanne','Collins'),(114,25476222,'Jenny','Sánchez'),(113,25476222,'John','Neill'),(112,25476222,'L.','Frank'),(115,25476222,'Thomas','Langois'),(110,25515443,'Alexa','RACHAEL'),(106,25515443,'Erin','Yuen'),(108,25515443,'John','R.'),(109,25515443,'JOHN.','R'),(105,25515443,'L.','Frank'),(107,25515443,'Taylor','Anderson'),(231,25516485,'Edith','Wharton'),(34,25538028,'Edwin','Abbott'),(100,26278092,'Edith','Nesbit'),(264,26336926,'Beverly','Cleary'),(171,26379521,'Agatha','Christie'),(249,26425330,'George','R.'),(228,26468884,'William','Shakespeare'),(99,27009189,'Carlo','Collodi'),(250,27064170,'Suzanne','Collins'),(192,27889661,'Wilkie','Collins'),(116,28345239,'J.R.R.','Tolkien'),(28,28390491,'Aldous','Huxley'),(177,28751751,'Stephenie','Meyer'),(217,32232086,'William','Shakespeare'),(221,32263909,'William','Shakespeare'),(242,32775849,'C.','S.'),(206,33041314,'Edgar','Wallace'),(229,33152400,'James','Fenimore'),(190,33170500,'John','Buchan'),(88,33202830,'Arthur','Hughes'),(91,33202830,'Cecilia','Dart-Thornton'),(87,33202830,'George','MacDonald'),(89,33202830,'Jeri','Massi'),(90,33202830,'Jessie','Willcox'),(96,33202830,'Joseph','Delaney'),(86,33202830,'Paul','Rosner'),(95,33202830,'Publishers','of'),(94,33202830,'Tao','Editorial'),(92,33202830,'The','Princess'),(313,34843449,'Austin','Warren'),(312,34843449,'Nathanial','Hawthorne'),(179,35268128,'Arthur','Conan'),(163,36636484,'Wilkie','Collins'),(156,36648295,'Jane','Austen'),(29,37824533,'George','Orwell'),(83,37826838,'Niccolò','Machiavelli'),(154,39221187,'Crystal','S.'),(153,39221187,'Jane','Austen'),(155,39221187,'Po','Tse'),(152,39222415,'Emily','Brontë'),(1,39222545,'Lewis','Carroll'),(245,39475933,'Suzanne','Collins'),(253,39479436,'Michael','Crichton'),(271,39801859,'Bible',''),(169,39804749,'Boris','Leonidovich'),(309,39806678,'Voltaire',''),(277,39826520,'Charles','Dickens'),(162,40216061,'Thomas','Hardy'),(193,40281030,'Agatha','Christie'),(255,42344729,'Rick','Riordan'),(263,42347879,'Rick','Riordan'),(26,43177171,'Arthur','Conan'),(219,44094098,'Charles','Dickens'),(197,46524697,'Agatha','Christie'),(280,46835116,'Charles','Dickens'),(48,46927866,'Quim','Monzó'),(47,46927866,'Ray','Bradbury');
/*!40000 ALTER TABLE `Authors` ENABLE KEYS */;
UNLOCK TABLES;

--
-- Table structure for table `Books`
--

DROP TABLE IF EXISTS `Books`;
/*!40101 SET @saved_cs_client     = @@character_set_client */;
/*!50503 SET character_set_client = utf8mb4 */;
CREATE TABLE `Books` (
  `isbn` int(11) NOT NULL,
  `page_count` int(10) unsigned DEFAULT NULL,
  `publisher` varchar(40) DEFAULT NULL,
  `title` varchar(40) NOT NULL,
  `summary` varchar(700) DEFAULT NULL,
  `cover_path` varchar(70) DEFAULT NULL,
  `m_cover_path` varchar(70) DEFAULT NULL,
  PRIMARY KEY (`isbn`)
) ENGINE=InnoDB DEFAULT CHARSET=utf8mb4 COLLATE=utf8mb4_general_ci;
/*!40101 SET character_set_client = @saved_cs_client */;

--
-- Dumping data for table `Books`
--

LOCK TABLES `Books` WRITE;
/*!40000 ALTER TABLE `Books` DISABLE KEYS */;
INSERT INTO `Books` VALUES (376045,761,'Bantam Books','A Clash of Kings','no description found','https://covers.openlibrary.org/b/OLID/OL9213873M-S.jpg','https://covers.openlibrary.org/b/OLID/OL9213873M-M.jpg'),(6412732,432,'A.L. Burt','Faust.','no description found','https://covers.openlibrary.org/b/OLID/OL24206900M-S.jpg','https://covers.openlibrary.org/b/OLID/OL24206900M-M.jpg'),(6446293,325,'Hachette et cie.','La guerre et la paix','War and Peace delineates in graphic detail events surrounding the French invasion of Russia, and the impact of the Napoleonic era on Tsarist society, as seen through the eyes of five Russian aristocratic families.\r\nThe novel begins in the year 1805 during the reign of Tsar Alexander I and leads up to the 1812 French invasion of Russia by Napoleon. The era of Catherine the Great (1762–1796), when the royal court in Paris was the centre of western European civilization,[16] is still fresh in the minds of older people. Catherine, fluent in French and wishing to reshape Russia into a great European nation, made French the language of her royal court. For the next one hundred years, it became a ','https://covers.openlibrary.org/b/OLID/OL14047767M-S.jpg','https://covers.openlibrary.org/b/OLID/OL14047767M-M.jpg'),(6598982,312,'Reilly & Lee Co.','The  lost princess of Oz','When Princess Ozma and all the magic of the Land of Oz are mysteriously stolen away, Dorothy and the other residents of Oz are determined to find their missing ruler and the thief responsible for her disappearance.','https://covers.openlibrary.org/b/OLID/OL3584291M-S.jpg','https://covers.openlibrary.org/b/OLID/OL3584291M-M.jpg'),(6628780,520,'Houghton, Mifflin and company','The portrait of a lady','Een rijke Amerikaanse jonge vrouw met een sterke drang naar onafhankelijkheid blijft, ondanks alles wat ze in de loop van haar huwelijk over hem te weten komt, haar onbekrompen maar oppervlakkige echtgenoot trouw.','https://covers.openlibrary.org/b/OLID/OL7144128M-S.jpg','https://covers.openlibrary.org/b/OLID/OL7144128M-M.jpg'),(6654848,278,'Boni and Liveright','Whose body ?','no description found','https://covers.openlibrary.org/b/OLID/OL21446652M-S.jpg','https://covers.openlibrary.org/b/OLID/OL21446652M-M.jpg'),(6904903,305,'Scribner, Armstrong & co.','A journey to the centre of the earth.','Three explorers descend to the center of the earth, where they encounter tumultuous storms, wild prehistoric animals, and fierce cavemen.','https://covers.openlibrary.org/b/OLID/OL7027686M-S.jpg','https://covers.openlibrary.org/b/OLID/OL7027686M-M.jpg'),(6947922,342,'G. Newnes, limited','The first men in the moon','When penniless businessman Mr Bedford retreats to the Kent coast to write a play, he meets by chance the brilliant Dr Cavor, an absent-minded scientist on the brink of developing a material that blocks gravity. Cavor soon succeeds in his experiments, only to tell a stunned Bedford the invention makes possible one of the oldest dreams of humanity: a journey to the moon. With Bedford motivated by money, and Cavor by the desire for knowledge, the two embark on the expedition. But neither are prepared for what they find - a world of freezing nights, boiling days and sinister alien life, on which they may be trapped forever.','https://covers.openlibrary.org/b/OLID/OL14876093M-S.jpg','https://covers.openlibrary.org/b/OLID/OL14876093M-M.jpg'),(7003374,290,'Harper & Brothers','The war of the worlds','The ultimate science fiction classic: for more than one hundred years, this compelling tale of the Martian invasion of Earth has enthralled readers with a combination of imagination and incisive commentary on the imbalance of power that continues to be relevant today. The style is revolutionary for its era, employing a sophisticated first and third person account of the events which is both personal and focused on the holistic downfall of Earth\'s society. The Martians, as evil, mechanical and unknown a threat they are, remain daunting in today\'s society, where, despite technology\'s mammoth advances, humanity\'s hegemony over Earth is yet to be called into question. In Well\'s introduction to ','https://covers.openlibrary.org/b/OLID/OL9236546M-S.jpg','https://covers.openlibrary.org/b/OLID/OL9236546M-M.jpg'),(7033136,145,'John W. Lovell','The last of the Mohicans','no description found','https://covers.openlibrary.org/b/OLID/OL7165874M-S.jpg','https://covers.openlibrary.org/b/OLID/OL7165874M-M.jpg'),(7038266,147,'Stone & Kimball','The island of Doctor Moreau','See work: https://openlibrary.org/works/OL15308975W','https://covers.openlibrary.org/b/OLID/OL21274055M-S.jpg','https://covers.openlibrary.org/b/OLID/OL21274055M-M.jpg'),(7051625,477,'Grosset & Dunlap','The Age of Innocence','Edith Wharton\'s most famous novel, written immediately after the end of the First World War, is a brilliantly realized anatomy of New York society in the 1870s, the world in which she grew up, and from which she spent her life escaping. Newland Archer, Wharton\'s protagonist, charming, tactful, enlightened, is a thorough product of this society; he accepts its standards and abides by its rules but he also recognizes its limitations. His engagement to the impeccable May Welland assures him of a safe and conventional future, until the arrival of May\'s cousin Ellen Olenska puts all his plans in jeopardy. Independent, free-thinking, scandalously separated from her husband, Ellen forces Archer to','https://covers.openlibrary.org/b/OLID/OL6628697M-S.jpg','https://covers.openlibrary.org/b/OLID/OL6628697M-M.jpg'),(7053993,251,'Arthur F. Bird','R. Holmes & Co.','The son of Sherlock Holmes (who also happens to also be the grandson of thief A. J. Raffles) decides to have his own adventures published. Upon selecting the man who will chronicle his life (much as Watson did for Holmes), we get the tale Raffles\' astonishing origin, followed by an exciting series of adventures involving burglary, extortion, armed robbery, and more-with Raffles treading the fine line (and often slipping off) between good and evil, as the conflicting heritage of his sire and grandsire battle for dominance!','https://covers.openlibrary.org/b/OLID/OL7164741M-S.jpg','https://covers.openlibrary.org/b/OLID/OL7164741M-M.jpg'),(7060579,379,'Roberts Brothers','Little Women','Chronicles the joys and sorrows of the four March sisters as they grow into young ladies in nineteenth-century New England.','https://covers.openlibrary.org/b/OLID/OL24620928M-S.jpg','https://covers.openlibrary.org/b/OLID/OL24620928M-M.jpg'),(7069564,288,'Reilly & Lee','The Scarecrow of Oz','The adventures of Trot and Cap\'n Bill take them to Oz where they help solve the problem of Pom, whose truelove\'s heart has been turned to ice by witches.','https://covers.openlibrary.org/b/OLID/OL1018771M-S.jpg','https://covers.openlibrary.org/b/OLID/OL1018771M-M.jpg'),(7075358,354,'Grosset & Dunlap','Dracula','It tells the story of Dracula\'s attempt to move from Transylvania to England so he may find new blood and spread undead curse, and the battle between Dracula and a small group of men and women led by Professor Abraham Van Helsing.','https://covers.openlibrary.org/b/OLID/OL7075358M-S.jpg','https://covers.openlibrary.org/b/OLID/OL7075358M-M.jpg'),(7077661,374,'Reilly & Lee','The  Land of Oz','Tip and his creation, Jack Pumpkin, run away to Oz, where they save the city after it is captured by girls.','https://covers.openlibrary.org/b/OLID/OL7244470M-S.jpg','https://covers.openlibrary.org/b/OLID/OL7244470M-M.jpg'),(7083362,536,'Charles Scribner\'s sons','This side of paradise','no description found','https://covers.openlibrary.org/b/OLID/OL7230180M-S.jpg','https://covers.openlibrary.org/b/OLID/OL7230180M-M.jpg'),(7092075,202,'H. Colburn and R. Bentley','Frankenstein, Or, The Modern Prometheus','*Frankenstein; or, The Modern Prometheus* is an 1818 novel written by English author Mary Shelley. Frankenstein tells the story of Victor Frankenstein, a young scientist who creates a sapient creature in an unorthodox scientific experiment. Shelley started writing the story when she was 18, and the first edition was published anonymously in London on 1 January 1818, when she was 20. Her name first appeared in the second edition, which was published in Paris in 1821.','https://covers.openlibrary.org/b/OLID/OL7092075M-S.jpg','https://covers.openlibrary.org/b/OLID/OL7092075M-M.jpg'),(7101555,250,'Reilly & Britton','The  sea fairies','no description found','https://covers.openlibrary.org/b/OLID/OL9337825M-S.jpg','https://covers.openlibrary.org/b/OLID/OL9337825M-M.jpg'),(7103730,566,'n','Comus, a mask','no description found','https://covers.openlibrary.org/b/OLID/OL7103730M-S.jpg','https://covers.openlibrary.org/b/OLID/OL7103730M-M.jpg'),(7108332,352,'Reilly & Lee','Tik-Tok of Oz','no description found','https://covers.openlibrary.org/b/OLID/OL7108332M-S.jpg','https://covers.openlibrary.org/b/OLID/OL7108332M-M.jpg'),(7128457,308,'George H. Doran Company','His last bow','The adventure of Wisteria lodge.--The adventure of the cardboard box.--The adventure of the red circle.--The adventure of the Bruce-Partington plans.--The adventure of the dying detective.--The disappearance of Lady Frances Carfax.--The adventure of the devil\'s foot.--His last bow.','https://covers.openlibrary.org/b/OLID/OL6603034M-S.jpg','https://covers.openlibrary.org/b/OLID/OL6603034M-M.jpg'),(7133229,307,'Nelson','Prester John.','no description found','https://covers.openlibrary.org/b/OLID/OL17973808M-S.jpg','https://covers.openlibrary.org/b/OLID/OL17973808M-M.jpg'),(7157657,379,'Chapman & Hall','A Christmas Carol.','An allegorical novella descibing the rehabilitation of bitter, miserly businessman Ebenezer Scrooge. The reader is witness to his transformation as Scrooge is shown the error of his ways by the ghost of former partner Jacob Marley and the spirits of Christmas past, present and future. The first of the Christmas books (Dickens released one a year from 1843&ndash;1847) it became an instant hit.','https://covers.openlibrary.org/b/OLID/OL47311368M-S.jpg','https://covers.openlibrary.org/b/OLID/OL47311368M-M.jpg'),(7170239,566,'H. Altemus','Cranford','no description found','https://covers.openlibrary.org/b/OLID/OL14002328M-S.jpg','https://covers.openlibrary.org/b/OLID/OL14002328M-M.jpg'),(7170815,202,'G.M. Hill Co.','The Wonderful Wizard of Oz','Over a century after its initial publication, The Wonderful Wizard of Oz is still captivating the hearts of countless readers. Come adventure with Dorothy and her three friends: the Scarecrow, the Tin Woodman, and the Cowardly Lion, as they follow the Yellow Brick Road to the Emerald City for an audience with the Great Oz, the mightiest Wizard in the land, and the only one that can return Dorothy to her home in Kansas.','https://covers.openlibrary.org/b/OLID/OL7170815M-S.jpg','https://covers.openlibrary.org/b/OLID/OL7170815M-M.jpg'),(7204936,414,'Ward, Lock & Co., Limited','The coral island','no description found','https://covers.openlibrary.org/b/OLID/OL7204936M-S.jpg','https://covers.openlibrary.org/b/OLID/OL7204936M-M.jpg'),(7215847,195,'C. Scribner\'s Sons','Ethan Frome','no description found','https://covers.openlibrary.org/b/OLID/OL7215847M-S.jpg','https://covers.openlibrary.org/b/OLID/OL7215847M-M.jpg'),(7219307,324,'Collins','The sleeper awakes','A troubled insomniac in 1890s England falls suddenly into a sleep-like trance, from which he does not awake for over two hundred years. During his centuries of slumber, however, investments are made that make him the richest and most powerful man on Earth. But when he comes out of his trance he is horrified to discover that the money accumulated in his name is being used to maintain a hierarchal society in which most are poor, and more than a third of all people are enslaved. Oppressed and uneducated, the masses cling desperately to one dream – that the sleeper will awake, and lead them all to freedom.','https://covers.openlibrary.org/b/OLID/OL6781929M-S.jpg','https://covers.openlibrary.org/b/OLID/OL6781929M-M.jpg'),(7233294,454,'Harper & Brothers','The law and the lady. A novel.','no description found','https://covers.openlibrary.org/b/OLID/OL24249599M-S.jpg','https://covers.openlibrary.org/b/OLID/OL24249599M-M.jpg'),(7241634,104,'Hodder & Stoughton','The angel of terror','no description found','https://covers.openlibrary.org/b/OLID/OL9627408M-S.jpg','https://covers.openlibrary.org/b/OLID/OL9627408M-M.jpg'),(7245993,288,'Sampson Low, Marston & Co.','Pride and Prejudice','Pride and Prejudice is an 1813 novel of manners written by Jane Austen. The novel follows the character development of Elizabeth Bennet, the dynamic protagonist of the book who learns about the repercussions of hasty judgments and comes to appreciate the difference between superficial goodness and actual goodness.\r\n\r\nMr. Bennet, owner of the Longbourn estate in Hertfordshire, has five daughters, but his property is entailed and can only be passed to a male heir. His wife also lacks an inheritance, so his family faces becoming very poor upon his death. Thus, it is imperative that at least one of the girls marry well to support the others, which is a motivation that drives the plot.','https://covers.openlibrary.org/b/OLID/OL37250029M-S.jpg','https://covers.openlibrary.org/b/OLID/OL37250029M-M.jpg'),(7251393,147,'B. Tauchnitz','The Secret Agent','Inspired by an actual attempt in 1894 to blow up London\'s Greenwich Observatory, here is a chillingly prophetic examination of contemporary terrorism-and the literary precursor to today\'s espionage thriller.','https://covers.openlibrary.org/b/OLID/OL2640257M-S.jpg','https://covers.openlibrary.org/b/OLID/OL2640257M-M.jpg'),(7353846,208,'Puffin','Five Children and It (Puffin Classics)','Haven\'t you ever thought what you would wish for if you were granted three wishes? In Nesbit\'s delightful classic, five siblings find a creature that grants their wishes, but as the old saying goes: be careful what you wish for, it might come true...','https://covers.openlibrary.org/b/OLID/OL9232844M-S.jpg','https://covers.openlibrary.org/b/OLID/OL9232844M-M.jpg'),(8833344,306,'Hachette','Le Crime De L\'Orient-Express','***While en route from Syria to Paris, in the middle of a freezing winter\'s night, the Orient Express is stopped dead in its tracks by a snowdrift.*** Passengers awake to find the train still stranded and to discover that a wealthy American has been brutally stabbed to death in his private compartment. Incredibly, that compartment is locked from the inside. With no escape into the wintery landscape the killer must still be on board. ***Fortunately, the brilliant Belgian inspector Hercule Poirot is also on board, having booked the last available berth.***\r\n\r\n***Murder on the Orient Express is one of Agatha Christie’s most famous novels***, owing no doubt to a combination of its romantic sett','https://covers.openlibrary.org/b/OLID/OL32440766M-S.jpg','https://covers.openlibrary.org/b/OLID/OL32440766M-M.jpg'),(8840196,652,'Gallimard','Harry Potter et la Coupe de Feu','no description found','https://covers.openlibrary.org/b/OLID/OL25683482M-S.jpg','https://covers.openlibrary.org/b/OLID/OL25683482M-M.jpg'),(9119922,384,'Lectorum Publications','La isla de los delfines azules','Story of a young girl abandoned on a small island by her family and her village, and of her fight for survival.\r\n\r\nThe incredible courage, determination and strength of this girl is showcased throughout as she learns to do the things that only the men of her tribe did before, and battles not only the hunters who frequent the island, but also her desperate loneliness as well...\r\n\r\nExcellent read for kids 11 and older.','https://covers.openlibrary.org/b/OLID/OL9865868M-S.jpg','https://covers.openlibrary.org/b/OLID/OL9865868M-M.jpg'),(9134511,525,'Bruguera, 1985','El amor en los tiempos del cólera','no description found','https://covers.openlibrary.org/b/OLID/OL9134511M-S.jpg','https://covers.openlibrary.org/b/OLID/OL9134511M-M.jpg'),(9631034,104,'Wildside Press','Fifty Candles','no description found','https://covers.openlibrary.org/b/OLID/OL8822708M-S.jpg','https://covers.openlibrary.org/b/OLID/OL8822708M-M.jpg'),(11418883,104,'Zebra','The After House','no description found','https://covers.openlibrary.org/b/OLID/OL11682030M-S.jpg','https://covers.openlibrary.org/b/OLID/OL11682030M-M.jpg'),(13127428,287,'Albatros','Harry Potter a Tajemná komnata','Harry Potter #2\r\n\r\nThroughout the summer holidays after his first year at Hogwarts School of Witchcraft and Wizardry, Harry Potter has been receiving sinister warnings from a house-elf called Dobby.\r\n\r\nNow, back at school to start his second year, Harry hears unintelligible whispers echoing through the corridors.\r\n\r\nBefore long the attacks begin: students are found as if turned to stone.\r\n\r\nDobby’s predictions seem to be coming true.\r\n\r\n[Source][1]\r\n\r\n\r\n  [1]: https://www.jkrowling.com/book/harry-potter-chamber-secrets/','https://covers.openlibrary.org/b/OLID/OL26594474M-S.jpg','https://covers.openlibrary.org/b/OLID/OL26594474M-M.jpg'),(13983741,17,'Printed for J. Wenman','The Tempest','The Tempest is a play by William Shakespeare, believed to have been written in 1610–11, and thought by many critics to be the last play that Shakespeare wrote alone. It is set on a remote island, where Prospero, the rightful Duke of Milan, plots to restore his daughter Miranda to her rightful place using illusion and skilful manipulation. He conjures up a storm, the eponymous tempest, to lure his usurping brother Antonio and the complicit King Alonso of Naples to the island. There, his machinations bring about the revelation of Antonio\'s lowly nature, the redemption of the King, and the marriage of Miranda to Alonso\'s son, Ferdinand.','https://covers.openlibrary.org/b/OLID/OL16982543M-S.jpg','https://covers.openlibrary.org/b/OLID/OL16982543M-M.jpg'),(14014470,378,'Century','In the days of the comet','H. G. Wells, in his 1906 In the Days of the Comet uses the vapors of a comet to trigger a deep and lasting change in humanity\'s perspective on themselves and the world. In the build-up to a great war, poor student William Leadford struggles against the harsh conditions the lower-class live under. He also falls in love with a middle-class girl named Nettie. But when he discovers that Nettie has eloped with a man of upper-class standing, William struggles with the betrayal, and in the disorder of his own mind decides to buy a revolver and kill them both. All through this a large comet lights the night sky with a green glow, bright enough that the street lamps are left unlit.','https://covers.openlibrary.org/b/OLID/OL14014470M-S.jpg','https://covers.openlibrary.org/b/OLID/OL14014470M-M.jpg'),(14021636,281,'Dodd, Mead and company','The man who was Thursday; a nightmare.','Can you trust yourself when you don\'t know who you are? Syme uses his new acquaintance to go undercover in Europe\'s Central Anarchist Council and infiltrate their deadly mission, even managing to have himself voted to the position of \'Thursday\'. In a park in London, secret policeman Gabriel Syme strikes up a conversation with an anarchist. Sworn to do his duty,When Syme discovers another undercover policeman on the Council, however, he starts to question his role in their operations. And as a desperate chase across Europe begins, his confusion grows, as well as his confidence in his ability to outwit his enemies.But he has still to face the greatest terror that the Council has - its leader:','https://covers.openlibrary.org/b/OLID/OL22885940M-S.jpg','https://covers.openlibrary.org/b/OLID/OL22885940M-M.jpg'),(14048584,536,'Privately printed for subscribers only','Women in love','Dark, but filled with bright genius, Women in Love is a prophetic masterpiece steeped in eroticism, filled with perceptions about sexual power and obsession that have proven to be timeless and true.','https://covers.openlibrary.org/b/OLID/OL14048584M-S.jpg','https://covers.openlibrary.org/b/OLID/OL14048584M-M.jpg'),(15015171,512,'Bodley Head','Poirot investigates.','First there was the mystery of the film star and the diamond… then came the ‘suicide’ that was murder… the mystery of the absurdly chaep flat… a suspicious death in a locked gun-room… a million dollar bond robbery… the curse of a pharoah’s tomb… a jewel robbery by the sea… the abduction of a Prime Minister… the disappearance of a banker… a phone call from a dying man… and, finally, the mystery of the missing will.  What links these fascinating cases? Only the brilliant deductive powers of Hercule Poirot!','https://covers.openlibrary.org/b/OLID/OL15015171M-S.jpg','https://covers.openlibrary.org/b/OLID/OL15015171M-M.jpg'),(16766351,40,'Diogenes Verlag','Wo die wilden Kerle wohnen','This is an inspired children\'s book about a boy\'s passage through tempestuous aspects of life.\r\n\r\nMax, a naughty little boy, sent to bed without his supper, sails to the land of the wild things, where he becomes their king.','https://covers.openlibrary.org/b/OLID/OL7292063M-S.jpg','https://covers.openlibrary.org/b/OLID/OL7292063M-M.jpg'),(18340958,420,'Norton','Heart of darkness','Heart of Darkness (1899) is a novella by Polish-English novelist Joseph Conrad, about a voyage up the Congo River into the Congo Free State, in the heart of Africa, by the story\'s narrator Charles Marlow. Marlow tells his story to friends aboard a boat anchored on the River Thames. Joseph Conrad is one of the greatest English writers, and Heart of Darkness is considered his best.  His readers are brought to face our psychological selves to answer, ‘Who is the true savage?’. Originally published in 1902, Heart of Darkness remains one of this century’s most enduring works of fiction. Written several years after Joseph Conrad’s grueling sojourn in the Belgian Congo, the novel is a complex medi','https://covers.openlibrary.org/b/OLID/OL10277237M-S.jpg','https://covers.openlibrary.org/b/OLID/OL10277237M-M.jpg'),(19484675,1906,'Copp Clark Co.','A midsummer-night\'s dream.','One night two young couples run into an enchanted forest in an attempt to escape their problems. But these four humans do not realize that the forest is filled with fairies and hobgoblins who love making mischief. When Oberon, the Fairy King, and his loyal hobgoblin servant, Puck, intervene in human affairs, the fate of these young couples is magically and hilariously transformed. Like a classic fairy tale, this retelling of William Shakespeare\'s most beloved comedy is perfect for older readers who will find much to treasure and for younger readers who will love hearing the story read aloud.','https://covers.openlibrary.org/b/OLID/OL24594641M-S.jpg','https://covers.openlibrary.org/b/OLID/OL24594641M-M.jpg'),(21704545,294,'David Campbell','The Railway Children','When Father mysteriously goes away, the children and their mother leave their happy life in London to go and live in a small cottage in the country. \'The Three Chimneys\' lies beside a railway track - a constant source of enjoyment to all three. They make friends with the Station Master and Perks the Porter, as well as the jovial \'Old Gentleman\' who waves to them everyday from the train. But the mystery remains: where is Father, and will he ever return?','https://covers.openlibrary.org/b/OLID/OL46536526M-S.jpg','https://covers.openlibrary.org/b/OLID/OL46536526M-M.jpg'),(22489412,250,'Penguin','The phoenix and the carpet','Five British children discover in their new carpet an egg, which hatches into a phoenix that takes them on a series of fantastic adventures around the world.','https://covers.openlibrary.org/b/OLID/OL8978521M-S.jpg','https://covers.openlibrary.org/b/OLID/OL8978521M-M.jpg'),(22735148,482,'Gallimard jeunesse','Les royaumes du Nord','In a landmark epic of fantasy and storytelling, Philip Pullman invites readers into a world as convincing and thoroughly realized as Narnia, Earthsea, or Redwall. Here lives an orphaned ward named Lyra Belacqua, whose carefree life among the scholars at Oxford\'s Jordan College is shattered by the arrival of two powerful visitors. First, her fearsome uncle, Lord Asriel, appears with evidence of mystery and danger in the far North, including photographs of a mysterious celestial phenomenon called Dust and the dim outline of a city suspended in the Aurora Borealis that he suspects is part of an alternate universe. He leaves Lyra in the care of Mrs. Coulter, an enigmatic scholar and explorer wh','https://covers.openlibrary.org/b/OLID/OL9731031M-S.jpg','https://covers.openlibrary.org/b/OLID/OL9731031M-M.jpg'),(22856696,223,'Bloomsbury','Harry Potter and the Philosopher\'s Stone','Harry Potter #1\r\n\r\nWhen mysterious letters start arriving on his doorstep, Harry Potter has never heard of Hogwarts School of Witchcraft and Wizardry.\r\n\r\nThey are swiftly confiscated by his aunt and uncle.\r\n\r\nThen, on Harry’s eleventh birthday, a strange man bursts in with some important news: Harry Potter is a wizard and has been awarded a place to study at Hogwarts.\r\n\r\nAnd so the first of the Harry Potter adventures is set to begin.\r\n([source][1])\r\n\r\n\r\n  [1]: https://www.jkrowling.com/book/harry-potter-philosophers-stone/','https://covers.openlibrary.org/b/OLID/OL22856696M-S.jpg','https://covers.openlibrary.org/b/OLID/OL22856696M-M.jpg'),(22876225,189,'Hibru Poblishing Ḳompani','Anna Ḳarenina','Described by William Faulkner as the best novel ever written and by Fyodor Dostoevsky as “flawless,” Anna Karenina tells of the doomed love affair between the sensuous and rebellious Anna and the dashing officer, Count Vronsky. Tragedy unfolds as Anna rejects her passionless marriage and thereby exposes herself to the hypocrisies of society. Set against a vast and richly textured canvas of nineteenth-century Russia, the novel\'s seven major characters create a dynamic imbalance, playing out the contrasts of city and country life and all the variations on love and family happiness.','https://covers.openlibrary.org/b/OLID/OL10601812M-S.jpg','https://covers.openlibrary.org/b/OLID/OL10601812M-M.jpg'),(22879417,352,'T. Fisher Unwin','The enchanted castle','E. Nesbit\'s classic story of how Gerald, Cathy and Jimmy find an enchanted garden and awake a princess from a hundred-year sleep, only to have her immediately made invisible by a magic ring. Her rescue is difficult, funny and sometimes frightening.','https://covers.openlibrary.org/b/OLID/OL1564581M-S.jpg','https://covers.openlibrary.org/b/OLID/OL1564581M-M.jpg'),(23076784,384,'Tokyopop','GTO vol. 21','Eikichi Onizuka, a 22-year-old ex-biker, decides that he is going to become the best teacher in the world but his class is full of bullies, blackmailers, and sadists.','https://covers.openlibrary.org/b/OLID/OL8857496M-S.jpg','https://covers.openlibrary.org/b/OLID/OL8857496M-M.jpg'),(23301237,566,'Yhd','Genji monogatari','no description found','https://covers.openlibrary.org/b/OLID/OL6172585M-S.jpg','https://covers.openlibrary.org/b/OLID/OL6172585M-M.jpg'),(23330498,261,'Reilly & Lee','The  road to Oz','Dorothy and her friends follow the enchanted road to Oz and arrive in time for Ozma\'s birthday party.','https://covers.openlibrary.org/b/OLID/OL7169485M-S.jpg','https://covers.openlibrary.org/b/OLID/OL7169485M-M.jpg'),(23330725,145,'Der Tempel Verlag','Romeo und Julia / Romeo and Juliet','Romeo and Juliet is a tragedy written by William Shakespeare early in his career about two young Italian star-crossed lovers whose deaths ultimately reconcile their feuding families. It was among Shakespeare\'s most popular plays during his lifetime and, along with Hamlet, is one of his most frequently performed plays. Today, the title characters are regarded as archetypal young lovers.','https://covers.openlibrary.org/b/OLID/OL26501367M-S.jpg','https://covers.openlibrary.org/b/OLID/OL26501367M-M.jpg'),(23365952,324,'John Lane: The Bodley Head','The Napoleon of Notting Hill','A witty and surreal novel of the future.\r\n\r\nIn a rather dull stuck-in-a-rut future, a prankster chosen randomly to be King of England revives the old ways and inadvertently arouses romantic patriotism and civil war between the boroughs of London.','https://covers.openlibrary.org/b/OLID/OL23365952M-S.jpg','https://covers.openlibrary.org/b/OLID/OL23365952M-M.jpg'),(23402697,566,'Doubleday, Page & Company','Nostromo','no description found','https://covers.openlibrary.org/b/OLID/OL24240620M-S.jpg','https://covers.openlibrary.org/b/OLID/OL24240620M-M.jpg'),(24144374,475,'Hurst and Company','Life and adventures of Robinson Crusoe.','The Life and Strange Surprizing Adventures of Robinson Crusoe, Of York, Mariner: Who lived Eight and Twenty Years, all alone in an un-inhabited Island on the Coast of America, near the Mouth of the Great River of Oroonoque; Having been cast on Shore by Shipwreck, wherein all the Men perished but himself. With An Account how he was at last as strangely deliver\'d by Pyrates.','https://covers.openlibrary.org/b/OLID/OL24144374M-S.jpg','https://covers.openlibrary.org/b/OLID/OL24144374M-M.jpg'),(24232416,147,'Scholastic','Artemis Fowl','Auf geheimen Wegen gelangt Meisterverbrecher Artemis Fowl in das eisige Murmansk, wo er seinen Vater vermutet, der sich in der Gewalt einer skrupellosen Erpresserbande befinden soll. Doch Artemis hat ungewöhnliche Verbündete auf seiner Seite und natürlich auch schon einen Plan im Kopf. Einen gefährlichen Plan.','https://covers.openlibrary.org/b/OLID/OL8141974M-S.jpg','https://covers.openlibrary.org/b/OLID/OL8141974M-M.jpg'),(24245432,566,'Smith, Elder & Co.','Far from the madding crowd','no description found','https://covers.openlibrary.org/b/OLID/OL5244344M-S.jpg','https://covers.openlibrary.org/b/OLID/OL5244344M-M.jpg'),(24245739,434,'J. Hetzel','Vingt mille lieues sous les mers','A nineteenth-century science fiction tale of an electric submarine, its eccentric captain, and undersea world, which anticipated many of the scientific achievements of the twentieth century.','https://covers.openlibrary.org/b/OLID/OL24245739M-S.jpg','https://covers.openlibrary.org/b/OLID/OL24245739M-M.jpg'),(24328342,91,'harcourt, brace and world','Little prince','*Le Petit Prince* est une œuvre de langue française, la plus connue d\'Antoine de Saint-Exupéry. Publié en 1943 à New York simultanément à sa traduction anglaise, c\'est une œuvre poétique et philosophique sous l\'apparence d\'un conte pour enfants.\r\n\r\nTraduit en quatre cent cinquante-sept langues et dialectes, *Le Petit Prince* est le deuxième ouvrage le plus traduit au monde après la Bible.\r\n\r\nLe langage, simple et dépouillé, parce qu\'il est destiné à être compris par des enfants, est en réalité pour le narrateur le véhicule privilégié d\'une conception symbolique de la vie. Chaque chapitre relate une rencontre du petit prince qui laisse celui-ci perplexe, par rapport aux comportements absurde','https://covers.openlibrary.org/b/OLID/OL7366018M-S.jpg','https://covers.openlibrary.org/b/OLID/OL7366018M-M.jpg'),(24331810,216,'H. Holt and Company','The Time Machine','The Time Traveller, a dreamer obsessed with traveling through time, builds himself a time machine and, much to his surprise, travels over 800,000 years into the future. He lands in the year 802701: the world has been transformed by a society living in apparent harmony and bliss, but as the Traveler stays in the future he discovers a hidden barbaric and depraved subterranean class. Wells\'s transparent commentary on the capitalist society was an instant bestseller and launched the time-travel genre.','https://covers.openlibrary.org/b/OLID/OL8000344M-S.jpg','https://covers.openlibrary.org/b/OLID/OL8000344M-M.jpg'),(24349980,247,'Blackie & Son Limited','The Tragedy of Hamlet','In this quintessential Shakespeare tragedy, a young prince\'s halting pursuit of revenge for the murder of his father unfolds in a series of highly charged confrontations that have held audiences spellbound for nearly four centuries. Those fateful exchanges, and the anguished soliloquies that precede and follow them, probe depths of human feeling rarely sounded in any art. \r\nThe title role of Hamlet, perhaps the most demanding in all of Western drama, has provided generations of leading actors their greatest challenge. Yet all the roles in this towering drama are superbly delineated, and each of the key scenes offers actors a rare opportunity to create theatrical magic.\r\nAs if further eviden','https://covers.openlibrary.org/b/OLID/OL26587990M-S.jpg','https://covers.openlibrary.org/b/OLID/OL26587990M-M.jpg'),(24364628,368,'S.H. Goetzel','Great expectations','Great Expectations is the thirteenth novel by Charles Dickens and his penultimate completed novel. It depicts the education of an orphan nicknamed Pip (the book is a bildungsroman; a coming-of-age story). It is Dickens\' second novel, after David Copperfield, to be fully narrated in the first person. The novel was first published as a serial in Dickens\'s weekly periodical All the Year Round, from 1 December 1860 to August 1861. In October 1861, Chapman and Hall published the novel in three volumes.\r\n\r\nThe novel is set in Kent and London in the early to mid-19th century and contains some of Dickens\'s most celebrated scenes, starting in a graveyard, where the young Pip is accosted by the escap','https://covers.openlibrary.org/b/OLID/OL45791004M-S.jpg','https://covers.openlibrary.org/b/OLID/OL45791004M-M.jpg'),(24573990,316,'The Queensway Press','The mystery of Edwin Drood','no description found','https://covers.openlibrary.org/b/OLID/OL6323900M-S.jpg','https://covers.openlibrary.org/b/OLID/OL6323900M-M.jpg'),(24623528,512,'Garnier','Le rouge et le noir','The story of an ambitious youth without birth or fortune in France in the 19th century.','https://covers.openlibrary.org/b/OLID/OL23311104M-S.jpg','https://covers.openlibrary.org/b/OLID/OL23311104M-M.jpg'),(24872302,23,'Clive','Odyssey, book iv','The Odyssey (/ˈɒdəsi/; Greek: Ὀδύσσεια, Odýsseia) is one of two major ancient Greek epic poems attributed to Homer. It is, in part, a sequel to the Iliad, the other work ascribed to Homer. The poem is fundamental to the modern Western canon, and is the second oldest extant work of Western literature, the Iliad being the oldest. Scholars believe it was composed near the end of the 8th century BC, somewhere in Ionia, the Greek coastal region of Anatolia. - [Wikipedia][1]\r\n\r\n  [1]: https://en.wikipedia.org/wiki/Odyssey','https://covers.openlibrary.org/b/OLID/OL23305280M-S.jpg','https://covers.openlibrary.org/b/OLID/OL23305280M-M.jpg'),(24996307,634,'n','Twelfth night : or, What you will','Presents the original text of Shakespeare\'s play side by side with a modern version, with discussion questions, role-playing scenarios, and other study activities.','https://covers.openlibrary.org/b/OLID/OL20508584M-S.jpg','https://covers.openlibrary.org/b/OLID/OL20508584M-M.jpg'),(25098005,188,'Belford','The adventures of Tom Sawyer','The adventures and pranks of a mischievous boy growing up in a Mississippi River town in the early nineteenth century. **Winner of the 1967 Lewis Carroll Shelf Award**','https://covers.openlibrary.org/b/OLID/OL23269295M-S.jpg','https://covers.openlibrary.org/b/OLID/OL23269295M-M.jpg'),(25440547,393,'Molino','Sinsajo','Against all odds, Katniss Everdeen has survived the Hunger Games twice. But now that she\'s made it out of the bloody arena alive, she\'s still not safe. The Capitol is angry. The Capitol wants revenge. Who do they think should pay for the unrest? Katniss. And what\'s worse, President Snow has made it clear that no one else is safe either. Not Katniss\'s family, not her friends, not the people of District 12. Powerful and haunting, this is the thrilling final installment of Suzanne Collins\'s groundbreaking Hunger Games trilogy. - Publisher.','https://covers.openlibrary.org/b/OLID/OL26332553M-S.jpg','https://covers.openlibrary.org/b/OLID/OL26332553M-M.jpg'),(25476222,123,'Copp, Clark','Dorothy and the Wizard in Oz','Dorothy and the Wizard in Oz is the fourth book in Baum\'s Oz series. The series chronicles the further adventures of Dorothy both in and out of Oz, as she deals with the characters, situations and desires which continue to spill over from her first fateful adventure.','https://covers.openlibrary.org/b/OLID/OL7207092M-S.jpg','https://covers.openlibrary.org/b/OLID/OL7207092M-M.jpg'),(25515443,146,'Copp, Clark','Ozma of Oz','When a storm blows Dorothy to the land of Ev where lunches grow on trees, she meets the Scarecrow, the Tin Woodman, the Cowardly Lion, and Princess Ozma, and together they set out to free the Queen of Ev and her ten children.','https://covers.openlibrary.org/b/OLID/OL23416104M-S.jpg','https://covers.openlibrary.org/b/OLID/OL23416104M-M.jpg'),(25516485,295,'McLeod & Allen','The house of mirth','Beautiful, intelligent, and hopelessly addicted to luxury, Lily Bart is the heroine of this Wharton masterpiece. But it is her very taste and moral sensibility that render her unfit for survival in this world.','https://covers.openlibrary.org/b/OLID/OL27941732M-S.jpg','https://covers.openlibrary.org/b/OLID/OL27941732M-M.jpg'),(25538028,147,'Bibliolis','Flatland','Flatland: A Romance of Many Dimensions, though written in 1884, is still considered useful in thinking about multiple dimensions. It is also seen as a satirical depiction of Victorian society and its hierarchies. A square, who is a resident of the two-dimensional Flatland, dreams of the one-dimensional Lineland. He attempts to convince the monarch of Lineland of the possibility of another dimension, but the monarch cannot see outside the line. The square is then visited himself by a Sphere from three-dimensional Spaceland, who must show the square Spaceland before he can conceive it. As more dimensions enter the scene, the story\'s discussion of fixed thought and the kind of inhuman action w','https://covers.openlibrary.org/b/OLID/OL23189553M-S.jpg','https://covers.openlibrary.org/b/OLID/OL23189553M-M.jpg'),(26278092,374,'E. P. Dutton and company','The story of the amulet','no description found','https://covers.openlibrary.org/b/OLID/OL17139068M-S.jpg','https://covers.openlibrary.org/b/OLID/OL17139068M-M.jpg'),(26336926,147,'Pocket Books','Runaway Ralph','Runaway Ralph is the second in a children\'s novel trilogy written by Beverly Cleary. First published in 1970, it is the last book by Cleary that Louis Darling illustrated before his death. The book features the titular character, Ralph S. Mouse, a house mouse that can talk to humans, and goes on adventures on his miniature motorcycle.\r\n\r\nThe book was given the Nene Award by the Hawaii Library Association in 1972.','https://covers.openlibrary.org/b/OLID/OL26336926M-S.jpg','https://covers.openlibrary.org/b/OLID/OL26336926M-M.jpg'),(26379521,326,'Grosset & Dunlap','Death on the Nile','The tranquillity of a cruise along the Nile was shattered by the discovery that Linnet Ridgeway ( Linnet Doyle) had been shot through the head. She was young, stylish, rich and beautiful. A girl who had everything... until she lost her life.\r\n\r\nHercule Poirot recalled an earlier outburst by a fellow passenger: \'I\'d like to put my dear little pistol against her head and just press the trigger.\' Yet in this exotic setting nothing was ever quite what it seemed...','https://covers.openlibrary.org/b/OLID/OL16643433M-S.jpg','https://covers.openlibrary.org/b/OLID/OL16643433M-M.jpg'),(26425330,40,'J\'ai Lu','Le trône de fer','A Game of Thrones is the first novel in A Song of Ice and Fire, a series of fantasy novels by the American author George R. R. Martin. It was first published on August 1, 1996. The novel won the 1997 Locus Award and was nominated for both the 1997 Nebula Award and the 1997 World Fantasy Award. The novella Blood of the Dragon, comprising the Daenerys Targaryen chapters from the novel, won the 1997 Hugo Award for Best Novella. In January 2011, the novel became a New York Times Bestseller and reached No. 1 on the list in July 2011.','https://covers.openlibrary.org/b/OLID/OL7829767M-S.jpg','https://covers.openlibrary.org/b/OLID/OL7829767M-M.jpg'),(26468884,104,'Printed by and for D.S. Maurice','King Henry V','no description found','https://covers.openlibrary.org/b/OLID/OL25918538M-S.jpg','https://covers.openlibrary.org/b/OLID/OL25918538M-M.jpg'),(27009189,308,'R. Bemporad & Figlio','Le Avventure di Pinocchio','A wooden puppet full of tricks and mischief wants more than anything else to become a real boy.','https://covers.openlibrary.org/b/OLID/OL27004449M-S.jpg','https://covers.openlibrary.org/b/OLID/OL27004449M-M.jpg'),(27064170,414,'AST','И вспыхнет пламя','Catching Fire is a 2009 science fiction young adult novel by the American novelist Suzanne Collins, the second book in The Hunger Games series. As the sequel to the 2008 bestseller The Hunger Games, it continues the story of Katniss Everdeen and the post-apocalyptic nation of Panem. Following the events of the previous novel, a rebellion against the oppressive Capitol has begun, and Katniss and fellow tribute Peeta Mellark are forced to return to the arena in a special edition of the Hunger Games.\r\n\r\nThe book was first published on September 1, 2009, by Scholastic, in hardcover, and was later released in ebook and audiobook format.','https://covers.openlibrary.org/b/OLID/OL37079405M-S.jpg','https://covers.openlibrary.org/b/OLID/OL37079405M-M.jpg'),(27889661,384,'W. Nicholson & Sons, Ltd.','Basil','no description found','https://covers.openlibrary.org/b/OLID/OL27889661M-S.jpg','https://covers.openlibrary.org/b/OLID/OL27889661M-M.jpg'),(28345239,123,'n','De Hobbit','The Hobbit is a tale of high adventure, undertaken by a company of dwarves in search of dragon-guarded gold. A reluctant partner in this perilous quest is Bilbo Baggins, a comfort-loving unambitious hobbit, who surprises even himself by his resourcefulness and skill as a burglar.\r\n\r\nEncounters with trolls, goblins, dwarves, elves, and giant spiders, conversations with the dragon, Smaug, and a rather unwilling presence at the Battle of Five Armies are just some of the adventures that befall Bilbo.\r\n\r\nBilbo Baggins has taken his place among the ranks of the immortals of children’s fiction. Written by Professor Tolkien for his children, The Hobbit met with instant critical acclaim when publish','https://covers.openlibrary.org/b/OLID/OL10682512M-S.jpg','https://covers.openlibrary.org/b/OLID/OL10682512M-M.jpg'),(28390491,310,'Garden City Pub. Co.','Brave New World','Originally published in 1932, this outstanding work of literature is more crucial and relevant today than ever before. Cloning, feel-good drugs, antiaging programs, and total social control through politics, programming, and media -- has Aldous Huxley accurately predicted our future? With a storyteller\'s genius, he weaves these ethical controversies in a compelling narrative that dawns in the year 632 AF (After Ford, the deity). When Lenina and Bernard visit a savage reservation, we experience how Utopia can destroy humanity. A powerful work of speculative fiction that has enthralled and terrified readers for generations, Brave New World is both a warning to be heeded and thought-provoking ','https://covers.openlibrary.org/b/OLID/OL6504102M-S.jpg','https://covers.openlibrary.org/b/OLID/OL6504102M-M.jpg'),(28751751,525,'Hachette Groupe Livre','Fascination','Bella Swan and Edward Cullen, a pair of star-crossed lovers whose forbidden relationship ripens against the backdrop of small-town suspicion and a mysterious coven of vampires.','https://covers.openlibrary.org/b/OLID/OL37073046M-S.jpg','https://covers.openlibrary.org/b/OLID/OL37073046M-M.jpg'),(32232086,17,'COPP CLARK PUBLISHING CO. LTD.','Shakespeare\'s The Merchant of Venice','In this lively comedy of love and money in sixteenth-century Venice, Bassanio wants to impress the wealthy heiress Portia but lacks the necessary funds. He turns to his merchant friend, Antonio, who is forced to borrow from Shylock, a Jewish moneylender. When Antonio\'s business falters, repayment becomes impossible--and by the terms of the loan agreement, Shylock is able to demand a pound of Antonio\'s flesh. Portia cleverly intervenes, and all ends well (except of course for Shylock).','https://covers.openlibrary.org/b/OLID/OL25398118M-S.jpg','https://covers.openlibrary.org/b/OLID/OL25398118M-M.jpg'),(32263909,99,'Vanguard Books','King Lear','King Lear divides his kingdom among the two daughters who flatter him and banishes the third one who loves him. His eldest daughters both then reject him at their homes, so Lear goes mad and wanders through a storm. His banished daughter returns with an army, but they lose the battle and Lear, all his daughters and more, die.\r\n\r\n([source][1])\r\n\r\n\r\n  [1]: https://www.shakespeare.org.uk/explore-shakespeare/shakespedia/shakespeares-plays/king-lear/','https://covers.openlibrary.org/b/OLID/OL25918818M-S.jpg','https://covers.openlibrary.org/b/OLID/OL25918818M-M.jpg'),(32775849,160,'Mondadori','Il leone, la strega e l\'armadio','Four adventurous siblings—Peter, Susan, Edmund, and Lucy Pevensie—step through a wardrobe door and into the land of Narnia, a land frozen in eternal winter and enslaved by the power of the White Witch. But when almost all hope is lost, the return of the Great Lion, Aslan, signals a great change . . . and a great sacrifice.\r\n\r\nJourney into the land beyond the wardrobe! The Lion, the Witch and the Wardrobe is the second book in C. S. Lewis\'s classic fantasy series, which has been captivating readers of all ages for over sixty years. This is a stand-alone novel, but if you would like journey back to Narnia, read The Horse and His Boy, the third book in The Chronicles of Narnia.\r\n([source][1])\r','https://covers.openlibrary.org/b/OLID/OL7265111M-S.jpg','https://covers.openlibrary.org/b/OLID/OL7265111M-M.jpg'),(33041314,214,'NéO','Le Mystère des jonquilles','Ein Londoner Geschaftsmann entla©t seineAngestellte fristlos. Kurze Zeit spater liegter erschossen im Gras des Hyde Park ...','https://covers.openlibrary.org/b/OLID/OL11980239M-S.jpg','https://covers.openlibrary.org/b/OLID/OL11980239M-M.jpg'),(33152400,537,'Donohue Henneberry & Co.','The deerslayer or the first warpath','The Deerslayer is the last book in Cooper\'s Leatherstocking Tales pentalogy, but acts as a prequel to the other novels. It begins with the rapid civilizing of New York, in which surrounds the following books take place. It introduces the hero of the Tales, Natty Bumppo, and his philosophy that every living thing should follow its own nature. He is contrasted to other, less conscientious, frontiersmen.','https://covers.openlibrary.org/b/OLID/OL24397205M-S.jpg','https://covers.openlibrary.org/b/OLID/OL24397205M-M.jpg'),(33170500,307,'Hodder and Stoughton','Greenmantle','In Greenmantle (1916) Richard Hannay, hero of The Thirty-Nine Steps, travels across war-torn Europe in search of a German plot and an Islamic Messiah. He is joined by three more of Buchan\'s heroes: Peter Pienaar, the old Boer Scout; John S. Blenkiron, the American determined to fight the Kaiser; and Sandy Arbuthnot, Greenmantle himself, modelled on Lawrence of Arabia. The intrepid four move in disguise through Germany to Constantinople and the Russian border toface their enemies: the grotesque Stumm and the evil beauty of Hilda von Einem.','https://covers.openlibrary.org/b/OLID/OL9300408M-S.jpg','https://covers.openlibrary.org/b/OLID/OL9300408M-M.jpg'),(33202830,308,'Blackie and Son','The princess and the goblin','no description found','https://covers.openlibrary.org/b/OLID/OL7544575M-S.jpg','https://covers.openlibrary.org/b/OLID/OL7544575M-M.jpg'),(34843449,188,'Tribeca Books','Scarlet Letter','no description found','https://covers.openlibrary.org/b/OLID/OL34878267M-S.jpg','https://covers.openlibrary.org/b/OLID/OL34878267M-M.jpg'),(35268128,307,'Harper & Brothers','Adventures of Sherlock Holmes','no description found','https://covers.openlibrary.org/b/OLID/OL24349267M-S.jpg','https://covers.openlibrary.org/b/OLID/OL24349267M-M.jpg'),(36636484,369,'The Book League of America','The moonstone','One of the first English detective novels, this mystery involves the disappearance of a valuable diamond, originally stolen from a Hindu idol, given to a young woman on her eighteenth birthday, and then stolen again. A classic of 19th-century literature.','https://covers.openlibrary.org/b/OLID/OL11424127M-S.jpg','https://covers.openlibrary.org/b/OLID/OL11424127M-M.jpg'),(36648295,247,'Grant Richards','Northanger Abbey','Northanger Abbey is both a perfectly aimed literary parody and a withering satire of the commercial aspects of marriage among the English gentry at the turn of the nineteenth century. But most of all, it is the story of the initiation into life of its naïve but sweetly appealing heroine, Catherine Morland, a willing victim of the contemporary craze for Gothic literature who is determined to see herself as the heroine of a dark and thrilling romance.\r\n\r\nWhen Catherine is invited to Northanger Abbey, the grand though forbidding ancestral seat of her suitor, Henry Tilney, she finds herself embroiled in a real drama of misapprehension, mistreatment, and mortification, until common sense and hum','https://covers.openlibrary.org/b/OLID/OL36684152M-S.jpg','https://covers.openlibrary.org/b/OLID/OL36684152M-M.jpg'),(37824533,314,'Harcourt, Brace and Company','Nineteen Eighty-Four','Nineteen Eighty-Four: A Novel, often referred to as 1984, is a dystopian social science fiction novel by the English novelist George Orwell (the pen name of Eric Arthur Blair). It was published on 8 June 1949 by Secker & Warburg as Orwell\'s ninth and final book completed in his lifetime. Thematically, Nineteen Eighty-Four centres on the consequences of totalitarianism, mass surveillance, and repressive regimentation of persons and behaviours within society. Orwell, himself a democratic socialist, modelled the authoritarian government in the novel after Stalinist Russia. More broadly, the novel examines the role of truth and facts within politics and the ways in which they are manipulated.\r\n','https://covers.openlibrary.org/b/OLID/OL21733390M-S.jpg','https://covers.openlibrary.org/b/OLID/OL21733390M-M.jpg'),(37826838,1906,'[publisher not identified]','Il Principe','Ceux qui desirent acquerir la grace d\'un prince ont accoutume de se presenter a lui avec ceux de leurs biens qu\'ils prisent le plus ou auxquels ils voient qu\'il prend le plus de plaisir. Aussi les voit­-on bien souvent lui faire present de chevaux, armes, drap d\'or, pierres precieuses et de sem­blables ornements dignes de sa grandeur. Desirant donc m\'offrir a Votre Magnificence avec quelque temoignage de ma soumission, je n\'ai rien trouve, parmi toutes mes hardes, que j\'aime et estime tant que la connaissance des actions des grands person­nages, laquelle j\'ai apprise par longue experience des choses modernes et lecture continuelle des antiques : a quoi j\'ai longuement et avec grand soin pen','https://covers.openlibrary.org/b/OLID/OL37826838M-S.jpg','https://covers.openlibrary.org/b/OLID/OL37826838M-M.jpg'),(39221187,247,'Nelson Doubleday','Sense and Sensibility','When Mr. Dashwood dies, he must leave the bulk of his estate to the son by his first marriage, which leaves his second wife and three daughters (Elinor, Marianne, and Margaret) in straitened circumstances. They are taken in by a kindly cousin, but their lack of fortune affects the marriageability of both practical Elinor and romantic Marianne. When Elinor forms an attachment for the wealthy Edward Ferrars, his family disapproves and separates them. And though Mrs. Jennings tries to match the worthy (and rich) Colonel Brandon to her, Marianne finds the dashing and fiery Willoughby more to her taste. Both relationships are sorely tried. But this is a romance, and through the hardships and hea','https://covers.openlibrary.org/b/OLID/OL14041582M-S.jpg','https://covers.openlibrary.org/b/OLID/OL14041582M-M.jpg'),(39222415,247,'Dean & Son','Wuthering Heights','Wuthering Heights is an 1847 novel by Emily Brontë, initially published under the pseudonym Ellis Bell. It concerns two families of the landed gentry living on the West Yorkshire moors, the Earnshaws and the Lintons, and their turbulent relationships with Earnshaw\'s adopted son, Heathcliff. The novel was influenced by Romanticism and Gothic fiction.','https://covers.openlibrary.org/b/OLID/OL38586477M-S.jpg','https://covers.openlibrary.org/b/OLID/OL38586477M-M.jpg'),(39222545,192,'Avenel Books','Alice\'s Adventures in Wonderland','Alice\'s Adventures in Wonderland (commonly Alice in Wonderland) is an 1865 English children\'s novel by Lewis Carroll. A young girl named Alice falls through a rabbit hole into a fantasy world of anthropomorphic creatures. It is seen as an example of the literary nonsense genre.\r\n\r\nOne of the best-known works of Victorian literature, its narrative, structure, characters and imagery have had huge influence on popular culture and literature, especially in the fantasy genre.','https://covers.openlibrary.org/b/OLID/OL31754751M-S.jpg','https://covers.openlibrary.org/b/OLID/OL31754751M-M.jpg'),(39475933,396,'Molino','Los juegos del hambre','The Hunger Games is a 2008 dystopian novel by the American writer Suzanne Collins. It is written in the perspective of 16-year-old Katniss Everdeen, who lives in the future, post-apocalyptic nation of Panem in North America. The Capitol, a highly advanced metropolis, exercises political control over the rest of the nation. The Hunger Games is an annual event in which one boy and one girl aged 12–18 from each of the twelve districts surrounding the Capitol are selected by lottery to compete in a televised battle royale to the death.\r\n\r\nThe book received critical acclaim from major reviewers and authors. It was praised for its plot and character development. In writing The Hunger Games, Colli','https://covers.openlibrary.org/b/OLID/OL37079404M-S.jpg','https://covers.openlibrary.org/b/OLID/OL37079404M-M.jpg'),(39479436,393,'BCA','The Lost World','The Lost World is a 1995 techno-thriller novel written by Michael Crichton, and the sequel to his 1990 novel [Jurassic Park](https://openlibrary.org/works/OL46881W). It is his tenth novel under his own name and his twentieth overall, and it was published by Knopf. A paperback edition (ISBN 0-345-40288-X) followed in 1996. In 1997, both novels were re-published as a single book titled Michael Crichton\'s Jurassic World, which is unrelated to the 2015 film of the same name.\r\n\r\n\r\nContains: \r\n[Lost World [2/2]](https://openlibrary.org/works/OL25311005W)\r\n\r\nAlso contained in:\r\n[Michael Crichton\'s Jurassic World](https://openlibrary.org/works/OL14950507W)','https://covers.openlibrary.org/b/OLID/OL31981279M-S.jpg','https://covers.openlibrary.org/b/OLID/OL31981279M-M.jpg'),(39801859,192,'University Press','The Holy Bible','A Christian Bible is a set of books divided into the Old and New Testament that a Christian denomination has, at some point in their past or present, regarded as divinely inspired scripture.','https://covers.openlibrary.org/b/OLID/OL39801870M-S.jpg','https://covers.openlibrary.org/b/OLID/OL39801870M-M.jpg'),(39804749,512,'Pantheon','Doctor Zhivago','***This epic tale about the effects of the Russian Revolution and its aftermath on a bourgeois family was not published in the Soviet Union until 1987.*** One of the results of its publication in the West was Pasternak\'s complete rejection by Soviet authorities; when he was awarded the Nobel Prize for Literature in 1958 he was compelled to decline it. ***The book quickly became an international best-seller.***\r\n\r\n**Dr. Yury Zhivago, Pasternak\'s alter ego, is a poet, philosopher, and physician whose life is disrupted by the war and by his love for Lara, the wife of a revolutionary. His artistic nature makes him vulnerable to the brutality and harshness of the Bolsheviks. ***The poems he writ','https://covers.openlibrary.org/b/OLID/OL9058491M-S.jpg','https://covers.openlibrary.org/b/OLID/OL9058491M-M.jpg'),(39806678,145,'Modern Library','Candide','Brought up in the household of a powerful Baron, Candide is an open-minded young man, whose tutor, Pangloss, has instilled in him the belief that \'all is for the best\'. But when his love for the Baron\'s rosy-cheeked daughter is discovered, Candide is cast out to make his own way in the world. \r\n\r\nAnd so he and his various companions begin a breathless tour of Europe, South America and Asia, as an outrageous series of disasters befall them - earthquakes, syphilis, a brush with the Inquisition, murder - sorely testing the young hero\'s optimism.','https://covers.openlibrary.org/b/OLID/OL22244325M-S.jpg','https://covers.openlibrary.org/b/OLID/OL22244325M-M.jpg'),(39826520,379,'Chapman and Hall, Limited','A Tale of Two Cities','A Tale of Two Cities is a historical novel published in 1859 by Charles Dickens, set in London and Paris before and during the French Revolution. The novel tells the story of the French Doctor Manette, his 18-year-long imprisonment in the Bastille in Paris, and his release to live in London with his daughter Lucie whom he had never met. The story is set against the conditions that led up to the French Revolution and the Reign of Terror. In the Introduction to the Encyclopedia of Adventure Fiction, critic Don D\'Ammassa argues that it is an adventure novel because the protagonists are in constant danger of being imprisoned or killed.\r\n\r\nAs Dickens\'s best-known work of historical fiction, A Ta','https://covers.openlibrary.org/b/OLID/OL46835117M-S.jpg','https://covers.openlibrary.org/b/OLID/OL46835117M-M.jpg'),(40216061,420,'Modern Library','Jude the Obscure','Hardy\'s last work of fiction, Jude the Obscure is also one of his most gloomily fatalistic, depicting the lives of individuals who are trapped by forces beyond their control. Jude Fawley, a poor villager, wants to enter the divinity school at Christminster. Sidetracked by Arabella Donn, an earthy country girl who pretends to be pregnant by him, Jude marries her and is then deserted. He earns a living as a stonemason at Christminster; there he falls in love with his independent-minded cousin, Sue Bridehead. Out of a sense of obligation, Sue marries the schoolmaster Phillotson, who has helped her. Unable to bear living with Phillotson, she returns to live with Jude and eventually bears his ch','https://covers.openlibrary.org/b/OLID/OL40216055M-S.jpg','https://covers.openlibrary.org/b/OLID/OL40216055M-M.jpg'),(40281030,384,'Dell','The Murder on the Links','Belgian detective Hercule Poirot is summoned to France after receiving a distressing letter with a urgent cry for help. Upon his arrival in Merlinville-sur-Mer, the investigator finds the man who penned the letter, the South American millionaire Monsieur Renauld, stabbed to death and his body flung into a freshly dug open grave on the golf course adjoining the property. Meanwhile the millionaire\'s wife is found bound and gagged in her room. Apparently, it seems that Renauld and his wife were victims of a failed break-in, resulting in Renauld\'s kidnapping and death.\r\n\r\nThere\'s no lack of suspects: his wife, whose dagger served as the weapon; his embittered son, who would have killed for inde','https://covers.openlibrary.org/b/OLID/OL24214632M-S.jpg','https://covers.openlibrary.org/b/OLID/OL24214632M-M.jpg'),(42344729,384,'Disney - Hyperion','The Lightning Thief','Twelve-year-old Percy Jackson is on the most dangerous quest of his life.  With the help of a satyr and a daughter of Athena, Percy must journey across the United States to catch a thief who has stolen the original weapon of mass destruction—Zeus’ master bolt.  Along the way, he must face a host of mythological enemies determined to stop him.  Most of all, he must come to terms with a father he has never known, and an Oracle that has warned him of betrayal by a friend.','https://covers.openlibrary.org/b/OLID/OL42344729M-S.jpg','https://covers.openlibrary.org/b/OLID/OL42344729M-M.jpg'),(42347879,279,'Disney - Hyperion','The Sea of Monsters','It is the second book in the Percy Jackson series where Percy is sent on a quest (well, I wouldn\'t say SENT) to retrieve the golden fleece that will hep cure Thalia\'s tree to protect camp-half blood. Old enemies appear and new ones emerge. How will Percy and his band of loyal friends survive?','https://covers.openlibrary.org/b/OLID/OL7359831M-S.jpg','https://covers.openlibrary.org/b/OLID/OL7359831M-M.jpg'),(43177171,319,'Hodder and Stoughton','The lost world','Journalist Ed Malone is looking for an adventure, and that\'s exactly what he finds when he meets the eccentric Professor Challenger - an adventure that leads Malone and his three companions deep into the Amazon jungle, to a lost world where dinosaurs roam free.','https://covers.openlibrary.org/b/OLID/OL22885694M-S.jpg','https://covers.openlibrary.org/b/OLID/OL22885694M-M.jpg'),(44094098,354,'A. L. Burt, Publisher','David Copperfield','David Copperfield is the eighth novel by Charles Dickens. The novel\'s full title is The Personal History, Adventures, Experience and Observation of David Copperfield the Younger of Blunderstone Rookery (Which He Never Meant to Publish on Any Account). It was first published as a serial in 1849–50, and as a book in 1850.\r\n\r\nThe novel features the character David Copperfield, and is written in the first person, as a description of his life until middle age, with his own adventures and the numerous friends and enemies he meets along his way. It is his journey of change and growth from infancy to maturity, as people enter and leave his life and he passes through the stages of his development.','https://covers.openlibrary.org/b/OLID/OL44903680M-S.jpg','https://covers.openlibrary.org/b/OLID/OL44903680M-M.jpg'),(46524697,306,'Grosset & Dunlap','The Murder of Roger Ackroyd','Belgian Inspector Hercule Poirot has retired to the countryside in the small English village of King\'s Abbot. Dr. Sheppard, observing his new neighbor, is sure that he must be a former hairdresser. But the brutal murder of a local squire reveals the truth: the peculiar little man is actually a detective par excellence. The Murder of the wealthy industrialist Roger Ackroyd begins the night before with the suicide of Mrs. Ferrars, a wealthy widow. Her death is believed to be an accident, until Roger Ackroyd is stabbed to death in his locked study. There are rumors she poisoned her first husband, rumors that she was being blackmailed, rumors that her secret lover was Roger Ackroyd, a man who k','https://covers.openlibrary.org/b/OLID/OL46524697M-S.jpg','https://covers.openlibrary.org/b/OLID/OL46524697M-M.jpg'),(46835116,412,'Heron Books','Oliver Twist','Oliver Twist; or, The Parish Boy\'s Progress, is the second novel by English author Charles Dickens. It was originally published as a serial from 1837 to 1839, and as a three-volume book in 1838. The story follows the titular orphan, who, after being raised in a workhouse, escapes to London, where he meets a gang of juvenile pickpockets led by the elderly criminal Fagin, discovers the secrets of his parentage, and reconnects with his remaining family.\r\n\r\nOliver Twist unromantically portrays the sordid lives of criminals, and exposes the cruel treatment of the many orphans in London in the mid-19th century.[2] The alternative title, The Parish Boy\'s Progress, alludes to Bunyan\'s The Pilgrim\'s','https://covers.openlibrary.org/b/OLID/OL47307472M-S.jpg','https://covers.openlibrary.org/b/OLID/OL47307472M-M.jpg'),(46927866,378,'n','The Martian Chronicles','This is a collection of science fiction short stories, cleverly cobbled together to form a coherent and very readable novel about a future colonization of Mars. As the stories progress chronologically the author tells how the first humans colonized Mars, initially sharing the planet with a handful of Martians. When Earth is devastated by nuclear war the colony is left to fend for itself and the colonists determine to build a new Earth on Mars.','https://covers.openlibrary.org/b/OLID/OL6247305M-S.jpg','https://covers.openlibrary.org/b/OLID/OL6247305M-M.jpg');
/*!40000 ALTER TABLE `Books` ENABLE KEYS */;
UNLOCK TABLES;

--
-- Table structure for table `Borrow`
--

DROP TABLE IF EXISTS `Borrow`;
/*!40101 SET @saved_cs_client     = @@character_set_client */;
/*!50503 SET character_set_client = utf8mb4 */;
CREATE TABLE `Borrow` (
  `borrow_id` int(11) NOT NULL AUTO_INCREMENT,
  `isbn` int(11) DEFAULT NULL,
  `user_id` int(11) DEFAULT NULL,
  `return_date` date DEFAULT NULL,
  `acquire_date` date NOT NULL,
  `active` bit(1) DEFAULT NULL,
  PRIMARY KEY (`borrow_id`),
  KEY `fk_Borrow_Books` (`isbn`),
  KEY `fk_Borrow_App_user` (`user_id`),
  CONSTRAINT `fk_Borrow_App_user` FOREIGN KEY (`user_id`) REFERENCES `App_user` (`user_id`) ON DELETE CASCADE ON UPDATE CASCADE,
  CONSTRAINT `fk_Borrow_Books` FOREIGN KEY (`isbn`) REFERENCES `Books` (`isbn`) ON DELETE CASCADE ON UPDATE CASCADE
) ENGINE=InnoDB AUTO_INCREMENT=196 DEFAULT CHARSET=utf8mb4 COLLATE=utf8mb4_general_ci;
/*!40101 SET character_set_client = @saved_cs_client */;

--
-- Dumping data for table `Borrow`
--

LOCK TABLES `Borrow` WRITE;
/*!40000 ALTER TABLE `Borrow` DISABLE KEYS */;
INSERT INTO `Borrow` VALUES (1,19484675,88,'2022-11-23','2022-11-16',_binary '\0'),(2,35268128,146,'2022-11-12','2022-11-05',_binary '\0'),(3,21704545,54,'2022-11-26','2022-11-19',_binary '\0'),(4,27064170,24,'2023-03-14','2023-03-07',_binary '\0'),(5,7241634,105,'2022-11-30','2022-11-23',_binary '\0'),(6,7051625,147,'2023-02-06','2023-01-30',_binary '\0'),(7,23330725,71,'2023-03-26','2023-03-19',_binary '\0'),(8,7092075,53,'2023-03-29','2023-03-22',_binary '\0'),(9,7075358,17,'2022-11-30','2022-11-23',_binary '\0'),(10,26336926,136,'2023-03-24','2023-03-17',_binary '\0'),(11,7170239,108,'2022-10-10','2022-10-03',_binary '\0'),(12,39801859,13,'2023-01-17','2023-01-10',_binary '\0'),(13,24623528,24,'2023-01-04','2022-12-28',_binary '\0'),(14,27009189,54,'2022-11-13','2022-11-06',_binary '\0'),(15,24573990,110,'2022-10-23','2022-10-16',_binary '\0'),(16,37824533,7,'2023-02-16','2023-02-09',_binary '\0'),(17,22876225,94,'2023-02-04','2023-01-28',_binary '\0'),(18,7251393,6,'2023-03-02','2023-02-23',_binary '\0'),(19,7157657,144,'2022-11-08','2022-11-01',_binary '\0'),(20,32775849,28,'2023-04-15','2023-04-08',_binary '\0'),(21,32263909,108,'2023-02-16','2023-02-09',_binary '\0'),(22,24232416,27,'2023-04-17','2023-04-10',_binary '\0'),(23,22489412,22,'2022-12-26','2022-12-19',_binary '\0'),(24,27064170,7,'2023-04-04','2023-03-28',_binary '\0'),(25,9631034,18,'2023-03-10','2023-03-03',_binary '\0'),(26,7233294,85,'2022-11-06','2022-10-30',_binary '\0'),(27,21704545,9,'2023-05-04','2023-04-27',_binary '\0'),(28,15015171,72,'2023-03-04','2023-02-25',_binary '\0'),(29,7353846,65,'2022-11-27','2022-11-20',_binary '\0'),(30,46524697,51,'2022-10-29','2022-10-22',_binary '\0'),(31,40216061,76,'2022-11-21','2022-11-14',_binary '\0'),(32,46927866,85,'2022-10-04','2022-09-27',_binary '\0'),(33,7033136,21,'2023-03-21','2023-03-14',_binary '\0'),(34,7069564,77,'2023-01-03','2022-12-27',_binary '\0'),(35,24328342,12,'2023-03-01','2023-02-22',_binary '\0'),(36,24623528,130,'2022-11-16','2022-11-09',_binary '\0'),(37,32232086,11,'2023-03-25','2023-03-18',_binary '\0'),(38,39479436,66,'2023-01-22','2023-01-15',_binary '\0'),(39,7033136,92,'2023-04-13','2023-04-06',_binary '\0'),(40,14048584,134,'2022-10-17','2022-10-10',_binary '\0'),(41,24996307,117,'2023-03-31','2023-03-24',_binary '\0'),(42,37824533,96,'2023-04-23','2023-04-16',_binary '\0'),(43,25538028,69,'2022-10-28','2022-10-21',_binary '\0'),(44,9631034,45,'2023-01-20','2023-01-13',_binary '\0'),(45,23301237,145,'2022-11-15','2022-11-08',_binary '\0'),(46,43177171,90,'2023-04-24','2023-04-17',_binary '\0'),(47,7170239,135,'2023-04-16','2023-04-09',_binary '\0'),(48,7053993,149,'2023-02-08','2023-02-01',_binary '\0'),(49,40281030,52,'2022-12-27','2022-12-20',_binary '\0'),(50,7157657,38,'2023-04-18','2023-04-11',_binary '\0'),(51,11418883,92,'2023-04-27','2023-04-20',_binary '\0'),(52,9631034,76,'2023-01-01','2022-12-25',_binary '\0'),(53,7038266,115,'2023-04-26','2023-04-19',_binary '\0'),(54,39801859,41,'2022-09-24','2022-09-17',_binary '\0'),(55,7101555,100,'2023-04-26','2023-04-19',_binary '\0'),(56,23301237,68,'2023-05-02','2023-04-25',_binary '\0'),(57,7038266,35,'2023-03-19','2023-03-12',_binary '\0'),(58,22876225,129,'2023-04-01','2023-03-25',_binary '\0'),(59,43177171,16,'2022-11-17','2022-11-10',_binary '\0'),(60,26425330,22,'2022-10-05','2022-09-28',_binary '\0'),(61,7170815,114,'2022-11-27','2022-11-20',_binary '\0'),(62,46835116,19,'2023-02-13','2023-02-06',_binary '\0'),(63,7003374,114,'2022-12-20','2022-12-13',_binary '\0'),(64,39479436,23,'2022-10-18','2022-10-11',_binary '\0'),(65,7170239,139,'2022-10-26','2022-10-19',_binary '\0'),(66,26468884,67,'2022-12-27','2022-12-20',_binary '\0'),(67,32775849,156,'2022-12-16','2022-12-09',_binary '\0'),(68,7241634,5,'2022-11-21','2022-11-14',_binary '\0'),(69,24364628,19,'2022-12-16','2022-12-09',_binary '\0'),(70,28345239,120,'2023-04-08','2023-04-01',_binary '\0'),(71,32263909,20,'2023-01-25','2023-01-18',_binary '\0'),(72,6412732,102,'2022-11-14','2022-11-07',_binary '\0'),(73,37824533,84,'2023-03-01','2023-02-22',_binary '\0'),(74,9631034,37,'2023-05-07','2023-04-30',_binary '\0'),(75,6654848,42,'2023-02-06','2023-01-30',_binary '\0'),(76,32232086,150,'2023-01-10','2023-01-03',_binary '\0'),(77,37824533,62,'2023-01-07','2022-12-31',_binary '\0'),(78,35268128,19,'2023-03-01','2023-02-22',_binary '\0'),(79,23365952,150,'2022-10-25','2022-10-18',_binary '\0'),(80,7083362,156,'2023-03-17','2023-03-10',_binary '\0'),(81,40281030,148,'2023-01-25','2023-01-18',_binary '\0'),(82,46524697,69,'2023-01-29','2023-01-22',_binary '\0'),(83,8833344,76,'2023-05-13','2023-05-06',_binary '\0'),(84,27889661,19,'2023-05-17','2023-05-10',_binary '\0'),(85,40216061,26,'2023-03-07','2023-02-28',_binary '\0'),(86,7245993,9,'2023-03-01','2023-02-22',_binary '\0'),(87,33041314,141,'2023-05-17','2023-05-10',_binary '\0'),(88,39801859,134,'2022-11-07','2022-10-31',_binary '\0'),(89,7219307,48,'2023-03-29','2023-03-22',_binary '\0'),(90,7060579,69,'2022-10-14','2022-10-07',_binary '\0'),(91,32232086,131,'2023-05-12','2023-05-05',_binary '\0'),(92,14048584,75,'2023-02-23','2023-02-16',_binary '\0'),(93,33202830,82,'2023-02-10','2023-02-03',_binary '\0'),(94,27064170,47,'2022-09-24','2022-09-17',_binary '\0'),(95,7108332,39,'2023-03-28','2023-03-21',_binary '\0'),(96,7069564,20,'2023-05-12','2023-05-05',_binary '\0'),(97,7245993,33,'2022-11-12','2022-11-05',_binary '\0'),(98,16766351,88,'2022-11-28','2022-11-21',_binary '\0'),(99,22876225,32,'2023-04-19','2023-04-12',_binary '\0'),(100,26425330,28,'2023-03-07','2023-02-28',_binary '\0'),(101,39804749,148,'2023-04-24','2023-04-17',_binary '\0'),(102,7108332,60,'2023-04-05','2023-03-29',_binary '\0'),(103,26336926,102,'2022-11-01','2022-10-25',_binary '\0'),(104,376045,116,'2023-03-09','2023-03-02',_binary '\0'),(105,7233294,30,'2023-01-07','2022-12-31',_binary '\0'),(106,25098005,38,'2022-12-17','2022-12-10',_binary '\0'),(107,24996307,96,'2023-04-08','2023-04-01',_binary '\0'),(108,22489412,11,'2022-11-08','2022-11-01',_binary '\0'),(109,6446293,132,'2023-03-24','2023-03-17',_binary '\0'),(110,39222545,134,'2022-11-21','2022-11-14',_binary '\0'),(111,25440547,130,'2022-09-19','2022-09-12',_binary '\0'),(112,28751751,59,'2023-05-16','2023-05-09',_binary '\0'),(113,26468884,7,'2023-03-11','2023-03-04',_binary '\0'),(114,33202830,72,'2022-12-20','2022-12-13',_binary '\0'),(115,37824533,101,'2023-01-29','2023-01-22',_binary '\0'),(116,24623528,106,'2023-02-04','2023-01-28',_binary '\0'),(117,46835116,120,'2022-09-25','2022-09-18',_binary '\0'),(118,23301237,80,'2022-10-10','2022-10-03',_binary '\0'),(119,39479436,106,'2023-04-23','2023-04-16',_binary '\0'),(120,9631034,97,'2022-11-14','2022-11-07',_binary '\0'),(121,22856696,141,'2022-10-21','2022-10-14',_binary '\0'),(122,6598982,43,'2023-01-24','2023-01-17',_binary '\0'),(123,15015171,154,'2023-01-02','2022-12-26',_binary '\0'),(124,39221187,19,'2023-01-22','2023-01-15',_binary '\0'),(125,46524697,127,'2022-11-16','2022-11-09',_binary '\0'),(126,39826520,55,'2023-04-06','2023-03-30',_binary '\0'),(127,25098005,133,'2023-05-09','2023-05-02',_binary '\0'),(128,24364628,47,'2023-03-22','2023-03-15',_binary '\0'),(129,14021636,75,'2022-12-23','2022-12-16',_binary '\0'),(130,22876225,135,'2023-03-18','2023-03-11',_binary '\0'),(131,7353846,98,'2023-02-08','2023-02-01',_binary '\0'),(132,26379521,121,'2022-11-24','2022-11-17',_binary '\0'),(133,23330498,65,'2023-05-01','2023-04-24',_binary '\0'),(134,6598982,87,'2023-02-01','2023-01-25',_binary '\0'),(135,7233294,118,'2022-11-01','2022-10-25',_binary '\0'),(136,33202830,87,'2023-02-19','2023-02-12',_binary '\0'),(137,8840196,150,'2023-04-30','2023-04-23',_binary '\0'),(138,22876225,120,'2022-10-16','2022-10-09',_binary '\0'),(139,39801859,50,'2023-02-04','2023-01-28',_binary '\0'),(140,39801859,156,'2022-12-09','2022-12-02',_binary '\0'),(141,7103730,104,NULL,'2023-06-01',_binary ''),(142,7075358,78,NULL,'2023-05-28',_binary ''),(143,39479436,136,NULL,'2023-05-28',_binary ''),(144,44094098,19,NULL,'2023-05-30',_binary ''),(145,25516485,134,NULL,'2023-06-03',_binary ''),(146,39479436,131,NULL,'2023-05-29',_binary ''),(147,9134511,149,NULL,'2023-06-02',_binary ''),(148,7003374,103,NULL,'2023-05-28',_binary ''),(149,8840196,73,NULL,'2023-06-02',_binary ''),(150,23301237,70,NULL,'2023-05-26',_binary ''),(151,39806678,32,NULL,'2023-06-03',_binary ''),(152,8840196,34,NULL,'2023-06-03',_binary ''),(153,24328342,80,NULL,'2023-05-28',_binary ''),(154,26468884,82,NULL,'2023-05-29',_binary ''),(155,7033136,16,'2023-06-09','2023-06-01',_binary '\0'),(156,24623528,144,NULL,'2023-06-03',_binary ''),(157,26336926,127,NULL,'2023-05-28',_binary ''),(158,7033136,150,NULL,'2023-06-02',_binary ''),(159,7245993,61,NULL,'2023-05-27',_binary ''),(160,6628780,75,NULL,'2023-06-04',_binary ''),(161,34843449,101,NULL,'2023-06-02',_binary ''),(162,46835116,130,NULL,'2023-05-29',_binary ''),(163,7353846,87,NULL,'2023-05-29',_binary ''),(164,7033136,27,NULL,'2023-05-30',_binary ''),(165,18340958,137,NULL,'2023-05-26',_binary ''),(166,7092075,112,NULL,'2023-05-26',_binary ''),(167,24364628,23,NULL,'2023-05-30',_binary ''),(168,23301237,7,NULL,'2023-05-31',_binary ''),(169,22876225,37,NULL,'2023-05-26',_binary ''),(170,24245739,54,NULL,'2023-06-02',_binary ''),(171,39826520,143,NULL,'2023-05-31',_binary ''),(172,28390491,116,NULL,'2023-05-26',_binary ''),(173,25440547,89,NULL,'2023-05-30',_binary ''),(174,27064170,115,NULL,'2023-05-31',_binary ''),(175,24144374,48,NULL,'2023-05-29',_binary ''),(176,32263909,114,NULL,'2023-06-04',_binary ''),(177,376045,5,'2023-02-06','2023-02-01',_binary '\0'),(178,376045,5,'2023-01-06','2023-01-01',_binary '\0'),(179,376045,5,'2023-03-06','2023-03-01',_binary '\0'),(180,376045,5,'2023-04-06','2023-04-01',_binary '\0'),(181,376045,10,'2023-01-06','2023-01-01',_binary '\0'),(182,376045,10,'2023-02-06','2023-02-01',_binary '\0'),(183,376045,10,'2023-03-06','2023-03-01',_binary '\0'),(184,376045,10,'2023-04-06','2023-04-01',_binary '\0'),(185,376045,10,'2023-01-14','2023-01-07',_binary '\0'),(186,376045,10,'2023-02-14','2023-02-07',_binary '\0'),(187,376045,10,'2023-03-14','2023-03-07',_binary '\0'),(188,376045,10,'2023-04-14','2023-04-07',_binary '\0'),(189,376045,10,'2023-05-14','2023-05-07',_binary '\0'),(190,376045,10,'2023-01-27','2023-01-21',_binary '\0'),(191,376045,10,'2023-02-27','2023-02-21',_binary '\0'),(192,376045,10,'2023-03-27','2023-03-21',_binary '\0'),(193,376045,10,'2022-03-27','2022-03-21',_binary '\0'),(194,376045,5,'2022-04-06','2022-04-01',_binary '\0'),(195,23301237,50,'2023-06-09','2023-06-09',_binary '');
/*!40000 ALTER TABLE `Borrow` ENABLE KEYS */;
UNLOCK TABLES;

--
-- Table structure for table `Categories`
--

DROP TABLE IF EXISTS `Categories`;
/*!40101 SET @saved_cs_client     = @@character_set_client */;
/*!50503 SET character_set_client = utf8mb4 */;
CREATE TABLE `Categories` (
  `category_id` int(11) NOT NULL AUTO_INCREMENT,
  `isbn` int(11) DEFAULT NULL,
  `category` varchar(40) NOT NULL,
  PRIMARY KEY (`category_id`),
  UNIQUE KEY `unique_book_category` (`isbn`,`category`),
  CONSTRAINT `fk_Categories_Books` FOREIGN KEY (`isbn`) REFERENCES `Books` (`isbn`) ON DELETE CASCADE ON UPDATE CASCADE
) ENGINE=InnoDB AUTO_INCREMENT=311 DEFAULT CHARSET=utf8mb4 COLLATE=utf8mb4_general_ci;
/*!40101 SET character_set_client = @saved_cs_client */;

--
-- Dumping data for table `Categories`
--

LOCK TABLES `Categories` WRITE;
/*!40000 ALTER TABLE `Categories` DISABLE KEYS */;
INSERT INTO `Categories` VALUES (280,376045,'action & adventure'),(238,6412732,'drama'),(309,6446293,'history'),(103,6598982,'fantasy'),(104,6598982,'romance'),(150,6628780,'drama'),(149,6628780,'romance'),(179,6654848,'action & adventure'),(180,6654848,'fantasy'),(178,6654848,'mystery'),(41,6904903,'fantasy'),(40,6904903,'science fiction'),(268,6947922,'action & adventure'),(49,6947922,'science fiction'),(18,7003374,'fantasy'),(17,7003374,'science fiction'),(224,7033136,'action & adventure'),(222,7033136,'drama'),(223,7033136,'history'),(32,7038266,'fantasy'),(31,7038266,'science fiction'),(138,7051625,'drama'),(137,7051625,'romance'),(205,7053993,'action & adventure'),(204,7053993,'mystery'),(293,7060579,'history'),(110,7069564,'fantasy'),(111,7069564,'romance'),(12,7075358,'drama'),(13,7075358,'fantasy'),(231,7075358,'romance'),(11,7075358,'science fiction'),(83,7077661,'action & adventure'),(82,7077661,'fantasy'),(123,7083362,'romance'),(4,7092075,'action & adventure'),(3,7092075,'science fiction'),(109,7101555,'fantasy'),(161,7103730,'romance'),(102,7108332,'action & adventure'),(101,7108332,'fantasy'),(165,7128457,'mystery'),(184,7133229,'mystery'),(185,7133229,'romance'),(292,7157657,'history'),(160,7170239,'action & adventure'),(159,7170239,'romance'),(7,7170815,'action & adventure'),(63,7170815,'fantasy'),(298,7170815,'history'),(8,7170815,'romance'),(6,7170815,'science fiction'),(273,7204936,'action & adventure'),(120,7215847,'drama'),(119,7215847,'romance'),(39,7219307,'fantasy'),(38,7219307,'science fiction'),(199,7233294,'fantasy'),(198,7233294,'mystery'),(191,7241634,'mystery'),(208,7245993,'drama'),(285,7245993,'history'),(113,7245993,'romance'),(29,7251393,'action & adventure'),(30,7251393,'fantasy'),(28,7251393,'science fiction'),(70,7353846,'fantasy'),(310,7353846,'history'),(196,8833344,'mystery'),(265,8840196,'action & adventure'),(279,9119922,'action & adventure'),(163,9134511,'romance'),(189,9631034,'mystery'),(190,9631034,'romance'),(192,11418883,'mystery'),(264,13127428,'action & adventure'),(225,13983741,'drama'),(226,13983741,'romance'),(44,14014470,'fantasy'),(43,14014470,'science fiction'),(252,14021636,'action & adventure'),(169,14021636,'drama'),(170,14021636,'fantasy'),(168,14021636,'mystery'),(122,14048584,'romance'),(146,15015171,'fantasy'),(200,15015171,'mystery'),(145,15015171,'romance'),(270,16766351,'action & adventure'),(125,18340958,'drama'),(171,18340958,'mystery'),(124,18340958,'romance'),(172,18340958,'science fiction'),(66,19484675,'action & adventure'),(237,19484675,'drama'),(65,19484675,'fantasy'),(246,21704545,'drama'),(107,22489412,'fantasy'),(108,22489412,'romance'),(267,22735148,'action & adventure'),(263,22856696,'action & adventure'),(92,22856696,'fantasy'),(93,22856696,'mystery'),(94,22856696,'romance'),(133,22876225,'mystery'),(132,22876225,'romance'),(98,22879417,'fantasy'),(99,22879417,'mystery'),(278,23076784,'action & adventure'),(155,23301237,'drama'),(156,23301237,'fantasy'),(154,23301237,'romance'),(96,23330498,'action & adventure'),(95,23330498,'fantasy'),(220,23330725,'drama'),(299,23330725,'history'),(37,23365952,'fantasy'),(36,23365952,'science fiction'),(153,23402697,'fantasy'),(152,23402697,'romance'),(262,24144374,'action & adventure'),(284,24232416,'action & adventure'),(158,24245432,'drama'),(157,24245432,'romance'),(23,24245739,'action & adventure'),(24,24245739,'fantasy'),(22,24245739,'science fiction'),(87,24328342,'fantasy'),(19,24331810,'science fiction'),(211,24349980,'drama'),(212,24364628,'drama'),(213,24364628,'fantasy'),(295,24364628,'history'),(167,24573990,'action & adventure'),(166,24573990,'mystery'),(141,24623528,'mystery'),(140,24623528,'romance'),(217,24872302,'drama'),(218,24872302,'history'),(219,24872302,'romance'),(244,24996307,'drama'),(245,24996307,'romance'),(303,25098005,'history'),(276,25440547,'action & adventure'),(88,25476222,'fantasy'),(86,25515443,'action & adventure'),(84,25515443,'fantasy'),(85,25515443,'science fiction'),(253,25516485,'drama'),(27,25538028,'action & adventure'),(26,25538028,'romance'),(25,25538028,'science fiction'),(81,26278092,'action & adventure'),(79,26278092,'fantasy'),(80,26278092,'mystery'),(282,26336926,'action & adventure'),(148,26379521,'mystery'),(147,26379521,'romance'),(271,26425330,'action & adventure'),(247,26468884,'drama'),(248,26468884,'romance'),(77,27009189,'fantasy'),(78,27009189,'mystery'),(272,27064170,'action & adventure'),(186,27889661,'mystery'),(89,28345239,'fantasy'),(15,28390491,'fantasy'),(14,28390491,'science fiction'),(162,28751751,'romance'),(227,32232086,'drama'),(228,32232086,'fantasy'),(305,32232086,'history'),(229,32232086,'science fiction'),(234,32263909,'drama'),(236,32263909,'mystery'),(235,32263909,'science fiction'),(266,32775849,'action & adventure'),(207,33041314,'mystery'),(249,33152400,'drama'),(250,33152400,'romance'),(183,33170500,'mystery'),(76,33202830,'action & adventure'),(74,33202830,'fantasy'),(75,33202830,'mystery'),(304,34843449,'history'),(297,35268128,'history'),(164,35268128,'mystery'),(130,36636484,'drama'),(131,36636484,'mystery'),(129,36636484,'romance'),(118,36648295,'romance'),(16,37824533,'science fiction'),(68,37826838,'action & adventure'),(67,37826838,'fantasy'),(307,37826838,'history'),(69,37826838,'romance'),(290,39221187,'history'),(117,39221187,'romance'),(210,39222415,'drama'),(116,39222415,'mystery'),(115,39222415,'romance'),(2,39222545,'fantasy'),(286,39222545,'history'),(57,39222545,'mystery'),(58,39222545,'romance'),(1,39222545,'science fiction'),(269,39475933,'action & adventure'),(275,39479436,'action & adventure'),(287,39801859,'history'),(143,39804749,'fantasy'),(142,39804749,'romance'),(301,39806678,'history'),(291,39826520,'history'),(128,40216061,'mystery'),(127,40216061,'romance'),(188,40281030,'action & adventure'),(187,40281030,'mystery'),(277,42344729,'action & adventure'),(281,42347879,'action & adventure'),(10,43177171,'action & adventure'),(64,43177171,'fantasy'),(9,43177171,'science fiction'),(232,44094098,'drama'),(306,44094098,'history'),(194,46524697,'drama'),(193,46524697,'mystery'),(294,46835116,'history'),(47,46927866,'action & adventure'),(46,46927866,'science fiction');
/*!40000 ALTER TABLE `Categories` ENABLE KEYS */;
UNLOCK TABLES;

--
-- Table structure for table `Keywords`
--

DROP TABLE IF EXISTS `Keywords`;
/*!40101 SET @saved_cs_client     = @@character_set_client */;
/*!50503 SET character_set_client = utf8mb4 */;
CREATE TABLE `Keywords` (
  `keyword_id` int(11) NOT NULL AUTO_INCREMENT,
  `isbn` int(11) DEFAULT NULL,
  `keyword` varchar(40) NOT NULL,
  PRIMARY KEY (`keyword_id`),
  UNIQUE KEY `unique_book_keyword` (`isbn`,`keyword`),
  CONSTRAINT `fk_Keywords_Books` FOREIGN KEY (`isbn`) REFERENCES `Books` (`isbn`) ON DELETE CASCADE ON UPDATE CASCADE
) ENGINE=InnoDB AUTO_INCREMENT=1775 DEFAULT CHARSET=utf8mb4 COLLATE=utf8mb4_general_ci;
/*!40101 SET character_set_client = @saved_cs_client */;

--
-- Dumping data for table `Keywords`
--

LOCK TABLES `Keywords` WRITE;
/*!40000 ALTER TABLE `Keywords` DISABLE KEYS */;
INSERT INTO `Keywords` VALUES (1481,376045,'Fantasy'),(1485,376045,'Fantasy - Epic'),(1486,376045,'Fantasy - Series'),(1479,376045,'Fantasy fiction'),(1480,376045,'Fiction'),(1484,376045,'Fiction - Fantasy'),(1487,376045,'Fiction / Fantasy / Epic'),(1488,376045,'Fiction, fantasy, epic'),(1482,376045,'New York Times bestseller'),(1483,376045,'nyt:trade_fiction_paperback=2011-12-31'),(1166,6412732,'Devil'),(1164,6412732,'Drama'),(1169,6412732,'English drama'),(1167,6412732,'German drama'),(1163,6412732,'Good and evil'),(1171,6412732,'Illustrations'),(1172,6412732,'Magicians'),(1165,6412732,'Redemption'),(1170,6412732,'Translations from German'),(1168,6412732,'Translations into English'),(1756,6446293,'Classic'),(1763,6446293,'Classic Literature'),(1759,6446293,'Fiction'),(1762,6446293,'Fiction, historical'),(1764,6446293,'Historical Fiction'),(1757,6446293,'History'),(1760,6446293,'Russia'),(1761,6446293,'Russia (federation), fiction'),(1758,6446293,'Russian Empire'),(477,6598982,'Children\'s fiction'),(472,6598982,'Children\'s stories'),(473,6598982,'Classic Literature'),(479,6598982,'Dorothy Gale (Fictitious character)'),(470,6598982,'Fantasy'),(476,6598982,'Fantasy fiction'),(474,6598982,'Fiction'),(471,6598982,'Juvenile literature'),(475,6598982,'Oz (Imaginary place)'),(478,6598982,'Oz (imaginary place), fiction'),(708,6628780,'Americans'),(712,6628780,'Fathers and daughters'),(707,6628780,'Fiction'),(709,6628780,'Inheritance and succession'),(711,6628780,'Isabel Archer (Fictitious character)'),(715,6628780,'Married people'),(713,6628780,'Married women'),(716,6628780,'Social life and customs'),(710,6628780,'Triangles (Interpersonal relations)'),(714,6628780,'Young women'),(861,6654848,'Classic Literature'),(855,6654848,'Detectives'),(857,6654848,'English Detective and mystery stories'),(859,6654848,'Fiction'),(854,6654848,'Mystery'),(860,6654848,'Police'),(858,6654848,'Private investigators'),(862,6654848,'Private investigators, fiction'),(856,6654848,'Translations into Russian'),(163,6904903,'Adventure and adventurers'),(164,6904903,'Adventure and adventurers in fiction'),(162,6904903,'Cartoons and comics'),(161,6904903,'Explorers'),(160,6904903,'Explorers in fiction'),(156,6904903,'Fiction'),(165,6904903,'French Science fiction'),(158,6904903,'Imaginary Voyages'),(159,6904903,'Imaginary voyages in fiction'),(157,6904903,'Science fiction'),(204,6947922,'Classic Literature'),(205,6947922,'Fiction'),(206,6947922,'Fiction in English'),(213,6947922,'Fiction, science fiction, general'),(207,6947922,'Imperialism'),(208,6947922,'Moon'),(209,6947922,'Science fiction'),(210,6947922,'Space flight to the moon'),(211,6947922,'Translations into Russian'),(212,6947922,'Utopias'),(73,7003374,'Classic Literature'),(70,7003374,'Diseases'),(69,7003374,'Fiction'),(68,7003374,'Fiction in English'),(64,7003374,'Imaginary wars and battles'),(72,7003374,'Invasions'),(65,7003374,'Juvenile fiction'),(71,7003374,'Martians'),(67,7003374,'Science Fiction & Fantasy'),(66,7003374,'Space warfare'),(1084,7033136,'Adventure stories'),(1085,7033136,'Ficción'),(1086,7033136,'Fiction'),(1087,7033136,'Frontier and pioneer life'),(1088,7033136,'Historia'),(1089,7033136,'Historical fiction'),(1090,7033136,'History'),(1091,7033136,'Indians of North America'),(1092,7033136,'Indios de América del Norte'),(1093,7033136,'Juvenile fiction'),(121,7038266,'Animal experimentation'),(124,7038266,'English literature'),(120,7038266,'Fiction'),(125,7038266,'Fiction in English'),(123,7038266,'Fiction, science fiction, general'),(122,7038266,'Horror stories'),(119,7038266,'Islands'),(127,7038266,'Occultism'),(126,7038266,'Science fiction'),(651,7051625,'Fiction'),(658,7051625,'Man-woman relationships'),(657,7051625,'Marriage'),(654,7051625,'Married people'),(655,7051625,'Separated people'),(659,7051625,'Separated women'),(656,7051625,'Social life and customs'),(652,7051625,'Triangles (Interpersonal relations)'),(653,7051625,'Upper class'),(660,7051625,'Upper classes'),(988,7053993,'Criminals'),(989,7053993,'Fiction'),(993,7053993,'Fiction, general'),(992,7053993,'Fiction, mystery & detective, general'),(991,7053993,'Mystery'),(990,7053993,'Private investigators'),(1611,7060579,'Family life'),(1608,7060579,'Fiction'),(1609,7060579,'Fiction, women'),(1604,7060579,'Jeunes filles'),(1612,7060579,'Literatura Norte Americana'),(1603,7060579,'Romans'),(1606,7060579,'Sisters'),(1605,7060579,'Soeurs'),(1607,7060579,'Young women'),(1610,7060579,'Young women, fiction'),(510,7069564,'Children\'s fiction'),(506,7069564,'Classic Literature'),(513,7069564,'Dorothy Gale (Fictitious character)'),(509,7069564,'Fairy tales'),(507,7069564,'Fantasy'),(511,7069564,'Fantasy fiction'),(508,7069564,'Fiction'),(515,7069564,'Fiction, fantasy, general'),(514,7069564,'Juvenile fiction'),(512,7069564,'Oz (imaginary place), fiction'),(34,7075358,'Count Dracula (Fictitious character)'),(35,7075358,'Dracula, Conde (Personaje literario)'),(36,7075358,'Dracula, Count (Fictitious character)'),(37,7075358,'English language'),(38,7075358,'English literature'),(39,7075358,'Fiction'),(40,7075358,'Horror'),(41,7075358,'Horror stories'),(42,7075358,'Horror tales'),(43,7075358,'Monsters'),(378,7077661,'Children\'s fiction'),(373,7077661,'Children\'s literature, English'),(374,7077661,'Children\'s literature, Russian'),(370,7077661,'Children\'s stories, American'),(377,7077661,'Fantasy'),(371,7077661,'Juvenile fiction'),(375,7077661,'Oz (Imaginary place)'),(379,7077661,'Oz (imaginary place), fiction'),(372,7077661,'Translations into Russian'),(376,7077661,'Wizards'),(595,7083362,'Advertising'),(600,7083362,'American Manuscripts'),(598,7083362,'Children of the rich'),(597,7083362,'College students'),(599,7083362,'Facsimiles'),(592,7083362,'Fiction'),(601,7083362,'Manuscripts'),(596,7083362,'Veterans'),(594,7083362,'World War, 1914-1918'),(593,7083362,'Young men'),(10,7092075,'Fiction'),(13,7092075,'Fiction, horror'),(9,7092075,'Frankenstein (Fictitious character)'),(12,7092075,'Monsters'),(14,7092075,'Physicians, fiction'),(11,7092075,'Scientists'),(502,7101555,'Children\'s fiction'),(498,7101555,'Children\'s stories'),(500,7101555,'Classic Literature'),(504,7101555,'Fantasy'),(503,7101555,'Fantasy fiction'),(501,7101555,'Fiction'),(505,7101555,'Fiction, historical, general'),(499,7101555,'Juvenile fiction'),(764,7103730,'Experience'),(757,7103730,'Fiction'),(758,7103730,'Librettos'),(759,7103730,'Masques with music'),(760,7103730,'Poetry'),(761,7103730,'Romance'),(762,7103730,'Scores'),(763,7103730,'Values'),(466,7108332,'American Fantasy fiction'),(469,7108332,'Children\'s fiction'),(468,7108332,'Children: Grades 4-6'),(467,7108332,'Classic Literature'),(460,7108332,'Fairy tales'),(465,7108332,'Fantasy'),(461,7108332,'Fantasy fiction'),(463,7108332,'Fiction'),(462,7108332,'Juvenile fiction'),(464,7108332,'Oz (Imaginary place)'),(800,7128457,'Classic Literature'),(796,7128457,'Detective and mystery fiction'),(801,7128457,'English Detective and mystery stories'),(797,7128457,'Fiction'),(799,7128457,'Historical fiction'),(802,7128457,'Mystery'),(798,7128457,'Mystery fiction'),(803,7128457,'Private investigators'),(804,7128457,'Romans'),(795,7128457,'short stories'),(888,7133229,'Adventure stories'),(884,7133229,'Clergy'),(890,7133229,'Clergy, fiction'),(882,7133229,'Fiction'),(889,7133229,'Fiction, general'),(887,7133229,'Mystery'),(883,7133229,'Scots'),(891,7133229,'South africa, fiction'),(886,7133229,'Viction'),(885,7133229,'Zulu (African people)'),(1597,7157657,'Cartoons and comics'),(1599,7157657,'Christmas stories'),(1595,7157657,'Ebenzer Scrooge (Fictitious character)'),(1600,7157657,'French language books'),(1593,7157657,'Ghost stories'),(1602,7157657,'Navidad'),(1596,7157657,'open_syllabus_project'),(1601,7157657,'Poor families'),(1598,7157657,'Promptbooks'),(1594,7157657,'Readers'),(755,7170239,'Classic Literature'),(752,7170239,'Country life'),(756,7170239,'Drama'),(751,7170239,'Female friendship'),(747,7170239,'Fiction'),(748,7170239,'Older women'),(750,7170239,'Sisters'),(754,7170239,'Social life and customs'),(749,7170239,'Villages'),(753,7170239,'Women'),(22,7170815,'Children\'s stories, Russian'),(18,7170815,'Fiction'),(24,7170815,'Imaginary voyages in fiction'),(20,7170815,'Juvenile literature'),(17,7170815,'Spanish language materials'),(23,7170815,'Specimens'),(16,7170815,'Toy and movable books'),(15,7170815,'Witches'),(19,7170815,'Wizards'),(21,7170815,'Wizards in fiction'),(1411,7204936,'Adventure and adventurers'),(1417,7204936,'Adventure stories'),(1418,7204936,'Conduct of life'),(1410,7204936,'Fiction'),(1416,7204936,'Fiction in English'),(1415,7204936,'Islands'),(1413,7204936,'Juvenile fiction'),(1412,7204936,'Shipwrecks'),(1414,7204936,'Survival'),(564,7215847,'Accident victims'),(565,7215847,'American literature'),(566,7215847,'Children\'s fiction'),(567,7215847,'Classic Literature'),(568,7215847,'domestic fiction'),(569,7215847,'English fiction'),(570,7215847,'Family life'),(571,7215847,'Farm life'),(572,7215847,'Fiction'),(153,7219307,'Classic Literature'),(147,7219307,'Fiction'),(154,7219307,'Fiction, fantasy, general'),(155,7219307,'Fiction, science fiction, general'),(152,7219307,'Literature'),(151,7219307,'Science fiction'),(149,7219307,'Technological innovations'),(150,7219307,'Time travel'),(148,7219307,'Twenty-first century'),(961,7233294,'Classic Literature'),(962,7233294,'Fiction'),(966,7233294,'Investigation'),(965,7233294,'Married women'),(969,7233294,'Murder'),(963,7233294,'Mystery'),(967,7233294,'Social conditions'),(968,7233294,'Women'),(964,7233294,'Women detectives'),(920,7241634,'Crime, fiction'),(916,7241634,'Fiction'),(919,7241634,'Fiction, mystery & detective, general'),(917,7241634,'Mystery'),(918,7241634,'Suspense'),(516,7245993,'Brothers and sisters'),(517,7245993,'Children\'s fiction'),(518,7245993,'Courtship'),(519,7245993,'Drama'),(520,7245993,'English fiction'),(521,7245993,'English literature'),(522,7245993,'Families'),(523,7245993,'Family'),(524,7245993,'Family life'),(110,7251393,'Anarchists'),(112,7251393,'Bombings'),(118,7251393,'Classic Literature'),(111,7251393,'Conspiracies'),(114,7251393,'Drama'),(117,7251393,'Dutch'),(109,7251393,'Fiction'),(115,7251393,'Fiction in English'),(113,7251393,'Royal Greenwich Observatory'),(116,7251393,'Trading companies'),(324,7353846,'Brothers and sisters'),(330,7353846,'England'),(322,7353846,'Fairies'),(328,7353846,'Fairy tales'),(327,7353846,'Fantasy'),(321,7353846,'Fiction'),(325,7353846,'History'),(326,7353846,'Juvenile fiction'),(329,7353846,'Stories'),(323,7353846,'Wishes'),(941,8833344,'Agatha Christie'),(945,8833344,'Detective'),(950,8833344,'Fiction'),(944,8833344,'Hercule Poirot'),(949,8833344,'Humour'),(948,8833344,'Juvenile'),(946,8833344,'Murder'),(947,8833344,'Mystery'),(943,8833344,'P.I.'),(942,8833344,'Private investigator'),(1335,8840196,'Bewährung'),(1331,8840196,'foster homes'),(1333,8840196,'Intrige'),(1337,8840196,'Junge'),(1330,8840196,'orphans'),(1339,8840196,'Rettung'),(1338,8840196,'Sport'),(1332,8840196,'Waisenkind'),(1336,8840196,'Wettkampf'),(1334,8840196,'Wiederbelebung'),(1476,9119922,'Brothers and sisters'),(1477,9119922,'Curricula'),(1469,9119922,'Fiction'),(1470,9119922,'Indians of North America'),(1471,9119922,'Islands'),(1472,9119922,'Juvenile fiction'),(1473,9119922,'Newbery Medal'),(1474,9119922,'Survival'),(1475,9119922,'Survival skills'),(1478,9119922,'Survival Stories'),(784,9134511,'Courtship'),(777,9134511,'Family life'),(780,9134511,'Ficció histórica'),(775,9134511,'Fiction'),(778,9134511,'Historias de amor'),(781,9134511,'Historical fiction'),(779,9134511,'Love stories'),(783,9134511,'Novela'),(782,9134511,'Novels'),(776,9134511,'Vida familiar'),(914,9631034,'Fiction'),(915,9631034,'Fiction, mystery & detective, general'),(912,9631034,'Mystery'),(913,9631034,'Suspense'),(921,11418883,'Classic Literature'),(922,11418883,'Fiction'),(925,11418883,'Fiction, mystery & detective, general'),(926,11418883,'Fiction, thrillers, general'),(927,11418883,'Large type books'),(928,11418883,'Mystery'),(923,11418883,'mystery and suspense'),(929,11418883,'suspense'),(924,11418883,'Yachting'),(1323,13127428,'Fantasy'),(1320,13127428,'Fantasy fiction'),(1322,13127428,'Fiction'),(1325,13127428,'Juvenile fiction'),(1327,13127428,'Magic'),(1324,13127428,'Nestlé Smarties Book Prize winner'),(1321,13127428,'school stories'),(1328,13127428,'Schools'),(1329,13127428,'Spanish language materials'),(1326,13127428,'Wizards'),(1097,13983741,'Classics'),(1101,13983741,'English drama'),(1094,13983741,'English literature: Shakespeare texts'),(1098,13983741,'For National Curriculum Key Stage 3'),(1096,13983741,'Literary Criticism'),(1100,13983741,'performing arts'),(1099,13983741,'play'),(1095,13983741,'Plays / Drama'),(1102,13983741,'tragicomedy'),(175,14014470,'Classic Literature'),(176,14014470,'Collisions with Earth'),(177,14014470,'Comets'),(178,14014470,'Fiction'),(179,14014470,'Fiction in English'),(183,14014470,'Fiction, political'),(182,14014470,'Fiction, science fiction, general'),(180,14014470,'Science fiction'),(181,14014470,'Utopias'),(822,14021636,'Alegorías'),(814,14021636,'Anarchists'),(823,14021636,'Anarquistas'),(821,14021636,'Classic Literature'),(820,14021636,'Ficción'),(818,14021636,'Fiction'),(817,14021636,'Libros en letra grande'),(815,14021636,'Novela de misterio'),(819,14021636,'Novela fantástica'),(816,14021636,'Police'),(583,14048584,'Classic Literature'),(586,14048584,'Fiction'),(589,14048584,'Interpersonal relations'),(584,14048584,'Male friendship'),(585,14048584,'Open Library Staff Picks'),(590,14048584,'open_syllabus_project'),(582,14048584,'Romance'),(591,14048584,'Sisters'),(587,14048584,'Social classes'),(588,14048584,'Social conditions'),(690,15015171,'Belgians'),(694,15015171,'Captain Hastings (Fictitious character)'),(692,15015171,'Detective and mystery stories'),(691,15015171,'English Detective and mystery stories'),(695,15015171,'English Short stories'),(693,15015171,'Fiction'),(688,15015171,'Hercule Poirot (Fictitious character)'),(696,15015171,'Historical Fiction'),(689,15015171,'Private investigators'),(1380,16766351,'Caldecott Medal'),(1381,16766351,'Dreams'),(1382,16766351,'Fantasy'),(1383,16766351,'Fantasy fiction'),(1384,16766351,'Fiction'),(1385,16766351,'Imagination'),(1386,16766351,'Juvenile fiction'),(1387,16766351,'Miniature books'),(1388,16766351,'Monsters'),(1389,16766351,'Specimens'),(604,18340958,'Degeneration'),(606,18340958,'Description and travel'),(607,18340958,'Diaries'),(610,18340958,'English literature'),(602,18340958,'Fiction'),(605,18340958,'Literature'),(603,18340958,'Romance'),(608,18340958,'Sailors'),(609,18340958,'Short stories'),(611,18340958,'Suffering'),(310,19484675,'Bibliography'),(308,19484675,'Children\'s plays, English'),(302,19484675,'Courtship'),(301,19484675,'Drama'),(305,19484675,'Hippolyta (Greek mythology)'),(307,19484675,'Juvenile drama'),(304,19484675,'Plays'),(309,19484675,'Stage history'),(306,19484675,'Theseus (Greek mythology)'),(303,19484675,'Translations into German'),(1202,21704545,'Brothers and sisters'),(1203,21704545,'Children\'s stories'),(1204,21704545,'Classic Literature'),(1205,21704545,'Country life'),(1206,21704545,'Family'),(1207,21704545,'Family life'),(1208,21704545,'Fiction'),(1209,21704545,'Fiction in English'),(1210,21704545,'History'),(1211,21704545,'Juvenile Literature'),(490,22489412,'Brothers and sisters'),(495,22489412,'Brothers and sisters in fiction'),(488,22489412,'English Fantasy fiction'),(494,22489412,'Fiction'),(492,22489412,'Great Britain in fiction'),(491,22489412,'Juvenile fiction'),(489,22489412,'Magic'),(493,22489412,'Magic in fiction'),(497,22489412,'Mythical Animals'),(496,22489412,'Phoenix (Mythical bird)'),(1353,22735148,'Adventure stories'),(1354,22735148,'Children and adults'),(1358,22735148,'Experiments'),(1357,22735148,'Fantasy'),(1356,22735148,'Juvenile fiction'),(1352,22735148,'Kidnapping'),(1355,22735148,'Open Library Staff Picks'),(1351,22735148,'Polar bears'),(1350,22735148,'Political theology'),(1359,22735148,'Witches'),(434,22856696,'Challenges and Overcoming Obstacles'),(436,22856696,'Cleverness'),(430,22856696,'Ghosts'),(435,22856696,'Magic and Supernatural'),(431,22856696,'Monsters'),(437,22856696,'School Life'),(438,22856696,'school stories'),(432,22856696,'Vampires'),(433,22856696,'Witches'),(439,22856696,'Wizards'),(633,22876225,'Adultery'),(640,22876225,'Classic Literature'),(632,22876225,'Fiction'),(641,22876225,'Literature'),(634,22876225,'Married women'),(638,22876225,'Russian literature'),(636,22876225,'Social conditions'),(635,22876225,'Social life and customs'),(639,22876225,'Upper class'),(637,22876225,'Upper class women'),(457,22879417,'Brothers and sisters'),(456,22879417,'England'),(451,22879417,'Fantasy'),(450,22879417,'Fiction'),(454,22879417,'Friendship'),(455,22879417,'History'),(459,22879417,'Juvenile fiction'),(452,22879417,'Magic'),(453,22879417,'Rings'),(458,22879417,'Wishes'),(1468,23076784,'Action & Adventure'),(1464,23076784,'Comic books, strips'),(1467,23076784,'Comics & Graphic Novels'),(1462,23076784,'Fiction'),(1461,23076784,'Graphic novels'),(1466,23076784,'Graphic Novels - Manga'),(1459,23076784,'High school teachers'),(1463,23076784,'High schools'),(1460,23076784,'Man-woman relationships'),(1465,23076784,'Manga'),(735,23301237,'Aristocracy (Social class)'),(727,23301237,'Classic Literature'),(728,23301237,'Concordances'),(729,23301237,'Fiction'),(730,23301237,'Illustrations'),(731,23301237,'Japanese fiction'),(732,23301237,'Literature'),(736,23301237,'Manners and customs'),(734,23301237,'Princes'),(733,23301237,'Social life and customs'),(446,23330498,'Children\'s fiction'),(445,23330498,'Classic Literature'),(440,23330498,'Fairy tales'),(444,23330498,'Fantasy'),(447,23330498,'Fantasy fiction'),(442,23330498,'Fiction'),(449,23330498,'Fiction, fantasy, general'),(441,23330498,'Juvenile Fiction'),(443,23330498,'Oz (Imaginary place)'),(448,23330498,'Oz (imaginary place), fiction'),(1065,23330725,'Bibliography'),(1067,23330725,'Classical Literature'),(1069,23330725,'Conflict of generations'),(1068,23330725,'Conflicto entre generaciones'),(1070,23330725,'courtship'),(1071,23330725,'Criticism and interpretation'),(1072,23330725,'Drama'),(1073,23330725,'Drama inglés'),(1066,23330725,'English Children\'s plays'),(139,23365952,'Classic Literature'),(142,23365952,'English fiction'),(144,23365952,'Fantastic fiction'),(138,23365952,'Fiction'),(146,23365952,'Fiction, political'),(145,23365952,'London (england), fiction'),(143,23365952,'Political fiction'),(141,23365952,'Politics and government'),(140,23365952,'Science Fiction'),(724,23402697,'Classic Literature'),(723,23402697,'English Sea stories'),(717,23402697,'Fiction'),(726,23402697,'FICTION / Classics'),(722,23402697,'Latin America in fiction'),(725,23402697,'Manners and customs'),(718,23402697,'Revolutions'),(719,23402697,'Revolutions in fiction'),(720,23402697,'Sailors'),(721,23402697,'Sailors in fiction'),(1309,24144374,'Castaways in fiction'),(1307,24144374,'Fiction'),(1302,24144374,'Fiction in Spanish'),(1301,24144374,'Imaginary Voyages'),(1306,24144374,'Language arts (Secondary)'),(1304,24144374,'Pirates in fiction'),(1305,24144374,'Publishers\' binding'),(1300,24144374,'Robinson Cusoe'),(1308,24144374,'Solitude in fiction'),(1303,24144374,'Toy and movable books'),(1526,24232416,'Fairies'),(1527,24232416,'Fathers and sons'),(1524,24232416,'Juvenile fiction'),(1521,24232416,'Kidnapping'),(1523,24232416,'Magia'),(1522,24232416,'Magic'),(1520,24232416,'Mothers and sons'),(1525,24232416,'Padre e hijos'),(1518,24232416,'science fiction'),(1519,24232416,'Secuestro'),(746,24245432,'Classic Literature'),(741,24245432,'Farm life'),(740,24245432,'Farm life in fiction'),(737,24245432,'Fiction'),(745,24245432,'Fiction in English'),(743,24245432,'Social life and customs'),(742,24245432,'Triangles (Interpersonal relations)'),(744,24245432,'Wessex (England in fiction'),(738,24245432,'Women farmers'),(739,24245432,'Women farmers in fiction'),(98,24245739,'Children\'s stories, French'),(91,24245739,'Fiction'),(90,24245739,'Fiction in English'),(94,24245739,'French language'),(92,24245739,'Specimens'),(95,24245739,'Submarine boats'),(97,24245739,'Submarines'),(89,24245739,'Toy and movable books'),(96,24245739,'Translations from French'),(93,24245739,'Underwater exploration'),(390,24328342,'adventure'),(394,24328342,'childhood'),(398,24328342,'Children\'s fiction'),(391,24328342,'fantasy'),(392,24328342,'friendship'),(399,24328342,'Friendship, fiction'),(397,24328342,'Italian language'),(396,24328342,'loneliness'),(395,24328342,'loss'),(393,24328342,'love'),(80,24331810,'Classic Literature'),(77,24331810,'Dystopias in fiction'),(75,24331810,'Fiction'),(74,24331810,'Fiction in English'),(78,24331810,'Literature'),(81,24331810,'Open Library Staff Picks'),(79,24331810,'Scientists'),(82,24331810,'Scientists in fiction'),(76,24331810,'Time travel in fiction'),(1035,24349980,'Familia'),(1031,24349980,'Muerte'),(1028,24349980,'nonfiction classics'),(1034,24349980,'Padres'),(1027,24349980,'performing arts'),(1033,24349980,'Príncipes'),(1029,24349980,'Shakespeare plays, texts'),(1036,24349980,'Sucesión'),(1030,24349980,'Teatro'),(1032,24349980,'Tragedias'),(1037,24364628,'Authors'),(1038,24364628,'Benefactors'),(1039,24364628,'Bildungsromans'),(1040,24364628,'Boys'),(1041,24364628,'Child and youth fiction'),(1042,24364628,'Children\'s fiction'),(1043,24364628,'Classic Literature'),(1044,24364628,'Coming of age'),(1045,24364628,'Conduct of life'),(805,24573990,'Accessible book'),(809,24573990,'Choral conductors'),(813,24573990,'Choral conductors in fiction'),(812,24573990,'England in fiction'),(811,24573990,'England, fiction'),(808,24573990,'Fiction'),(806,24573990,'Missing persons'),(810,24573990,'Separation (Psychology)'),(807,24573990,'Triangles (Interpersonal relations)'),(678,24623528,'Ambition'),(677,24623528,'Church and state'),(679,24623528,'Criticism and interpretation'),(671,24623528,'Fiction'),(675,24623528,'French language'),(673,24623528,'Social life and customs'),(676,24623528,'Stendhal, pseud., 1783-1842'),(672,24623528,'Young men'),(674,24623528,'Young men in literature'),(1061,24872302,'Classical literature'),(1058,24872302,'Dialects'),(1060,24872302,'Fiction'),(1055,24872302,'great_books_of_the_western_world'),(1064,24872302,'Juvenile literature'),(1062,24872302,'Odiseo (Mitología griega)'),(1056,24872302,'Odysseus (Greek mythology)'),(1063,24872302,'Open Library Staff Picks'),(1059,24872302,'Poetry'),(1057,24872302,'Readers'),(1194,24996307,'Brothers and sisters'),(1201,24996307,'Children\'s plays, English'),(1193,24996307,'Drama'),(1199,24996307,'English literature'),(1200,24996307,'History and criticism'),(1197,24996307,'Juvenile drama'),(1196,24996307,'Mistaken identity'),(1198,24996307,'Plays'),(1195,24996307,'Twins'),(1701,25098005,'1835-1910'),(1702,25098005,'19th Century'),(1706,25098005,'American'),(1708,25098005,'Children'),(1705,25098005,'Classic'),(1704,25098005,'Fiction'),(1703,25098005,'Historical'),(1700,25098005,'Mark Twain'),(1707,25098005,'Novel'),(1699,25098005,'The Adventures of Tom Sawyer'),(1446,25440547,'Contests'),(1441,25440547,'Fiction'),(1439,25440547,'Insurgency'),(1443,25440547,'Interpersonal relations'),(1445,25440547,'Large type books'),(1442,25440547,'Science fiction'),(1440,25440547,'Survival'),(1447,25440547,'Survival skills'),(1444,25440547,'Television programs'),(1448,25440547,'Young adult fiction'),(407,25476222,'Children\'s fiction'),(409,25476222,'Children: Grades 4-6'),(404,25476222,'Classic Literature'),(400,25476222,'Fairy tales'),(403,25476222,'Fantasy'),(406,25476222,'Fantasy fiction'),(401,25476222,'Fiction'),(405,25476222,'Juvenile fiction'),(402,25476222,'Oz (Imaginary place)'),(408,25476222,'Oz (imaginary place), fiction'),(386,25515443,'Children\'s fiction'),(381,25515443,'Children\'s stories'),(382,25515443,'Children\'s stories, American'),(384,25515443,'Fairy tales'),(380,25515443,'Fantasy'),(385,25515443,'Fantasy fiction'),(389,25515443,'Illustrated children\'s books'),(383,25515443,'Juvenile fiction'),(388,25515443,'Large type books'),(387,25515443,'Oz (imaginary place), fiction'),(1246,25516485,'Classic Literature'),(1244,25516485,'Drama'),(1241,25516485,'Fiction'),(1249,25516485,'open_syllabus_project'),(1250,25516485,'Roman'),(1242,25516485,'Single women'),(1243,25516485,'Social classes'),(1245,25516485,'Social life and customs'),(1247,25516485,'Social status'),(1248,25516485,'Social values'),(102,25538028,'Denkbeeldige landen'),(108,25538028,'Fiction'),(100,25538028,'Fiction, general'),(107,25538028,'Film adaptations'),(103,25538028,'Film and video adaptations'),(99,25538028,'Fourth dimension'),(106,25538028,'Geometry'),(104,25538028,'Meetkunde'),(101,25538028,'Open Library Staff Picks'),(105,25538028,'Science Fiction'),(367,26278092,'Child and youth fiction'),(365,26278092,'Children\'s fiction'),(362,26278092,'Classic Literature'),(366,26278092,'Fantasy fiction'),(363,26278092,'Fiction'),(369,26278092,'Juvenile fiction'),(364,26278092,'Juvenile Literature'),(361,26278092,'Litterature fantastique'),(360,26278092,'Roman pour la jeunesse'),(368,26278092,'Wishes'),(1501,26336926,'camping'),(1507,26336926,'Fiction'),(1505,26336926,'Juvenile fiction'),(1506,26336926,'Mice'),(1508,26336926,'Mice -- Fiction'),(1500,26336926,'motorcycling'),(1502,26336926,'running away'),(1504,26336926,'summer'),(1503,26336926,'summer camp'),(1499,26336926,'watchdogs'),(697,26379521,'Belgians'),(702,26379521,'English Detective and mystery stories'),(698,26379521,'Fiction'),(699,26379521,'Fiction in English'),(700,26379521,'Hercule Poirot (Fictitious character)'),(704,26379521,'Historical Fiction'),(703,26379521,'murder'),(705,26379521,'Mystery'),(701,26379521,'Private investigators'),(706,26379521,'Romance'),(1390,26425330,'Action & Adventure'),(1391,26425330,'American Fantasy fiction'),(1392,26425330,'Betrayal'),(1393,26425330,'Bien y mal'),(1394,26425330,'Civil war'),(1395,26425330,'Courts and courtiers'),(1396,26425330,'Dragons'),(1397,26425330,'Epic'),(1398,26425330,'epic fantasy'),(1399,26425330,'epic fiction'),(1212,26468884,'Drama'),(1219,26468884,'English Young adult drama'),(1221,26468884,'Film and video adaptations'),(1214,26468884,'History'),(1218,26468884,'In literature'),(1217,26468884,'In motion pictures'),(1220,26468884,'Kings and rulers'),(1213,26468884,'open_syllabus_project'),(1215,26468884,'Sources'),(1216,26468884,'Stage history'),(350,27009189,'Accessible book'),(355,27009189,'Children\'s stories, Italian'),(358,27009189,'dormice'),(354,27009189,'Fairy tales'),(351,27009189,'Fantasy'),(353,27009189,'Fiction'),(356,27009189,'Latin language'),(352,27009189,'Puppets'),(357,27009189,'Readers'),(359,27009189,'ringmasters'),(1400,27064170,'Action/Adventure'),(1407,27064170,'Apocalyptic literature'),(1408,27064170,'Competition'),(1401,27064170,'Fantasy'),(1406,27064170,'Games'),(1405,27064170,'independence'),(1404,27064170,'interdependence'),(1403,27064170,'juvenile works'),(1402,27064170,'teen fiction'),(1409,27064170,'teenage girls'),(898,27889661,'Classic Literature'),(893,27889661,'Fathers and sons'),(892,27889661,'Fiction'),(896,27889661,'Inheritance and succession'),(901,27889661,'Interpersonal relations'),(899,27889661,'Mystery'),(897,27889661,'Psychology'),(895,27889661,'Revenge'),(900,27889661,'Social classes'),(894,27889661,'Young men'),(410,28345239,'Arkenstone'),(411,28345239,'Battle of Five Armies'),(417,28345239,'dragons'),(418,28345239,'dwarves'),(414,28345239,'eagles'),(419,28345239,'elves'),(415,28345239,'hobbits'),(412,28345239,'invisibility'),(413,28345239,'thrushes'),(416,28345239,'wizards'),(45,28390491,'Brainwashing'),(51,28390491,'Culture'),(47,28390491,'Fiction'),(53,28390491,'Fiction in English'),(46,28390491,'Moral and ethical aspects of Science'),(50,28390491,'Passivity (Psychology)'),(52,28390491,'Propaganda'),(48,28390491,'Science and state'),(49,28390491,'Social problems'),(44,28390491,'Utopias'),(771,28751751,'Children\'s Books - Young Adult Fiction'),(773,28751751,'Children: Young Adult (Gr. 10-12)'),(770,28751751,'Fiction'),(769,28751751,'Juvenile Fiction'),(765,28751751,'New York Times bestseller'),(766,28751751,'nyt:series_books=2008-03-15'),(767,28751751,'School & Education'),(774,28751751,'Schools'),(772,28751751,'Science Fiction, Fantasy, & Magic'),(768,28751751,'Vampires'),(1103,32232086,'Drama'),(1109,32232086,'English literature'),(1111,32232086,'History'),(1110,32232086,'History and criticism'),(1104,32232086,'Jews'),(1107,32232086,'Juvenile drama'),(1105,32232086,'Moneylenders'),(1108,32232086,'Plays'),(1112,32232086,'Problems'),(1106,32232086,'Shylock (Fictitious character)'),(1149,32263909,'Aging parents'),(1148,32263909,'Britons'),(1143,32263909,'Drama'),(1145,32263909,'Fathers and daughters'),(1147,32263909,'Inheritance and succession'),(1144,32263909,'King Lear (Legendary character)'),(1146,32263909,'Kings and rulers'),(1152,32263909,'Lear, King (Legendary character)'),(1150,32263909,'Stage history'),(1151,32263909,'Textual Criticism'),(1346,32775849,'Action & Adventure'),(1347,32775849,'Classics'),(1344,32775849,'English Children\'s stories'),(1349,32775849,'English Fantasy fiction'),(1345,32775849,'Fantasy & Magic'),(1341,32775849,'fauns'),(1348,32775849,'juvenile works'),(1343,32775849,'lions'),(1340,32775849,'the Blitz'),(1342,32775849,'Turkish Delight'),(1007,33041314,'England, fiction'),(1004,33041314,'Fiction'),(1006,33041314,'Fiction, mystery & detective, general'),(1005,33041314,'Mystery'),(1008,33041314,'Young women, fiction'),(1226,33152400,'Fiction'),(1224,33152400,'Hunters'),(1227,33152400,'Hunters in fiction'),(1229,33152400,'Indians of North America in fiction'),(1228,33152400,'Indiens de l\'Amérique du Nord'),(1230,33152400,'Iroquois Indians'),(1223,33152400,'Male friendship'),(1225,33152400,'Scouts and scouting in fiction'),(1222,33152400,'United States in fiction'),(881,33170500,'Fiction'),(873,33170500,'Fiction, thrillers, espionage'),(876,33170500,'Fiction, war & military'),(874,33170500,'Great britain, fiction'),(879,33170500,'Literature'),(880,33170500,'Mystery'),(877,33170500,'Richard Hannay (Fictitious character)'),(878,33170500,'World War, 1914-1918'),(875,33170500,'World war, 1914-1918, fiction'),(347,33202830,'Child and youth fiction'),(342,33202830,'Children\'s fiction'),(340,33202830,'Fairy tales'),(348,33202830,'Fiction, fantasy, general'),(349,33202830,'Fiction, historical, general'),(341,33202830,'Juvenile fiction'),(346,33202830,'Literature and fiction, juvenile'),(344,33202830,'Literature and fiction, science fiction'),(345,33202830,'Magic, fiction'),(343,33202830,'Princesses, fiction'),(1714,34843449,'American literature'),(1710,34843449,'Fiction'),(1709,34843449,'Hester Prynne (Fictitious character)'),(1711,34843449,'History'),(1713,34843449,'Illegitimate children'),(1716,34843449,'Puritans'),(1712,34843449,'Triangles (Interpersonal relations)'),(1715,34843449,'Women immigrants'),(789,35268128,'amorality'),(790,35268128,'Anglo-Saxons'),(791,35268128,'Apaces'),(792,35268128,'aristocracy'),(793,35268128,'banks'),(794,35268128,'barques'),(785,35268128,'Classic Literature'),(788,35268128,'Conclusions'),(786,35268128,'Murder'),(787,35268128,'Mystery'),(631,36636484,'Country homes'),(628,36636484,'Detective and mystery stories'),(626,36636484,'Drama'),(624,36636484,'East Indians'),(630,36636484,'English fiction'),(622,36636484,'Fiction'),(627,36636484,'History'),(623,36636484,'Jewelry theft'),(625,36636484,'Police'),(629,36636484,'Readers'),(561,36648295,'Appreciation'),(562,36648295,'Children of the rich'),(555,36648295,'Cousins'),(563,36648295,'English Love stories'),(559,36648295,'Families'),(556,36648295,'Fiction'),(558,36648295,'Horror tales'),(554,36648295,'Mate selection'),(560,36648295,'Uncles'),(557,36648295,'Young women'),(55,37824533,'censorship'),(54,37824533,'futurology'),(59,37824533,'historical negationism'),(60,37824533,'memory holes'),(62,37824533,'Outer Party'),(57,37824533,'rebels'),(63,37824533,'resistance movements'),(58,37824533,'sting operations'),(56,37824533,'surveillance'),(61,37824533,'thoughtcrime'),(313,37826838,'Classic Literature'),(319,37826838,'Early works to 1800'),(314,37826838,'Fiction'),(312,37826838,'Machiavel, Nicolas, 1469-1527. Prince'),(317,37826838,'Morale politique'),(315,37826838,'Ouvrages avant 1800'),(320,37826838,'Political ethics'),(318,37826838,'Political science'),(311,37826838,'Political science, early works to 1800'),(316,37826838,'Science politique'),(544,39221187,'Fiction, Romance, Historical, Regency'),(552,39221187,'Gentry'),(545,39221187,'Inheritance and succession, fiction'),(550,39221187,'Literature'),(546,39221187,'Mate selection, fiction'),(551,39221187,'Readers'),(553,39221187,'Sisters, fiction'),(547,39221187,'Social classes, fiction'),(548,39221187,'Text-books for foreigners'),(549,39221187,'Young women,  fiction'),(535,39222415,'Children\'s fiction'),(536,39222415,'Classic fiction'),(537,39222415,'Classic Literature'),(538,39222415,'Country homes'),(539,39222415,'Country life'),(540,39222415,'Cousins'),(541,39222415,'death'),(542,39222415,'Drama'),(543,39222415,'English language'),(6,39222545,'adventure and adventurers'),(7,39222545,'adventure and adventurers, fiction'),(8,39222545,'adventure stories'),(3,39222545,'classics'),(4,39222545,'Fantasy & Magic'),(1,39222545,'Fiction, fantasy, general'),(5,39222545,'Imagination & Play'),(2,39222545,'JUVENILE FICTION'),(1376,39475933,'Apocalyptic fiction'),(1377,39475933,'Dystopian fiction'),(1373,39475933,'effects of war'),(1378,39475933,'Fiction'),(1379,39475933,'Juvenile works'),(1372,39475933,'oppression'),(1375,39475933,'Science fiction'),(1374,39475933,'self-sacrifice'),(1370,39475933,'severe poverty'),(1371,39475933,'starvation'),(1435,39479436,'Dryosaurus'),(1436,39479436,'Hypsilophodon'),(1438,39479436,'Maiasaura'),(1432,39479436,'Mussaurus'),(1431,39479436,'Ornitholestes'),(1437,39479436,'Parasaurolophus'),(1429,39479436,'prions'),(1433,39479436,'Procompsognathus'),(1430,39479436,'scrapie'),(1434,39479436,'Triceratops'),(1548,39801859,'Bible'),(1553,39801859,'Bible - General'),(1550,39801859,'Bibles'),(1551,39801859,'Biblical Studies - General'),(1554,39801859,'Commentaries'),(1547,39801859,'Early works to 1800'),(1546,39801859,'Glossaries, vocabularies'),(1545,39801859,'Manuscripts, Latin (Medieval and modern)'),(1549,39801859,'Religion'),(1552,39801859,'Religion / Bible / General'),(683,39804749,'958'),(680,39804749,'Fiction'),(682,39804749,'Fiction, historical, general'),(681,39804749,'History'),(685,39804749,'Politics'),(684,39804749,'Prohibited book'),(687,39804749,'Revolution'),(686,39804749,'Soviet Union'),(1684,39806678,'Civilization'),(1679,39806678,'Conduct of life'),(1686,39806678,'Enlightenment'),(1683,39806678,'Fiction'),(1688,39806678,'Life'),(1681,39806678,'Literatura francesa'),(1685,39806678,'Moral conditions'),(1687,39806678,'Politics and government'),(1680,39806678,'Readers'),(1682,39806678,'Satire'),(1584,39826520,'British'),(1585,39826520,'Children\'s fiction'),(1592,39826520,'classics'),(1586,39826520,'Criticism and interpretation'),(1587,39826520,'English fiction'),(1588,39826520,'English literature'),(1589,39826520,'Executions and executioners'),(1590,39826520,'Fathers and daughters'),(1591,39826520,'Fiction'),(619,40216061,'Adultery'),(613,40216061,'Death'),(621,40216061,'Diseases and pests'),(615,40216061,'Fiction'),(617,40216061,'Man-woman relationships'),(618,40216061,'open_syllabus_project'),(614,40216061,'Pine'),(612,40216061,'Social life and customs'),(620,40216061,'Stonemasons'),(616,40216061,'Unmarried couples'),(908,40281030,'English Detective and mystery stories'),(902,40281030,'Fiction'),(906,40281030,'Fiction in English'),(910,40281030,'Golf courses'),(903,40281030,'Hercule Poirot (Fictitious character)'),(907,40281030,'Investigation'),(911,40281030,'Large type books'),(905,40281030,'Murder'),(909,40281030,'Mystery'),(904,40281030,'Private investigators'),(1456,42344729,'Camps'),(1458,42344729,'Fantasy fiction'),(1453,42344729,'Fathers and sons'),(1449,42344729,'Fiction'),(1457,42344729,'Friendship'),(1450,42344729,'Greek Mythology'),(1454,42344729,'Hades (Greek deity)'),(1452,42344729,'Juvenile fiction'),(1455,42344729,'Poseidon (Greek deity)'),(1451,42344729,'Zeus (Greek deity)'),(1498,42347879,'Camps'),(1490,42347879,'Fantasy'),(1496,42347879,'Father-son relationship'),(1489,42347879,'Fiction'),(1492,42347879,'Greek Mythology'),(1497,42347879,'Hades (Greek deity)'),(1491,42347879,'Identity'),(1494,42347879,'Identity (Philosophical concept)'),(1493,42347879,'Juvenile fiction'),(1495,42347879,'Zeus (Greek deity)'),(25,43177171,'Adventure stories'),(26,43177171,'Atlantis'),(27,43177171,'Dinosaurs'),(28,43177171,'Discovery and exploration'),(29,43177171,'English Detective and mystery stories'),(30,43177171,'Fiction'),(31,43177171,'Fiction in English'),(32,43177171,'Fiction in French'),(33,43177171,'Prehistoric peoples'),(1126,44094098,'Boys'),(1128,44094098,'Child labor'),(1123,44094098,'Fiction'),(1131,44094098,'History'),(1132,44094098,'Mongolian literature'),(1129,44094098,'Novelists'),(1124,44094098,'Orphans'),(1130,44094098,'Social life and customs'),(1127,44094098,'Stepfathers'),(1125,44094098,'Young men'),(937,46524697,'Detective and mystery stories'),(931,46524697,'detective fiction'),(938,46524697,'Fiction'),(940,46524697,'historical fiction'),(934,46524697,'investigation'),(933,46524697,'murder'),(932,46524697,'mystery'),(939,46524697,'Mystery & Detective fiction'),(936,46524697,'Private investigators'),(935,46524697,'victim'),(1613,46835116,'Bildungsromans'),(1614,46835116,'Boys'),(1615,46835116,'Brigands and robbers'),(1616,46835116,'British fiction'),(1617,46835116,'Children'),(1618,46835116,'Children\'s fiction'),(1619,46835116,'Children\'s stories'),(1620,46835116,'Classic'),(1621,46835116,'Coming of age'),(184,46927866,'American Science fiction'),(193,46927866,'Bibliography'),(185,46927866,'Ciencia-ficción'),(186,46927866,'Drama'),(187,46927866,'English Language Short stories'),(188,46927866,'Ficción'),(189,46927866,'Fiction'),(190,46927866,'Fiction in English'),(191,46927866,'Interplanetary voyages'),(192,46927866,'Translations into Russian');
/*!40000 ALTER TABLE `Keywords` ENABLE KEYS */;
UNLOCK TABLES;

--
-- Table structure for table `Phone`
--

DROP TABLE IF EXISTS `Phone`;
/*!40101 SET @saved_cs_client     = @@character_set_client */;
/*!50503 SET character_set_client = utf8mb4 */;
CREATE TABLE `Phone` (
  `phone_id` int(11) NOT NULL AUTO_INCREMENT,
  `school_id` int(11) DEFAULT NULL,
  `phone` varchar(20) DEFAULT NULL,
  PRIMARY KEY (`phone_id`),
  KEY `fk_Phone_school` (`school_id`),
  CONSTRAINT `fk_Phone_school` FOREIGN KEY (`school_id`) REFERENCES `School` (`school_id`) ON UPDATE CASCADE
) ENGINE=InnoDB AUTO_INCREMENT=9 DEFAULT CHARSET=utf8mb4 COLLATE=utf8mb4_general_ci;
/*!40101 SET character_set_client = @saved_cs_client */;

--
-- Dumping data for table `Phone`
--

LOCK TABLES `Phone` WRITE;
/*!40000 ALTER TABLE `Phone` DISABLE KEYS */;
INSERT INTO `Phone` VALUES (1,1,'6902112876'),(2,2,'(+30) 6999 153364'),(3,2,'6992731819'),(4,2,'2310454404'),(5,3,'2104779068'),(6,3,'+302521774044'),(7,4,'2102636708'),(8,4,'+30 6964 871528');
/*!40000 ALTER TABLE `Phone` ENABLE KEYS */;
UNLOCK TABLES;

--
-- Table structure for table `Request`
--

DROP TABLE IF EXISTS `Request`;
/*!40101 SET @saved_cs_client     = @@character_set_client */;
/*!50503 SET character_set_client = utf8mb4 */;
CREATE TABLE `Request` (
  `request_id` int(11) NOT NULL AUTO_INCREMENT,
  `date_of_request` date NOT NULL,
  `isbn` int(11) DEFAULT NULL,
  `user_id` int(11) DEFAULT NULL,
  PRIMARY KEY (`request_id`),
  KEY `fk_Request_Books` (`isbn`),
  KEY `fk_Request_App_user` (`user_id`),
  CONSTRAINT `fk_Request_App_user` FOREIGN KEY (`user_id`) REFERENCES `App_user` (`user_id`) ON DELETE CASCADE ON UPDATE CASCADE,
  CONSTRAINT `fk_Request_Books` FOREIGN KEY (`isbn`) REFERENCES `Books` (`isbn`) ON DELETE CASCADE ON UPDATE CASCADE
) ENGINE=InnoDB AUTO_INCREMENT=73 DEFAULT CHARSET=utf8mb4 COLLATE=utf8mb4_general_ci;
/*!40101 SET character_set_client = @saved_cs_client */;

--
-- Dumping data for table `Request`
--

LOCK TABLES `Request` WRITE;
/*!40000 ALTER TABLE `Request` DISABLE KEYS */;
INSERT INTO `Request` VALUES (1,'2023-06-01',33041314,63),(2,'2023-05-28',26336926,93),(3,'2023-06-01',42344729,120),(4,'2023-05-26',33152400,37),(5,'2023-05-29',14021636,17),(7,'2023-05-31',15015171,62),(8,'2023-06-02',39479436,84),(9,'2023-06-03',7103730,64),(10,'2023-05-28',7128457,20),(11,'2023-05-26',39801859,126),(13,'2023-06-03',46835116,103),(14,'2023-05-26',18340958,77),(15,'2023-05-31',22735148,86),(16,'2023-05-31',27064170,135),(17,'2023-05-28',40281030,83),(18,'2023-06-02',7108332,104),(19,'2023-05-26',40281030,112),(20,'2023-05-31',7133229,138),(21,'2023-05-29',7241634,47),(22,'2023-05-27',13983741,42),(23,'2023-05-27',7077661,52),(24,'2023-06-04',23301237,113),(25,'2023-06-03',7170239,15),(26,'2023-05-26',24328342,111),(27,'2023-06-04',40281030,131),(28,'2023-05-28',39479436,40),(29,'2023-06-03',8833344,55),(30,'2023-06-01',7051625,76),(31,'2023-05-26',23330725,108),(32,'2023-05-29',27009189,94),(33,'2023-06-01',39826520,45),(34,'2023-06-01',46524697,48),(35,'2023-06-03',7170239,14),(36,'2023-05-30',7170239,54),(37,'2023-06-04',7157657,106),(38,'2023-05-30',24331810,96),(39,'2023-06-03',32232086,24),(40,'2023-06-02',23330725,87),(41,'2023-06-04',27064170,29),(42,'2023-06-02',22735148,100),(43,'2023-06-02',7103730,58),(44,'2023-05-27',28751751,67),(45,'2023-05-26',34843449,152),(46,'2023-06-02',7033136,79),(47,'2023-06-04',7128457,39),(48,'2023-06-03',28390491,6),(49,'2023-05-29',25538028,59),(50,'2023-05-29',7353846,49),(51,'2023-06-03',23330725,105),(52,'2023-05-28',13127428,153),(53,'2023-06-04',39806678,23),(54,'2023-05-27',19484675,97),(55,'2023-05-29',39804749,125),(57,'2023-06-04',39222545,115),(58,'2023-06-04',37824533,115),(59,'2023-06-04',7251393,151),(60,'2023-06-04',23365952,151),(68,'2023-06-04',7170815,32),(69,'2023-06-04',28390491,32),(72,'2023-06-09',22856696,28);
/*!40000 ALTER TABLE `Request` ENABLE KEYS */;
UNLOCK TABLES;

--
-- Table structure for table `Review`
--

DROP TABLE IF EXISTS `Review`;
/*!40101 SET @saved_cs_client     = @@character_set_client */;
/*!50503 SET character_set_client = utf8mb4 */;
CREATE TABLE `Review` (
  `review_id` int(11) NOT NULL AUTO_INCREMENT,
  `date_of_review` date NOT NULL,
  `score` int(10) unsigned DEFAULT NULL,
  `description` varchar(500) DEFAULT NULL,
  `isbn` int(11) DEFAULT NULL,
  `user_id` int(11) DEFAULT NULL,
  `approved` bit(1) DEFAULT NULL,
  PRIMARY KEY (`review_id`),
  KEY `fk_Review_Books` (`isbn`),
  KEY `fk_Review_App_user` (`user_id`),
  CONSTRAINT `fk_Review_App_user` FOREIGN KEY (`user_id`) REFERENCES `App_user` (`user_id`) ON DELETE CASCADE ON UPDATE CASCADE,
  CONSTRAINT `fk_Review_Books` FOREIGN KEY (`isbn`) REFERENCES `Books` (`isbn`) ON DELETE CASCADE ON UPDATE CASCADE
) ENGINE=InnoDB AUTO_INCREMENT=14 DEFAULT CHARSET=utf8mb4 COLLATE=utf8mb4_general_ci;
/*!40101 SET character_set_client = @saved_cs_client */;

--
-- Dumping data for table `Review`
--

LOCK TABLES `Review` WRITE;
/*!40000 ALTER TABLE `Review` DISABLE KEYS */;
INSERT INTO `Review` VALUES (1,'2023-06-04',5,'Amazing book recommended for everyone!',27064170,115,_binary '\0'),(2,'2023-06-04',2,'Not that great a bit overhyped',7075358,115,_binary '\0'),(3,'2023-06-04',4,'Terrific',7170815,137,_binary '\0'),(4,'2023-06-09',4,'A great introduction for young audiences to the fantasy world',22856696,28,_binary '\0'),(5,'2023-06-09',5,'Amazing. Had a total blast with it!',22856696,131,_binary ''),(6,'2023-06-09',3,'A bit slow at the start but makes it up with a rewarding end',28345239,131,_binary ''),(7,'2023-06-09',1,'Kinda Boring...',7170815,131,_binary ''),(8,'2023-06-09',3,'A classic story',7075358,131,_binary ''),(9,'2023-06-09',3,'absolutely terrible, avoid it',7092075,131,_binary ''),(10,'2023-06-09',4,'a nice tale i really liked it',7170815,145,_binary ''),(11,'2023-06-09',2,'Really scary!!',7075358,145,_binary ''),(12,'2023-06-09',0,'Me no like',22856696,145,_binary ''),(13,'2023-06-09',1,'Game of thrones better fight me',28345239,145,_binary '');
/*!40000 ALTER TABLE `Review` ENABLE KEYS */;
UNLOCK TABLES;

--
-- Table structure for table `School`
--

DROP TABLE IF EXISTS `School`;
/*!40101 SET @saved_cs_client     = @@character_set_client */;
/*!50503 SET character_set_client = utf8mb4 */;
CREATE TABLE `School` (
  `school_id` int(11) NOT NULL AUTO_INCREMENT,
  `name` varchar(40) NOT NULL,
  `city` varchar(40) NOT NULL,
  `email` varchar(40) NOT NULL,
  `address` varchar(40) NOT NULL,
  `total_borrows` int(11) NOT NULL,
  `principal_first_name` varchar(40) DEFAULT NULL,
  `principal_last_name` varchar(40) DEFAULT NULL,
  PRIMARY KEY (`school_id`),
  UNIQUE KEY `name` (`name`)
) ENGINE=InnoDB AUTO_INCREMENT=5 DEFAULT CHARSET=utf8mb4 COLLATE=utf8mb4_general_ci;
/*!40101 SET character_set_client = @saved_cs_client */;

--
-- Dumping data for table `School`
--

LOCK TABLES `School` WRITE;
/*!40000 ALTER TABLE `School` DISABLE KEYS */;
INSERT INTO `School` VALUES (1,'1o Νηπιαγωγείο','Κέρκυρα','okoufaki@example.org','Σιτοχωρίου 781',28,'Πανταζής','Τζιόρτζιος'),(2,'20o Γυμνάσιο','Κομοτηνή','merkourios.iosifidou@example.com','Κεχριών 6',38,'Ευδοκία-Στεφανία','Παπουτσοπούλου'),(3,'18o Νηπιαγωγείο','Κέρκυρα','lida55@example.org','Δαυγάτων 4',42,'Πολύμνια','Μαράκη'),(4,'25o Νηπιαγωγείο','Λάρισα','gerasimoula.pantzartzidis@example.net','Ανεμορράχης 942',33,'Ναθαναήλ','Ζιώγος');
/*!40000 ALTER TABLE `School` ENABLE KEYS */;
UNLOCK TABLES;

--
-- Table structure for table `Stores`
--

DROP TABLE IF EXISTS `Stores`;
/*!40101 SET @saved_cs_client     = @@character_set_client */;
/*!50503 SET character_set_client = utf8mb4 */;
CREATE TABLE `Stores` (
  `store_id` int(11) NOT NULL AUTO_INCREMENT,
  `school_id` int(11) DEFAULT NULL,
  `isbn` int(11) DEFAULT NULL,
  `copies` int(11) NOT NULL,
  PRIMARY KEY (`store_id`),
  UNIQUE KEY `unique_book_school` (`isbn`,`school_id`),
  KEY `fk_Stores_School` (`school_id`),
  CONSTRAINT `fk_Stores_Books` FOREIGN KEY (`isbn`) REFERENCES `Books` (`isbn`) ON DELETE CASCADE ON UPDATE CASCADE,
  CONSTRAINT `fk_Stores_School` FOREIGN KEY (`school_id`) REFERENCES `School` (`school_id`) ON UPDATE CASCADE
) ENGINE=InnoDB AUTO_INCREMENT=382 DEFAULT CHARSET=utf8mb4 COLLATE=utf8mb4_general_ci;
/*!40101 SET character_set_client = @saved_cs_client */;

--
-- Dumping data for table `Stores`
--

LOCK TABLES `Stores` WRITE;
/*!40000 ALTER TABLE `Stores` DISABLE KEYS */;
INSERT INTO `Stores` VALUES (1,2,39222545,3),(2,4,7092075,1),(3,2,7092075,13),(4,3,7092075,4),(5,1,7092075,14),(6,4,7170815,12),(7,2,7170815,17),(8,3,7170815,12),(9,4,43177171,17),(10,1,7075358,0),(11,2,7075358,11),(12,3,7075358,8),(13,4,7075358,4),(14,4,28390491,0),(15,2,28390491,5),(16,1,28390491,19),(17,3,28390491,3),(18,3,37824533,12),(19,4,37824533,7),(20,2,37824533,15),(21,1,37824533,8),(22,1,7003374,0),(23,3,7003374,9),(24,4,7003374,3),(25,3,24331810,10),(26,4,24331810,8),(27,1,24331810,9),(29,3,24245739,7),(30,1,24245739,6),(31,3,25538028,0),(32,3,7251393,13),(33,2,7251393,14),(34,2,7038266,10),(35,1,7038266,7),(37,2,23365952,17),(38,4,23365952,17),(39,3,7219307,0),(40,4,6904903,16),(42,2,14014470,6),(43,4,14014470,4),(44,3,14014470,14),(45,1,46927866,8),(46,3,46927866,5),(48,1,6947922,12),(49,3,6947922,13),(58,3,43177171,5),(59,1,19484675,6),(60,4,19484675,13),(61,2,19484675,2),(62,3,19484675,11),(63,1,37826838,0),(64,2,37826838,1),(65,4,7353846,5),(66,3,7353846,0),(67,1,7353846,8),(69,2,33202830,16),(70,3,33202830,16),(71,4,33202830,12),(72,1,33202830,1),(73,4,27009189,5),(74,2,27009189,18),(75,1,27009189,15),(76,3,26278092,9),(77,3,7077661,1),(78,2,7077661,20),(79,4,7077661,11),(80,1,7077661,20),(81,4,25515443,3),(82,4,24328342,7),(83,1,24328342,13),(84,2,24328342,8),(85,1,25476222,14),(86,3,25476222,10),(87,2,25476222,0),(88,3,28345239,19),(89,1,28345239,18),(90,4,28345239,10),(92,4,22856696,19),(93,2,22856696,20),(94,1,22856696,8),(95,4,23330498,9),(96,3,23330498,14),(97,4,22879417,1),(98,1,7108332,3),(99,3,7108332,13),(100,1,6598982,6),(102,4,22489412,6),(103,2,22489412,18),(104,1,22489412,12),(105,3,22489412,18),(106,4,7101555,4),(107,2,7069564,12),(108,3,7069564,20),(109,1,7069564,4),(110,4,7245993,10),(111,2,7245993,0),(112,3,7245993,20),(114,1,39222415,9),(115,3,39222415,8),(116,1,39221187,2),(117,4,39221187,3),(118,3,36648295,11),(119,4,7215847,17),(120,3,7215847,12),(122,1,14048584,3),(123,3,14048584,11),(124,4,14048584,20),(125,2,14048584,10),(126,2,7083362,14),(127,2,18340958,10),(128,1,18340958,2),(129,3,40216061,6),(130,1,36636484,2),(131,4,36636484,1),(132,3,36636484,18),(133,4,22876225,14),(134,1,22876225,17),(135,2,22876225,14),(136,3,22876225,2),(138,2,7051625,17),(139,1,7051625,3),(140,3,7051625,0),(141,4,7051625,2),(143,4,24623528,6),(144,3,24623528,12),(145,2,24623528,2),(146,1,24623528,4),(147,2,39804749,9),(148,3,39804749,7),(149,1,39804749,14),(150,1,15015171,17),(151,3,15015171,15),(152,4,15015171,19),(153,2,15015171,1),(154,1,26379521,9),(155,4,26379521,13),(156,2,6628780,5),(157,3,23402697,8),(158,3,23301237,16),(159,1,23301237,20),(160,4,23301237,13),(161,2,23301237,13),(162,1,24245432,5),(163,3,24245432,5),(164,1,7170239,11),(165,2,7170239,12),(166,4,7103730,11),(167,1,7103730,1),(168,2,7103730,3),(169,1,28751751,17),(170,3,28751751,15),(171,4,28751751,3),(172,4,9134511,12),(173,2,35268128,17),(174,4,35268128,5),(175,2,7128457,7),(176,3,7128457,6),(177,4,7128457,12),(178,1,7128457,11),(179,3,24573990,4),(180,1,14021636,6),(181,4,14021636,0),(182,3,14021636,6),(183,2,14021636,1),(184,3,18340958,2),(188,4,6654848,17),(189,3,6654848,12),(190,1,6654848,18),(191,3,22856696,8),(193,3,33170500,0),(194,4,7133229,15),(195,3,7133229,7),(196,2,7133229,15),(197,4,27889661,10),(198,2,27889661,0),(199,3,27889661,16),(200,2,40281030,5),(201,4,40281030,11),(202,3,40281030,12),(203,1,40281030,13),(204,4,9631034,9),(205,3,9631034,8),(206,2,7241634,7),(207,4,7241634,19),(208,1,7241634,5),(209,3,7241634,10),(210,4,11418883,8),(211,2,46524697,11),(212,1,46524697,13),(213,4,46524697,2),(214,3,46524697,8),(215,3,8833344,11),(216,4,8833344,5),(218,1,7233294,6),(219,4,7233294,19),(220,2,7233294,15),(223,4,7053993,5),(224,2,7053993,14),(225,3,7053993,14),(226,1,7053993,12),(228,2,33041314,20),(229,4,33041314,16),(232,2,24349980,1),(233,4,24349980,4),(234,1,24349980,16),(235,3,24349980,5),(236,2,24364628,10),(237,3,24364628,7),(239,3,24872302,20),(240,1,23330725,0),(242,4,7033136,13),(243,2,7033136,4),(244,1,13983741,10),(245,3,13983741,11),(246,4,13983741,9),(247,2,13983741,9),(248,2,32232086,9),(250,1,44094098,14),(251,4,44094098,14),(253,2,32263909,15),(254,3,32263909,7),(255,1,32263909,4),(257,1,6412732,11),(258,4,6412732,1),(259,3,6412732,9),(260,2,6412732,15),(263,3,24996307,6),(264,4,24996307,3),(265,1,21704545,17),(266,2,21704545,0),(267,3,26468884,5),(268,1,26468884,6),(269,4,26468884,20),(270,2,26468884,11),(271,3,33152400,15),(272,1,33152400,13),(273,4,33152400,9),(274,2,33152400,5),(276,2,25516485,7),(277,3,25516485,13),(278,4,25516485,6),(284,3,24144374,6),(286,3,13127428,9),(287,1,13127428,3),(288,2,13127428,1),(289,4,8840196,2),(290,2,8840196,4),(291,1,8840196,11),(292,2,32775849,11),(293,1,22735148,0),(294,4,22735148,1),(296,2,39475933,9),(297,4,16766351,20),(298,1,16766351,17),(299,2,16766351,14),(300,4,26425330,0),(301,1,26425330,19),(302,2,26425330,18),(303,2,27064170,15),(304,4,27064170,6),(305,3,27064170,20),(306,1,27064170,8),(307,4,7204936,14),(308,3,7204936,1),(309,1,7204936,16),(311,2,39479436,6),(312,1,39479436,14),(313,3,39479436,4),(314,4,39479436,9),(315,1,25440547,17),(316,3,25440547,10),(317,2,25440547,6),(318,3,42344729,18),(319,4,42344729,5),(320,2,42344729,20),(321,1,42344729,17),(322,1,23076784,9),(323,2,9119922,5),(324,1,9119922,12),(325,3,376045,19),(326,1,42347879,0),(327,2,26336926,18),(328,3,26336926,16),(330,4,24232416,0),(331,3,24232416,10),(333,4,39222545,0),(335,1,39801859,14),(336,4,39801859,4),(337,2,39801859,7),(338,3,39801859,7),(341,2,39221187,8),(342,1,39826520,8),(343,3,39826520,12),(344,2,39826520,14),(345,4,7157657,8),(346,3,7157657,20),(347,1,7157657,16),(348,2,7157657,15),(349,3,7060579,2),(350,4,7060579,7),(351,1,7060579,0),(352,1,46835116,2),(353,4,46835116,1),(354,3,46835116,12),(355,2,46835116,8),(358,1,35268128,13),(361,3,23330725,16),(364,2,39806678,7),(365,1,39806678,5),(366,4,39806678,1),(367,3,39806678,1),(369,4,25098005,15),(370,3,25098005,8),(371,1,34843449,7),(372,4,32232086,4),(373,1,32232086,8),(374,2,44094098,6),(378,3,6446293,6),(379,1,6446293,4),(380,2,6446293,6);
/*!40000 ALTER TABLE `Stores` ENABLE KEYS */;
UNLOCK TABLES;
/*!40103 SET TIME_ZONE=@OLD_TIME_ZONE */;

/*!40101 SET SQL_MODE=@OLD_SQL_MODE */;
/*!40014 SET FOREIGN_KEY_CHECKS=@OLD_FOREIGN_KEY_CHECKS */;
/*!40014 SET UNIQUE_CHECKS=@OLD_UNIQUE_CHECKS */;
/*!40101 SET CHARACTER_SET_CLIENT=@OLD_CHARACTER_SET_CLIENT */;
/*!40101 SET CHARACTER_SET_RESULTS=@OLD_CHARACTER_SET_RESULTS */;
/*!40101 SET COLLATION_CONNECTION=@OLD_COLLATION_CONNECTION */;
/*!40111 SET SQL_NOTES=@OLD_SQL_NOTES */;

-- Dump completed on 2023-06-09 10:16:55
