-- MariaDB dump 10.19  Distrib 10.4.27-MariaDB, for Win64 (AMD64)
--
-- Host: localhost    Database: schooldatabasev4
-- ------------------------------------------------------
-- Server version	10.4.27-MariaDB

/*!40101 SET @OLD_CHARACTER_SET_CLIENT=@@CHARACTER_SET_CLIENT */;
/*!40101 SET @OLD_CHARACTER_SET_RESULTS=@@CHARACTER_SET_RESULTS */;
/*!40101 SET @OLD_COLLATION_CONNECTION=@@COLLATION_CONNECTION */;
/*!40101 SET NAMES utf8mb4 */;
/*!40103 SET @OLD_TIME_ZONE=@@TIME_ZONE */;
/*!40103 SET TIME_ZONE='+00:00' */;
/*!40014 SET @OLD_UNIQUE_CHECKS=@@UNIQUE_CHECKS, UNIQUE_CHECKS=0 */;
/*!40014 SET @OLD_FOREIGN_KEY_CHECKS=@@FOREIGN_KEY_CHECKS, FOREIGN_KEY_CHECKS=0 */;
/*!40101 SET @OLD_SQL_MODE=@@SQL_MODE, SQL_MODE='NO_AUTO_VALUE_ON_ZERO' */;
/*!40111 SET @OLD_SQL_NOTES=@@SQL_NOTES, SQL_NOTES=0 */;

--
-- Table structure for table `app_user`
--

DROP TABLE IF EXISTS `app_user`;
/*!40101 SET @saved_cs_client     = @@character_set_client */;
/*!40101 SET character_set_client = utf8 */;
CREATE TABLE `app_user` (
  `user_id` int(11) NOT NULL AUTO_INCREMENT,
  `school_id` int(11) DEFAULT NULL,
  `first_name` varchar(40) NOT NULL,
  `last_name` varchar(40) NOT NULL,
  `age` int(10) unsigned DEFAULT NULL,
  `type` varchar(40) DEFAULT NULL,
  `card` int(11) DEFAULT NULL,
  `admin_id` int(11) DEFAULT NULL,
  `approved` bit(1) DEFAULT NULL,
  PRIMARY KEY (`user_id`),
  KEY `fk_App_user_school` (`school_id`),
<<<<<<< HEAD
  CONSTRAINT `fk_App_user_school` FOREIGN KEY (`school_id`) REFERENCES `school` (`school_id`) ON UPDATE CASCADE
) ENGINE=InnoDB AUTO_INCREMENT=212 DEFAULT CHARSET=utf8mb4 COLLATE=utf8mb4_general_ci;
=======
  CONSTRAINT `fk_App_user_school` FOREIGN KEY (`school_id`) REFERENCES `School` (`school_id`) ON UPDATE CASCADE
) ENGINE=InnoDB AUTO_INCREMENT=157 DEFAULT CHARSET=utf8mb4 COLLATE=utf8mb4_general_ci;
>>>>>>> b46dae23bf2573ec15cee5f7769ca8a83da3d25f
/*!40101 SET character_set_client = @saved_cs_client */;

--
-- Dumping data for table `app_user`
--

<<<<<<< HEAD
LOCK TABLES `app_user` WRITE;
/*!40000 ALTER TABLE `app_user` DISABLE KEYS */;
INSERT INTO `app_user` VALUES (1,10,'Διογένης','Φουτσιτζής',60,'Admin',NULL,NULL,''),(2,6,'Θεολογία','Μέλανι',17,'Admin',NULL,NULL,'\0'),(3,2,'Αγαθοκλής','Παπαδημητράκης',18,'Admin',NULL,NULL,''),(4,9,'Δαβιδούλα-Ανάργυρη','Αναστασάκη',11,'Admin',NULL,NULL,''),(5,8,'Ρεβέκα','Τσιομπάνη',18,'Admin',NULL,NULL,''),(6,1,'Θάλεια','Μαυραειδή',17,'Admin',NULL,NULL,'\0'),(7,7,'Ιορδανία','Πουρνάρα',63,'Admin',NULL,NULL,'\0'),(8,3,'Ανδροκλής','Μελιτσόπουλος',10,'Admin',NULL,NULL,'\0'),(9,5,'Παγώνα','Βουτσινά',11,'Admin',NULL,NULL,'\0'),(10,4,'Γεωργία','Κυρούδη',14,'Admin',NULL,NULL,''),(11,7,'Νικόδημος','Πέππας',13,'Μαθητής',NULL,7,'\0'),(12,10,'Φοίβη-Αλεξία','Κατσούλα',10,'Μαθητής',NULL,1,''),(13,10,'Πασχαλιά','Σπασέγκου',44,'Καθηγητής',NULL,1,''),(14,4,'Πανορμίτης-Δίκαιος','Μιχαλάκης',10,'Μαθητής',NULL,10,''),(15,10,'Κυπριανός','Πυλαρινός',17,'Μαθητής',NULL,1,'\0'),(16,4,'Μαρτίνος','Τάρναρης',39,'Καθηγητής',NULL,10,'\0'),(17,8,'Ακριβή','Μιχελή',11,'Μαθητής',NULL,5,''),(18,4,'Άρτεμις','Τρίκα',59,'Καθηγητής',NULL,10,'\0'),(19,3,'Αμφιτρίτη','Δρακουλή',14,'Μαθητής',NULL,8,'\0'),(20,5,'Ροδιά','Γιανναρά',13,'Μαθητής',NULL,9,'\0'),(21,6,'Μελέτιος','Λαζαρίδης',37,'Καθηγητής',NULL,2,'\0'),(22,9,'Νερατζιά','Μασίκα',12,'Μαθητής',NULL,4,''),(23,2,'Ιερώνυμος-Λαυρέντιος','Κακοσαίος',14,'Μαθητής',NULL,3,'\0'),(24,1,'Ευδοκία','Τζαναβάρα',15,'Μαθητής',NULL,6,'\0'),(25,5,'Ιάσονας','Τασιούλας',49,'Καθηγητής',NULL,9,'\0'),(26,8,'Ροδιά','Τσετσέρη',16,'Μαθητής',NULL,5,'\0'),(27,9,'Σεραφεία-Ηώ','Στεφάνου',11,'Μαθητής',NULL,4,''),(28,10,'Λυκούργος','Κιουπλιώτης',42,'Καθηγητής',NULL,1,''),(29,2,'Δόμνα','Ενωτιάδη',13,'Μαθητής',NULL,3,''),(30,1,'Κομνηνός','Τσακανίκας',10,'Μαθητής',NULL,6,'\0'),(31,8,'Μίνωας','Πολυχρονίδης',10,'Μαθητής',NULL,5,'\0'),(32,7,'Κλαίρη','Ξένου',13,'Μαθητής',NULL,7,'\0'),(33,4,'Ιγνάτιος','Κριτσέλης',10,'Μαθητής',NULL,10,''),(34,2,'Κλεόπας','Κακαβός',52,'Καθηγητής',NULL,3,''),(35,1,'Πλάτων','Μπαντής',13,'Μαθητής',NULL,6,'\0'),(36,9,'Θέκλα','Ρόγγα',18,'Μαθητής',NULL,4,''),(37,8,'Μυρτώ','Πλατάκη',31,'Καθηγητής',NULL,5,'\0'),(38,2,'Ρήγας','Ρουπακάς',12,'Μαθητής',NULL,3,'\0'),(39,1,'Πασχάλης','Δουράνης',24,'Καθηγητής',NULL,6,'\0'),(40,9,'Λουκιανός','Ζούνης',12,'Μαθητής',NULL,4,''),(41,7,'Νικηφόρος','Δημοβελής',44,'Καθηγητής',NULL,7,'\0'),(42,9,'Ζησούλα','Τσαμτσούρη',16,'Μαθητής',NULL,4,''),(43,9,'Ιπποκράτης','Παππάς',13,'Μαθητής',NULL,4,''),(44,3,'Θεόδουλος','Κούτρης',63,'Καθηγητής',NULL,8,'\0'),(45,1,'Θεοδότη-Βαγιανή','Καραγιοβάννη',32,'Καθηγητής',NULL,6,'\0'),(46,2,'Ρέα','Στρατογιάννη',10,'Μαθητής',NULL,3,''),(47,8,'Κρυσταλλένια','Καρανασίου',11,'Μαθητής',NULL,5,''),(48,4,'Θεοφίλη','Μαυροπούλου',11,'Μαθητής',NULL,10,''),(49,2,'Νικολέτα','Κουζουλά',38,'Καθηγητής',NULL,3,'\0'),(50,10,'Μάρκος','Κατσαβός',53,'Καθηγητής',NULL,1,'\0'),(51,1,'Βρασίδας','Ανδριανός',13,'Μαθητής',NULL,6,'\0'),(52,7,'Ιωνάς-Τίτος','Μυλωνάς',13,'Μαθητής',NULL,7,'\0'),(53,6,'Γαληνός','Σδραλλής',11,'Μαθητής',NULL,2,'\0'),(54,9,'Αγγελική','Μιλέα',14,'Μαθητής',NULL,4,''),(55,10,'Ευαγγελία','Δώρη',10,'Μαθητής',NULL,1,''),(56,6,'Μόσχα-Ελπίς','Τόμπρη',32,'Καθηγητής',NULL,2,'\0'),(57,1,'Κλεόβουλος','Αλαφάκης',17,'Μαθητής',NULL,6,'\0'),(58,2,'Βαρσάμος','Γιαννακουδάκης',17,'Μαθητής',NULL,3,''),(59,3,'Κυριαζής','Πουφτσής',11,'Μαθητής',NULL,8,'\0'),(60,5,'Κίμων','Αρμένης',15,'Μαθητής',NULL,9,'\0'),(61,7,'Μίνωας','Ζευγίτης',11,'Μαθητής',NULL,7,'\0'),(62,1,'Γεράσιμος','Χρυσίδης',18,'Μαθητής',NULL,6,'\0'),(63,9,'Ζηνοβία','Τσικνή',17,'Μαθητής',NULL,4,'\0'),(64,5,'Γιαννούλα','Τσαμτσούρη',17,'Μαθητής',NULL,9,'\0'),(65,10,'Ευδόξιος','Τσιάκος',11,'Μαθητής',NULL,1,''),(66,10,'Ήρα','Περουλάκη',44,'Καθηγητής',NULL,1,''),(67,7,'Απόστολος','Σκόρδος',17,'Μαθητής',NULL,7,'\0'),(68,1,'Ουρανία','Δουλγεράκη',17,'Μαθητής',NULL,6,'\0'),(69,8,'Γερασιμούλα','Νικολοπούλου',10,'Μαθητής',NULL,5,''),(70,7,'Πηνελόπη','Μπιμπίρη',16,'Μαθητής',NULL,7,'\0'),(71,6,'Επαμεινώνδας','Μαντζουράνης',13,'Μαθητής',NULL,2,'\0'),(72,9,'Ιππόλυτος','Φιλιππόπουλος',34,'Καθηγητής',NULL,4,''),(73,10,'Λασκαρίνα','Συνοδινού',15,'Μαθητής',NULL,1,'\0'),(74,2,'Παγώνα','Μπαρκούτα',12,'Μαθητής',NULL,3,''),(75,8,'Βενιζέλος','Κτενίδης',10,'Μαθητής',NULL,5,'\0'),(76,8,'Τατιάνα','Καραογλάνη',51,'Καθηγητής',NULL,5,''),(77,4,'Κατερίνα','Λέκκα',18,'Μαθητής',NULL,10,''),(78,2,'Ραφαήλ','Χητός',17,'Μαθητής',NULL,3,'\0'),(79,7,'Ευφροσύνη','Βαγενά',44,'Καθηγητής',NULL,7,'\0'),(80,3,'Ισαάκ','Ρίγκος',16,'Μαθητής',NULL,8,'\0'),(81,3,'Ισαβέλλα','Σταθά',61,'Καθηγητής',NULL,8,'\0'),(82,1,'Διονυσία','Βασιλοπούλου',15,'Μαθητής',NULL,6,'\0'),(83,10,'Νικηφόρος','Φαλιέρος',15,'Μαθητής',NULL,1,''),(84,6,'Διαμαντούλα','Σκρεμμύδα',11,'Μαθητής',NULL,2,'\0'),(85,9,'Θουκυδίδης','Σπανουδάκης',12,'Μαθητής',NULL,4,'\0'),(86,1,'Ασημής','Κεχαγιάς',18,'Μαθητής',NULL,6,'\0'),(87,1,'Ευμένιος','Μαυροειδάκος',10,'Μαθητής',NULL,6,'\0'),(88,4,'Ιερεμίας','Γκουτζαμάνης',62,'Καθηγητής',NULL,10,'\0'),(89,6,'Κλεάνθης-Αρίσταρχος','Ανδρουλιδάκης',17,'Μαθητής',NULL,2,'\0'),(90,2,'Νίκος','Λαμπρινός',14,'Μαθητής',NULL,3,''),(91,8,'Απόλλων-Παντελεήμων','Τσιάκος',14,'Μαθητής',NULL,5,'\0'),(92,5,'Καλλιόπη','Πισκοπάνη',11,'Μαθητής',NULL,9,'\0'),(93,6,'Ραχήλ','Καρακυρίου',10,'Μαθητής',NULL,2,'\0'),(94,4,'Ανέστης','Βαχουθιανάκης',11,'Μαθητής',NULL,10,'\0'),(95,4,'Καρυοφυλλιά','Τζιρατούδη',55,'Καθηγητής',NULL,10,''),(96,9,'Χρυσαφένια','Τσιομπάνη',52,'Καθηγητής',NULL,4,'\0'),(97,4,'Δανιήλ','Κουτελιέρης',13,'Μαθητής',NULL,10,'\0'),(98,8,'Χρυσούλα-Δωροθέα','Μπονέλη',14,'Μαθητής',NULL,5,'\0'),(99,8,'Μυρσίνη','Γραμμένου',10,'Μαθητής',NULL,5,'\0'),(100,5,'Δημοσθένης','Σκαρπέτας',17,'Μαθητής',NULL,9,'\0'),(101,1,'Αντωνία','Ψυχάρη',15,'Μαθητής',NULL,6,'\0'),(102,1,'Τρύφων','Δουλγεράκης',37,'Καθηγητής',NULL,6,'\0'),(103,9,'Μινέρβα','Πετρίδου',10,'Μαθητής',NULL,4,''),(104,9,'Καλή','Τσουκιά',16,'Μαθητής',NULL,4,''),(105,7,'Θεόδουλος','Χαραλαμπίδης',15,'Μαθητής',NULL,7,'\0'),(106,8,'Φωτεινός','Κεσαλίδης',17,'Μαθητής',NULL,5,''),(107,5,'Αννίκα','Φυτιλή',12,'Μαθητής',NULL,9,'\0'),(108,7,'Αθανασία','Χρυσικάκη',15,'Μαθητής',NULL,7,'\0'),(109,1,'Ελένη','Θεοδωροπούλου',14,'Μαθητής',NULL,6,'\0'),(110,4,'Μιχάλης','Σιώμος',11,'Μαθητής',NULL,10,''),(111,6,'Θεώνη','Πλατάκη',18,'Μαθητής',NULL,2,'\0'),(112,1,'Σταύρος','Σολακούδης',44,'Καθηγητής',NULL,6,'\0'),(113,8,'Λύσανδρος','Τάχας',14,'Μαθητής',NULL,5,'\0'),(114,6,'Μηνάς','Τορομίδης',65,'Καθηγητής',NULL,2,'\0'),(115,7,'Ναταλία','Περουλάκη',15,'Μαθητής',NULL,7,'\0'),(116,6,'Θησεύς','Καλαπόδης',53,'Καθηγητής',NULL,2,'\0'),(117,3,'Τιμόθεος','Σαραφίδης',55,'Καθηγητής',NULL,8,'\0'),(118,3,'Παρασκευή','Τζιόβα',14,'Μαθητής',NULL,8,'\0'),(119,8,'Διαμαντής','Γκικόπουλος',33,'Καθηγητής',NULL,5,''),(120,5,'Ισαβέλλα','Κοκκινίδου',17,'Μαθητής',NULL,9,'\0'),(121,5,'Ροδαμάνθη-Χριστιάνα','Ντανώλα',17,'Μαθητής',NULL,9,'\0'),(122,6,'Τριαντάφυλλη','Νικολοπούλου',18,'Μαθητής',NULL,2,'\0'),(123,2,'Ερμόλαος','Σταυριανός',38,'Καθηγητής',NULL,3,''),(124,2,'Μελίνα','Παλαμπουγιούκη',33,'Καθηγητής',NULL,3,''),(125,8,'Μινέρβα','Δαμήλου',14,'Μαθητής',NULL,5,'\0'),(126,6,'Φανουρία-Μαριάνθη','Χονδρούδη',13,'Μαθητής',NULL,2,'\0'),(127,3,'Ιωνάς','Ευαγγελάτος',16,'Μαθητής',NULL,8,'\0'),(128,1,'Ανδροκλής','Σφύρλας',18,'Μαθητής',NULL,6,'\0'),(129,6,'Ματρώνη','Κιορίδου',15,'Μαθητής',NULL,2,'\0'),(130,5,'Ισαβέλλα','Δεδούκου',14,'Μαθητής',NULL,9,'\0'),(131,6,'Δημήτριος','Μανουσιάδης',29,'Καθηγητής',NULL,2,'\0'),(132,8,'Ράλλης','Μάνδρος',15,'Μαθητής',NULL,5,''),(133,2,'Αργυρούλα','Ρέππα',10,'Μαθητής',NULL,3,'\0'),(134,2,'Σπυρίδων','Βαλαβάνης',18,'Μαθητής',NULL,3,'\0'),(135,2,'Κάρολος','Χαραλαμπίδης',11,'Μαθητής',NULL,3,''),(136,5,'Ηρόδοτος','Φωτογλίδης',17,'Μαθητής',NULL,9,'\0'),(137,3,'Δημήτριος','Ευταξιάς',45,'Καθηγητής',NULL,8,'\0'),(138,7,'Πολυκράτης','Κουτσογιάννης',13,'Μαθητής',NULL,7,'\0'),(139,4,'Μάνθα-Φρειδερίκη','Φυτιλή',10,'Μαθητής',NULL,10,''),(140,9,'Βικέντια','Γούλα',14,'Μαθητής',NULL,4,'\0'),(141,8,'Γραμματική-Λυδία','Ζαβιτσάνου',18,'Μαθητής',NULL,5,''),(142,6,'Αυγή','Μαρουγιάννη',13,'Μαθητής',NULL,2,'\0'),(143,9,'Βερονίκη','Πιπερίδη',15,'Μαθητής',NULL,4,'\0'),(144,1,'Απόλλων','Σγουρός',13,'Μαθητής',NULL,6,'\0'),(145,8,'Χριστόφορος-Βελισσάριος','Φανουργάκης',12,'Μαθητής',NULL,5,''),(146,10,'Σωτηρία','Γαλανοπούλου',11,'Μαθητής',NULL,1,''),(147,4,'Ιππόλυτος','Κελαϊδώνης',63,'Καθηγητής',NULL,10,''),(148,1,'Θεοφύλακτος','Βούρας',51,'Καθηγητής',NULL,6,'\0'),(149,7,'Βενιαμίν','Μυσιρλής',57,'Καθηγητής',NULL,7,'\0'),(150,5,'Ισαάκ','Τζουμάκης',16,'Μαθητής',NULL,9,'\0'),(151,10,'Γαλάτιος-Τζανέτος','Παπαγιάννης',16,'Μαθητής',NULL,1,'\0'),(152,8,'Ροδιά-Ρεβέκα','Παπαδοπούλου',18,'Μαθητής',NULL,5,''),(153,8,'Αιμιλιανός','Ντόκος',55,'Καθηγητής',NULL,5,'\0'),(154,4,'Βρασίδας-Εμμανουήλ','Ρόκας',43,'Καθηγητής',NULL,10,'\0'),(155,9,'Μεθόδιος','Μανιώτης',12,'Μαθητής',NULL,4,'\0'),(156,8,'Φανούριος-Σεβαστιανός','Ψυχιάς',55,'Καθηγητής',NULL,5,''),(157,2,'Μαλβίνα','Σταμούλη',33,'Καθηγητής',NULL,3,''),(158,10,'Ανδροκλής','Σταμάτης',17,'Μαθητής',NULL,1,''),(159,6,'Νομική','Μπακουλή',36,'Καθηγητής',NULL,2,'\0'),(160,6,'Λεώνη','Ντάνου',33,'Καθηγητής',NULL,2,'\0'),(161,3,'Βαρσάμος','Λυγκούρας',12,'Μαθητής',NULL,8,'\0'),(162,1,'Κυριάκος','Κατσιγιάννης',13,'Μαθητής',NULL,6,'\0'),(163,3,'Ρήγας','Γεωργαλής',11,'Μαθητής',NULL,8,'\0'),(164,10,'Ευλαμπία','Λυμαξή',10,'Μαθητής',NULL,1,''),(165,10,'Κλεόβουλος','Καραντζόπουλος',11,'Μαθητής',NULL,1,''),(166,6,'Υακίνθη','Καραγιάννη',14,'Μαθητής',NULL,2,'\0'),(167,1,'Αφέντρα','Χατζηγεωργίου',44,'Καθηγητής',NULL,6,'\0'),(168,9,'Μαρία','Τρομπούκη',15,'Μαθητής',NULL,4,''),(169,3,'Ιππολύτη','Σκαβέντζου',18,'Μαθητής',NULL,8,'\0'),(170,6,'Αγγελής','Χαρμπίλας',50,'Καθηγητής',NULL,2,'\0'),(171,6,'Φαίδρα-Γιαννούλα','Χωριανοπούλου',11,'Μαθητής',NULL,2,'\0'),(172,10,'Θεοφίλη','Γεωργαρά',14,'Μαθητής',NULL,1,''),(173,7,'Χαρίλαος','Βλησαρούλης',52,'Καθηγητής',NULL,7,'\0'),(174,3,'Ευγένιος','Κυριατσούλης',17,'Μαθητής',NULL,8,'\0'),(175,7,'Ερμής-Φανούριος','Αναστασάκης',11,'Μαθητής',NULL,7,'\0'),(176,6,'Βασίλης','Καραντζόπουλος',17,'Μαθητής',NULL,2,'\0'),(177,6,'Αλκιβιάδης','Τσεμπερλίδης',18,'Μαθητής',NULL,2,'\0'),(178,7,'Στέλλιος-Θεολόγος','Μωρός',64,'Καθηγητής',NULL,7,'\0'),(179,7,'Ευτέρπη','Φιλίππου',47,'Καθηγητής',NULL,7,'\0'),(180,1,'Ισιδώρα-Ηλιάνα','Ποσάντζη',61,'Καθηγητής',NULL,6,'\0'),(181,8,'Ρωμανός','Ρόγαρης',12,'Μαθητής',NULL,5,''),(182,3,'Σεβαστιανός','Μπαλτζής',16,'Μαθητής',NULL,8,'\0'),(183,5,'Γλαύκη','Μπονέλη',10,'Μαθητής',NULL,9,'\0'),(184,2,'Μιχαήλ-Χαρίτος','Μπερμπατιώτης',12,'Μαθητής',NULL,3,''),(185,6,'Δράκων','Κωστίδης',60,'Καθηγητής',NULL,2,'\0'),(186,3,'Αγάπη','Κυρκούδη',55,'Καθηγητής',NULL,8,'\0'),(187,3,'Αλεξία','Μπαλτατζή',15,'Μαθητής',NULL,8,'\0'),(188,1,'Ευμορφία','Νίκα',17,'Μαθητής',NULL,6,'\0'),(189,9,'Ερωφίλη','Κουτσικούρη',17,'Μαθητής',NULL,4,'\0'),(190,2,'Ματθίλδη','Παπανικολάου',32,'Καθηγητής',NULL,3,''),(191,9,'Μάρθα','Χαλκίδου',65,'Καθηγητής',NULL,4,'\0'),(192,8,'Λαζαρία','Τσιομπάνη',11,'Μαθητής',NULL,5,'\0'),(193,6,'Αηδόνα-Λασκαρίνα','Παπασπηλιωτοπούλου',14,'Μαθητής',NULL,2,'\0'),(194,6,'Ευαγγελία','Κουκουβά',18,'Μαθητής',NULL,2,'\0'),(195,3,'Ειρήνη','Νικολουδάκη',13,'Μαθητής',NULL,8,'\0'),(196,9,'Ευμένιος','Χαχούδης',17,'Μαθητής',NULL,4,''),(197,1,'Λουκία','Χριστοφόρη',13,'Μαθητής',NULL,6,'\0'),(198,3,'Εύα-Υπαπαντή','Γιακαμόζη',15,'Μαθητής',NULL,8,'\0'),(199,8,'Ευστράτιος','Κουταλιός',12,'Μαθητής',NULL,5,'\0'),(200,10,'Χριστοφόρα-Διονυσία','Πατινιωτάκη',11,'Μαθητής',NULL,1,'\0'),(201,2,'Παταπία','Περουλάκη',11,'Μαθητής',NULL,3,'\0'),(202,8,'Χιονιά-Όλγα','Δουκίδου',50,'Καθηγητής',NULL,5,'\0'),(203,4,'Μελίνα','Βασιλοπούλου',18,'Μαθητής',NULL,10,'\0'),(204,9,'Ελένη','Μαγκαφοπούλου',10,'Μαθητής',NULL,4,''),(205,3,'Ολύμπια-Τσαμπίκα','Μιχελή',15,'Μαθητής',NULL,8,'\0'),(206,7,'Αηδόνα','Αποστολίδου',11,'Μαθητής',NULL,7,'\0'),(207,4,'Απόλλων','Ξανθάκης',16,'Μαθητής',NULL,10,''),(208,8,'Θωμάς','Καζανόπουλος',11,'Μαθητής',NULL,5,''),(209,9,'Στεργιανή-Στέλλα','Παυλή',13,'Μαθητής',NULL,4,''),(210,5,'Αλεξία','Δημτσούδη',13,'Μαθητής',NULL,9,'\0'),(211,1,'GOD','POWER',32,'Main_Admin',NULL,NULL,'');
/*!40000 ALTER TABLE `app_user` ENABLE KEYS */;
=======
LOCK TABLES `App_user` WRITE;
/*!40000 ALTER TABLE `App_user` DISABLE KEYS */;
INSERT INTO `App_user` VALUES (1,1,'Αυγουστίνα','Μπεκάκου',36,'Admin',NULL,NULL,_binary '\0'),(2,2,'Παναγιώτης','Αναστασάκης',45,'Admin',NULL,NULL,_binary ''),(3,3,'Λεονάρδος','Κωτσικόρης',41,'Admin',NULL,NULL,_binary '\0'),(4,4,'Νικολίτσα','Καλδή',53,'Admin',NULL,NULL,_binary ''),(5,3,'Γαβριήλ-Παναγιώτης','Σταματιάδης',57,'Καθηγητής',NULL,3,_binary '\0'),(6,3,'Γεώργιος-Αλέξανδρος','Προβής',12,'Μαθητής',NULL,3,_binary '\0'),(7,4,'Γιολάντα','Πατελλή',59,'Καθηγητής',NULL,4,_binary '\0'),(8,3,'Γενοβέφα','Λυρή',14,'Μαθητής',NULL,3,_binary '\0'),(9,2,'Ευρύκλεια','Σμιτ',17,'Μαθητής',NULL,2,_binary '\0'),(10,1,'Αντίγονος','Ανδρουλάκης',15,'Μαθητής',NULL,1,_binary '\0'),(11,1,'Κλεόπας','Δερμιτζάκης',12,'Μαθητής',NULL,1,_binary '\0'),(12,4,'Φρύνη','Σιόλου',15,'Μαθητής',NULL,4,_binary '\0'),(13,4,'Πολυχρόνιος','Στραβοσνίχης',10,'Μαθητής',NULL,4,_binary '\0'),(14,2,'Χαράλαμπος','Μανελίδης',17,'Μαθητής',22634658,2,_binary ''),(15,2,'Φωκίων','Ευστρατόπουλος',15,'Μαθητής',NULL,2,_binary '\0'),(16,4,'Νίκος','Βιλδός',14,'Μαθητής',NULL,4,_binary '\0'),(17,3,'Εριέτα','Ταμπορρίνο',13,'Μαθητής',NULL,3,_binary '\0'),(18,4,'Αγαπητός-Ευκλείδης','Φρογάκης',12,'Μαθητής',47552678,4,_binary ''),(19,2,'Σώζων-Ιωακείμ','Ψυχιάς',59,'Καθηγητής',NULL,2,_binary '\0'),(20,3,'Αγάθη','Φιδάνη',13,'Μαθητής',NULL,3,_binary '\0'),(21,2,'Άριστος','Ρήγας',16,'Μαθητής',24495533,2,_binary ''),(22,4,'Αύγουστος','Στραβοσνίχης',14,'Μαθητής',25285484,4,_binary ''),(23,2,'Λουδοβίκος','Φωτογλίδης',13,'Μαθητής',NULL,2,_binary '\0'),(24,1,'Σουλτάνα-Ιππολύτη','Χατζηχαρίστου',13,'Μαθητής',NULL,1,_binary '\0'),(25,2,'Χαρά-Ευανθία','Πορφυριάδου',14,'Μαθητής',NULL,2,_binary '\0'),(26,3,'Λαυρέντιος-Ανδρόνικος','Χριστακόπουλος',16,'Μαθητής',NULL,3,_binary '\0'),(27,4,'Σαλώμη','Λεντζίου',15,'Μαθητής',19629148,4,_binary ''),(28,2,'Θέμις','Μίχου',15,'Μαθητής',NULL,2,_binary '\0'),(29,3,'Μερκούριος','Ραγκούσης',13,'Μαθητής',NULL,3,_binary '\0'),(30,2,'Χιονιά','Γκούνη',15,'Μαθητής',10940773,2,_binary ''),(31,3,'Ισίδωρος','Βαρδάκης',16,'Μαθητής',NULL,3,_binary '\0'),(32,2,'Αχιλλέας','Γκαγκαουδάκης',15,'Μαθητής',81107153,2,_binary ''),(33,4,'Αγνή','Κατσαντώνη',39,'Καθηγητής',80133332,4,_binary ''),(34,1,'Αφέντρα','Νικολάτου',15,'Μαθητής',NULL,1,_binary '\0'),(35,2,'Αρχιμήδης','Νέλος',17,'Μαθητής',NULL,2,_binary '\0'),(36,2,'Περικλής-Σιρανούς','Κυπραίος',54,'Καθηγητής',18781801,2,_binary ''),(37,4,'Βησσαρία','Δρόσου',10,'Μαθητής',NULL,4,_binary '\0'),(38,4,'Βαλέρια','Ρέππα',11,'Μαθητής',92320687,4,_binary ''),(39,1,'Ευρύκλεια','Κοτρώτσου',13,'Μαθητής',NULL,1,_binary '\0'),(40,2,'Βαλάντης','Ζηματίκας',17,'Μαθητής',97442702,2,_binary ''),(41,4,'Γαλάτιος-Κλεομένης','Μόναχας',35,'Καθηγητής',38518570,4,_binary ''),(42,1,'Μιχαήλ','Κατεβάτης',11,'Μαθητής',NULL,1,_binary '\0'),(43,1,'Ευάγγελος','Τάσιος',46,'Καθηγητής',NULL,1,_binary '\0'),(44,4,'Μυρσίνη','Εμμανουήλ',52,'Καθηγητής',NULL,4,_binary '\0'),(45,3,'Φανουρία','Αγγελίδου',11,'Μαθητής',NULL,3,_binary '\0'),(46,4,'Σεβαστιανή','Γεωργή',12,'Μαθητής',NULL,4,_binary '\0'),(47,3,'Χριστοδούλα','Καλομοίρη',55,'Καθηγητής',NULL,3,_binary '\0'),(48,3,'Ελπίδα-Φιλιώ','Μπακοστεργίου',65,'Καθηγητής',NULL,3,_binary '\0'),(49,3,'Τριαντάφυλλος-Δημόκριτος','Αγγελής',14,'Μαθητής',NULL,3,_binary '\0'),(50,4,'Κυπαρισσία','Τσουνάκου',14,'Μαθητής',NULL,4,_binary '\0'),(51,2,'Μερκούριος','Κυριατσούλης',16,'Μαθητής',NULL,2,_binary '\0'),(52,1,'Μιχαήλ','Μπακοστεργίου',17,'Μαθητής',NULL,1,_binary '\0'),(53,1,'Αμφιθέα','Καλούδη',12,'Μαθητής',NULL,1,_binary '\0'),(54,1,'Παναγιώτης','Παπαροϊδάμης',16,'Μαθητής',NULL,1,_binary '\0'),(55,3,'Σουλτάνα','Αργυράκη',10,'Μαθητής',NULL,3,_binary '\0'),(56,3,'Αμβρόσιος','Μαυρουδής',15,'Μαθητής',NULL,3,_binary '\0'),(57,2,'Λυδία-Κομνηνή','Ιωακειμίδου',14,'Μαθητής',NULL,2,_binary '\0'),(58,4,'Βαρσάμος','Τολούδης',45,'Καθηγητής',34114274,4,_binary ''),(59,3,'Αύγουστος','Ταμιωλάκης',12,'Μαθητής',NULL,3,_binary '\0'),(60,1,'Μαρίνα-Αννίκα','Χονδρούδη',10,'Μαθητής',NULL,1,_binary '\0'),(61,4,'Φλώρα','Ευαγγελάκη',17,'Μαθητής',98227059,4,_binary ''),(62,3,'Κυριαζής','Χουλιάρας',41,'Καθηγητής',NULL,3,_binary '\0'),(63,4,'Ευπραξία','Λουμπούτσκου',14,'Μαθητής',28968540,4,_binary ''),(64,1,'Αντύπας','Τσακανίκας',12,'Μαθητής',NULL,1,_binary '\0'),(65,4,'Δημήτριος','Μοσχόπουλος',12,'Μαθητής',NULL,4,_binary '\0'),(66,4,'Ήρα','Κατσιγιάννη',17,'Μαθητής',NULL,4,_binary '\0'),(67,3,'Μικές','Καλιτσουνάκης',14,'Μαθητής',NULL,3,_binary '\0'),(68,2,'Φιλαρέτη','Παρασκευά',55,'Καθηγητής',NULL,2,_binary '\0'),(69,3,'Ιακωβίνα','Τρεντσίου',50,'Καθηγητής',NULL,3,_binary '\0'),(70,1,'Τρύφων','Κονδυλίδης',17,'Μαθητής',NULL,1,_binary '\0'),(71,3,'Παρασκευάς','Δίγκας',10,'Μαθητής',NULL,3,_binary '\0'),(72,3,'Ιάκωβος','Ντουλιάς',12,'Μαθητής',NULL,3,_binary '\0'),(73,2,'Φωτεινός-Θεοτόκης','Σταμόπουλος',18,'Μαθητής',NULL,2,_binary '\0'),(74,3,'Αντώνιος-Ηλίας','Γκιτσάκης',10,'Μαθητής',NULL,3,_binary '\0'),(75,2,'Λυγερή','Γιακαμόζη',13,'Μαθητής',27379076,2,_binary ''),(76,3,'Ιουλιανή','Φυτιλή',44,'Καθηγητής',NULL,3,_binary '\0'),(77,2,'Μάρκος','Πουλογιαννόπουλος',58,'Καθηγητής',35550042,2,_binary ''),(78,2,'Χάρις','Παπουδής',32,'Καθηγητής',47861321,2,_binary ''),(79,4,'Κυριάκος','Τυμβίου',60,'Καθηγητής',38068643,4,_binary ''),(80,1,'Ιάσων-Φρειδερίκος','Ζορμπάς',18,'Μαθητής',NULL,1,_binary '\0'),(81,3,'Παναγής','Χατζηγρηγοράκης',14,'Μαθητής',NULL,3,_binary '\0'),(82,3,'Κασσιανή','Αλεξανδράκη',18,'Μαθητής',NULL,3,_binary '\0'),(83,3,'Ευδοκία-Παντούλα','Τσακαλάκου',17,'Μαθητής',NULL,3,_binary '\0'),(84,2,'Κοραλία','Διοπούλου',58,'Καθηγητής',46068022,2,_binary ''),(85,1,'Σταύρος','Πάντος',45,'Καθηγητής',NULL,1,_binary '\0'),(86,1,'Γραμματική','Δημακογιάννη',15,'Μαθητής',NULL,1,_binary '\0'),(87,1,'Αννίκα','Σακκή',11,'Μαθητής',NULL,1,_binary '\0'),(88,4,'Τζανέτος','Τσέας',62,'Καθηγητής',79276391,4,_binary ''),(89,2,'Μένανδρος','Κωσταλής',16,'Μαθητής',81181172,2,_binary ''),(90,3,'Παυσανίας','Δουλάμης',18,'Μαθητής',NULL,3,_binary '\0'),(91,4,'Φίλιππος-Πύρρος','Πευκιανάκης',11,'Μαθητής',NULL,4,_binary '\0'),(92,4,'Σιρανούς','Κακοσαίος',15,'Μαθητής',NULL,4,_binary '\0'),(93,2,'Πασχάλης','Αναστασάκης',10,'Μαθητής',NULL,2,_binary '\0'),(94,1,'Θεοχάρης','Στεργιαλής',17,'Μαθητής',NULL,1,_binary '\0'),(95,1,'Κυδωνία','Κωστοπούλου',15,'Μαθητής',NULL,1,_binary '\0'),(96,3,'Ελένη-Σπυριδούλα','Μασίκα',12,'Μαθητής',NULL,3,_binary '\0'),(97,4,'Ευγενία','Παπατζήκα',18,'Μαθητής',NULL,4,_binary '\0'),(98,3,'Φώτιος','Καρτάς',10,'Μαθητής',NULL,3,_binary '\0'),(99,4,'Τριαντάφυλλη','Βαρθαλίτη',14,'Μαθητής',35200621,4,_binary ''),(100,4,'Χριστόφορος','Μαργαρώνης',65,'Καθηγητής',60368730,4,_binary ''),(101,1,'Χαρά','Κουτσούμπεη',17,'Μαθητής',NULL,1,_binary '\0'),(102,2,'Θεοδόσης','Καμποσάκης',33,'Καθηγητής',98406181,2,_binary ''),(103,3,'Βάιος','Μπαλάσκας',11,'Μαθητής',NULL,3,_binary '\0'),(104,1,'Ευθύμιος','Τερζίδης',16,'Μαθητής',NULL,1,_binary '\0'),(105,3,'Μιλτιάδης','Μποζίκης',15,'Μαθητής',NULL,3,_binary '\0'),(106,3,'Τριαντάφυλλος','Ευαγγελάτος',13,'Μαθητής',NULL,3,_binary '\0'),(107,3,'Εμμανουέλα','Μεξή',39,'Καθηγητής',NULL,3,_binary '\0'),(108,1,'Ανθούλης','Κιτινός',17,'Μαθητής',NULL,1,_binary '\0'),(109,4,'Ευτέρπη','Εμμανουηλίδου',40,'Καθηγητής',NULL,4,_binary '\0'),(110,3,'Λυκούργος','Σφούνης',42,'Καθηγητής',NULL,3,_binary '\0'),(111,2,'Πέτρα','Σάουερ',37,'Καθηγητής',55196317,2,_binary ''),(112,4,'Δημήτριος','Πετριτάκης',16,'Μαθητής',83482582,4,_binary ''),(113,4,'Βενέτιος-Γαλάτιος','Γιαννόπουλος',14,'Μαθητής',NULL,4,_binary '\0'),(114,3,'Διονύσιος','Μπραζιώτης',14,'Μαθητής',NULL,3,_binary '\0'),(115,2,'Χριστοδούλα-Ματίνα','Χατζή',16,'Μαθητής',40559822,2,_binary ''),(116,3,'Αρχιμήδης','Κλήμης',56,'Καθηγητής',NULL,3,_binary '\0'),(117,3,'Ζηνοβία','Μπενέτου',11,'Μαθητής',NULL,3,_binary '\0'),(118,4,'Ευτέρπη','Τσιούπρα',14,'Μαθητής',NULL,4,_binary '\0'),(119,3,'Λαέρτης','Βανδώρος',16,'Μαθητής',NULL,3,_binary '\0'),(120,3,'Γαβριήλ-Χρυσοβαλάντιος','Καλαργυρός',60,'Καθηγητής',NULL,3,_binary '\0'),(121,1,'Ελεονόρα','Κυρίτση',16,'Μαθητής',NULL,1,_binary '\0'),(122,4,'Ευφροσύνη','Παυλή',10,'Μαθητής',40292506,4,_binary ''),(123,3,'Αυγή','Μπαφίτη',17,'Μαθητής',NULL,3,_binary '\0'),(124,2,'Ευδόξιος','Ράλλης',51,'Καθηγητής',27292438,2,_binary ''),(125,3,'Σιρανούς','Λάππας',60,'Καθηγητής',NULL,3,_binary '\0'),(126,1,'Αμφιθέα-Αστέρω','Σαλέμη',16,'Μαθητής',NULL,1,_binary '\0'),(127,2,'Σαββούλα','Κατσούλα',17,'Μαθητής',65815790,2,_binary ''),(128,1,'Μιχαέλα','Βράσκου',18,'Μαθητής',NULL,1,_binary '\0'),(129,1,'Γρηγόριος','Περπινιάς',10,'Μαθητής',NULL,1,_binary '\0'),(130,1,'Πίνδαρος','Βουτσάς',39,'Καθηγητής',NULL,1,_binary '\0'),(131,4,'Τρυφωνία','Βαλεντή',12,'Μαθητής',27422612,4,_binary ''),(132,2,'Πέτρα','Βαζούρα',11,'Μαθητής',74358889,2,_binary ''),(133,4,'Μαριγώ-Ζαμπία','Βαρελίδου',15,'Μαθητής',NULL,4,_binary '\0'),(134,2,'Σώζων-Βαρσάμος','Κολοβός',52,'Καθηγητής',65662868,2,_binary ''),(135,1,'Νερατζιά','Βαμβουκάκη',17,'Μαθητής',NULL,1,_binary '\0'),(136,2,'Ραχήλ-Βλάσιος','Νασίκας',15,'Μαθητής',15701912,2,_binary ''),(137,2,'Άλκηστις','Δούβαλη',11,'Μαθητής',46134064,2,_binary ''),(138,3,'Παρθένα','Τρεντσίου',14,'Μαθητής',NULL,3,_binary '\0'),(139,2,'Πύρρος','Παναγιωτακόπουλος',18,'Μαθητής',NULL,2,_binary '\0'),(140,3,'Μαλαματένια','Κυριακούλη',13,'Μαθητής',NULL,3,_binary '\0'),(141,2,'Χρήστος','Κιτινός',54,'Καθηγητής',33463222,2,_binary ''),(142,2,'Ρωμανός','Δημησκής',12,'Μαθητής',60933926,2,_binary ''),(143,2,'Αρχιμήδης','Αποστολόπουλος',17,'Μαθητής',NULL,2,_binary '\0'),(144,4,'Ραχήλ','Μαρακάς',42,'Καθηγητής',NULL,4,_binary '\0'),(145,4,'Μελένια-Θεοφύλακτη','Μπακουλή',11,'Μαθητής',NULL,4,_binary '\0'),(146,1,'Στέργιος-Παντελής','Θεοδωρόπουλος',36,'Καθηγητής',NULL,1,_binary '\0'),(147,3,'Ευστάθιος','Βάσσης',15,'Μαθητής',NULL,3,_binary '\0'),(148,3,'Λυδία-Αλεξία','Κουτσιουμάρη',27,'Καθηγητής',NULL,3,_binary '\0'),(149,4,'Παύλος-Ασκληπιός','Δακαναλής',18,'Μαθητής',33646033,4,_binary ''),(150,2,'Ροδόφλος','Ορφανάκης',46,'Καθηγητής',NULL,2,_binary '\0'),(151,2,'Φιλιππία','Δαγλή',10,'Μαθητής',53530946,2,_binary ''),(152,1,'Μαρίνα','Ντανώλα',17,'Μαθητής',NULL,1,_binary '\0'),(153,1,'Φιλιώ','Σκρεμμύδα',10,'Μαθητής',NULL,1,_binary '\0'),(154,4,'Υβόννη','Κυργιά',14,'Μαθητής',NULL,4,_binary '\0'),(155,NULL,'Eren','Yeager',42,'Main_Admin',NULL,NULL,_binary ''),(156,2,'yolo','volo',18,'Μαθητής',NULL,2,_binary '\0');
/*!40000 ALTER TABLE `App_user` ENABLE KEYS */;
>>>>>>> b46dae23bf2573ec15cee5f7769ca8a83da3d25f
UNLOCK TABLES;

--
-- Table structure for table `authentication`
--

DROP TABLE IF EXISTS `authentication`;
/*!40101 SET @saved_cs_client     = @@character_set_client */;
/*!40101 SET character_set_client = utf8 */;
CREATE TABLE `authentication` (
  `auth_id` int(11) NOT NULL AUTO_INCREMENT,
  `user_id` int(11) DEFAULT NULL,
  `username` varchar(40) NOT NULL,
  `password` varchar(40) NOT NULL,
  PRIMARY KEY (`auth_id`),
  UNIQUE KEY `username` (`username`),
  KEY `fk_Authentication_App_user` (`user_id`),
<<<<<<< HEAD
  KEY `idx_username` (`username`),
  CONSTRAINT `fk_Authentication_App_user` FOREIGN KEY (`user_id`) REFERENCES `app_user` (`user_id`) ON DELETE CASCADE ON UPDATE CASCADE
) ENGINE=InnoDB AUTO_INCREMENT=212 DEFAULT CHARSET=utf8mb4 COLLATE=utf8mb4_general_ci;
=======
  CONSTRAINT `fk_Authentication_App_user` FOREIGN KEY (`user_id`) REFERENCES `App_user` (`user_id`) ON DELETE CASCADE ON UPDATE CASCADE
) ENGINE=InnoDB AUTO_INCREMENT=157 DEFAULT CHARSET=utf8mb4 COLLATE=utf8mb4_general_ci;
>>>>>>> b46dae23bf2573ec15cee5f7769ca8a83da3d25f
/*!40101 SET character_set_client = @saved_cs_client */;

--
-- Dumping data for table `authentication`
--

<<<<<<< HEAD
LOCK TABLES `authentication` WRITE;
/*!40000 ALTER TABLE `authentication` DISABLE KEYS */;
INSERT INTO `authentication` VALUES (1,6,'qmpalampani','b7)1RFl2+m'),(2,24,'cxirotyri','4I74Fj8B#c'),(3,30,'topali.dimoula','*l08ZUx7xS'),(4,35,'ikarananou','*vEsT5(C%4'),(5,39,'wsaridaki','7fQbB##r$T'),(6,45,'wpetta','L$RQ6TDdZl'),(7,51,'zmichelakaki','&#9Gniap72'),(8,57,'eliolios','!3#JsCeaqG'),(9,62,'viktoria.aggelakos','4_1zBraTWs'),(10,68,'neokleia.katevatis','^4g@BlWb)y'),(11,82,'aglaia19','wcy3E1V5I('),(12,86,'marakas.filimon','(QW0YZb6$z'),(13,87,'achondrolidis','E2(7TETj^t'),(14,101,'genovefa.valkanou','O+9EsVCiJw'),(15,102,'vasilakis.ioulios','_5hTJLsd^9'),(16,109,'flioliopoulou','y$2A7SDb!U'),(17,112,'xnousis','F(DG1Sup+@'),(18,128,'garoufalis.praxitelis','$0fT%z82o2'),(19,144,'komnini56','2W^UlO@o!B'),(20,148,'nrodis','+hF6cDtb)5'),(21,162,'matthildi67','X#CW8GYkUR'),(22,167,'lolos.chrysafenia','_sI*Dvcxq4'),(23,180,'vladimiros.tsitouras','G_Txb6oi&5'),(24,188,'mantzoros.ilias','*adsPKuGp8'),(25,197,'kosmas.dimopoulos','xtL5QwoX!4'),(26,3,'garyfallos27','8!QHt7bT^r'),(27,23,'rgeorgara',')i1C@)Qy3R'),(28,29,'andreas03','(M0wbFllmy'),(29,34,'sikalidis.theoklitos','@@pd6kWZtq'),(30,38,'dikaios39','$E(O9EGig%'),(31,46,'stergios46','&zkZ8TMy54'),(32,49,'agapitos.giatromanolakis','j^r*3W3j9+'),(33,58,'kvavasi','@70YYBzjwZ'),(34,74,'garyfallos25','p@7cIXtydT'),(35,78,'natalia.koulaousari','_qO8OBt1+q'),(36,90,'michos.polydoros','39FP7ugZ)V'),(37,123,'valentina06','!maP7Cr#7m'),(38,124,'marilena35','E$y3g2EyR5'),(39,133,'diakakis.nearchos','m%*c^2CdbF'),(40,134,'euthymia65','r$6qQbJk8X'),(41,135,'foivi.alatzakis','AQYSrdke$1'),(42,157,'drosia61',')dLCMLj(J1'),(43,184,'grammatiki94','R^Ln4rMbk#'),(44,190,'dido10','O%IL7XtxR#'),(45,201,'cufanti','ymfuTruy%4'),(46,8,'vleledakis','^a3GQfoq6W'),(47,19,'rodis.anastasios','+GOZOt+U2W'),(48,44,'panou.minoas','p8q2N_z04_'),(49,59,'theoklitos46',')EE6Ln1dmy'),(50,80,'simitopoulou.meletios','@*q7VsfM8K'),(51,81,'aggelis.kyriakouli','QwuHqzqc+4'),(52,117,'euripidis08','(1GwIam@#4'),(53,118,'theodosia81','i!^79mRufa'),(54,127,'koutris.adam','8*Ln^qWM%Y'),(55,137,'louiza32','AL+6^ViqxH'),(56,161,'patapia.patsouras','tS&#AGZf@4'),(57,163,'chloi72','PTRi5UMy(3'),(58,169,'aggelidou.archimidis','_S^XD0Sc*2'),(59,174,'liouka.laskaris','6rA1SrW3!^'),(60,182,'agni97','(MGElsO!7Z'),(61,186,'aimilios81','96)Csk82%m'),(62,187,'agni.kioupliotis','4gVQ#Vze!M'),(63,195,'aadamopoulos','^vWEbJLPw2'),(64,198,'niatropoulos','Ww9xa_IzO^'),(65,205,'savvas.zontanou','#d1%Eguv*9'),(66,10,'grevenaris.aimilianos','@qNEEzz00s'),(67,14,'koralia.gkagkas','PM#)!8_k)0'),(68,16,'rodanthi43','M47BFS9l)G'),(69,18,'ioulianos29','+@#6QBP#Ac'),(70,33,'afroditi.mpalanika','_kO4wVyt5*'),(71,48,'mstefanou','9m6DzbUf)R'),(72,77,'vikentios55','sd*9iBy!$^'),(73,88,'ystamatoukou','B*3!Vj7FPO'),(74,94,'koufaki.loukianos','@+MafxTh*9'),(75,95,'tziortzi.eugenios','+q9E7#rUqc'),(76,97,'kosmas72','M+h5vWWNLp'),(77,110,'sofronia.rigas','h$XK1TfuLE'),(78,139,'akrivos23','@2kk4AH3d5'),(79,147,'matthildi.rallis','a9Q21ZcQL%'),(80,154,'ugalanopoulou','Qe!W%7Qqn*'),(81,203,'tilemachos66','XYddNKKg#4'),(82,207,'kyriaki85','@06%Kcq!O6'),(83,9,'thaleia.panagiotakopoulos','YPw$3B6l1Q'),(84,20,'mkatsantoni','1ba*8pYi2y'),(85,25,'vkarakonstantinou','u@177D5v7$'),(86,60,'rodia55','y(0uIvz4&Q'),(87,64,'keskini.epistimi','(dcosHFpY0'),(88,92,'ovasilogiannis','30EyOMqM&7'),(89,100,'dagli.tryfonia','^Y9WMVsc18'),(90,107,'zmastraggeli',')1ZfL%Usnw'),(91,120,'jztoukos','74N5A+Dl!I'),(92,121,'xrizos','V@!9H41l9W'),(93,130,'ukioupliotis','QYz0NqFtF@'),(94,136,'soumela05','*$6Tg5jdj$'),(95,150,'pkargakou','H^5LsbVhDU'),(96,183,'zafeiria.aggelidis',')2R)BNiS7A'),(97,210,'logothetis16','^nW$8VnkZ2'),(98,2,'tsouraki.ilektra','R65#@YSca$'),(99,21,'ekiousis','Jm33+xEy$&'),(100,53,'kydonia.karyda',')2IjSPJ69c'),(101,56,'mpelekou.eupraxia','fa2SSI8o!O'),(102,71,'galanaki.iordania','35^5Vx3%ia'),(103,84,'minoas.karantzopoulos','%3ON!iCuI2'),(104,89,'ctsouknidas','#tUi^oBd(5'),(105,93,'kornilios89','f96HYupWA^'),(106,111,'wkolokathis','d2QAVxkZ@Z'),(107,114,'filothei.mauridou','@A)Ky4QsGJ'),(108,116,'veniamin09','q8wSLS^u)c'),(109,122,'qpassalidis','1+5Y2OoZzz'),(110,126,'sgourena.grigorios','(0UGq%Kwl5'),(111,129,'iakovos.sevdas','G2c*EamL+J'),(112,131,'damala.vardis','T%5%AQx5z+'),(113,142,'megaklis.christodoulou','VR7vDU(a!E'),(114,159,'paraschos71','tl6ORtdI%E'),(115,160,'rstauridou','!5a_Ah2poB'),(116,166,'gkotsaris','uX8TZKqet&'),(117,170,'athinodora50','*Yb0ZtJ0^I'),(118,171,'fasoulidou.christofora','kY!+0NeVj#'),(119,176,'efraim.papaeuaggeliou','Lm*S3Ojm&T'),(120,177,'psyrri.anna','***QQaOc+8'),(121,185,'filomila.ntrivala','$CDwzi0mu2'),(122,193,'mgrigoriadou','^yj#YXkQb6'),(123,194,'theofilos.tsegas','+FOCcFBlp9'),(124,7,'viktoria.alexandraki','^3EvZQyK7g'),(125,11,'tkaraiskos','%4KVm3f_+Z'),(126,32,'foteinos05','CIPS8KRz_!'),(127,41,'lalas.lysandros','XA#wT8tB+3'),(128,52,'ourania.nikolaidis','@EgXi6f6q4'),(129,61,'charalampous.pinelopi','$3H+_zy8QP'),(130,67,'theologos.chatzigeorgiou','m!W5XG9h^b'),(131,70,'vissarion05','F7WBRGrj(('),(132,79,'savvoula.kanavos','^0SPxetQ&s'),(133,105,'apollon18','o!p5JacdXk'),(134,108,'malama.antigonos','_3aT7nGOgh'),(135,115,'asimakis02','K63jMsWlF@'),(136,138,'rafail.zannikou','NL+&9dxu+0'),(137,149,'karagianni.eleni','#jOFdZzFj5'),(138,173,'miranta.kitsou','seEL5L3s&4'),(139,175,'rodokleia54','H*4X4MYu!!'),(140,178,'vrasidas.vlisaroulis','*_&_0Dua^u'),(141,179,'vafeiadou.iris','&7+hHKbbyi'),(142,206,'kyveli71','0kUXI3+e_O'),(143,5,'veronika.chalatsis',')rp2Fl$we@'),(144,17,'mtachtsidis','x99F(jMP(8'),(145,26,'zkoutsoumpei','5R7x$Rl5)3'),(146,31,'chrysaugi26','fnCmWpRV(4'),(147,37,'karalis.theofylakti','lHV6*BNu!('),(148,47,'dkourelis','C^0wT_wL^u'),(149,69,'akrivi32','SURMZf*a#3'),(150,75,'vlasis42','72Tod^Tv&U'),(151,76,'foteini38','f+7Tx(2tUR'),(152,91,'erieta.panagiotakopoulou','$r)BWn_V29'),(153,98,'doukissa.salemi','&WpNBWojx0'),(154,99,'kdedoukou','D)W9Y3Jasx'),(155,106,'andriotis.louiza','#2BMXcEz%J'),(156,113,'isaak.gourgoulis','u4@pX5rs&r'),(157,119,'sdrallis.alexia','4uh7+aDvy*'),(158,125,'patroklos22','#*7LfcpZj1'),(159,132,'panormitis.mitridis','%&h1%TDv_u'),(160,141,'synodinou.eleni','5NEU7&%n$S'),(161,145,'chrysafenia82','@_w98Htdn1'),(162,152,'ydimitrelou','Gdi3H+_7^8'),(163,153,'thalassini75','Pww2J9sI$5'),(164,156,'klairi.petropoulos','NNrB5YEv+b'),(165,181,'nikodimos32','@v%$qBTH4Q'),(166,192,'reveka61','*yyq+Bu32X'),(167,199,'taxiarchis95','Et&l7Ak^Dy'),(168,202,'vpapagiannis','n3@PL4Z9$l'),(169,208,'christaras.kornilios','^OMURHkpD4'),(170,4,'garyfallia.koumiotis','3uKioS&2@N'),(171,22,'maria.sarantinos','6^h0NICnoc'),(172,27,'drakopoulos.erotokritos','a$2TrUuzDD'),(173,36,'agapitos.kaminari','#342Z4Azq2'),(174,40,'drakopoulos.anargyri','xDFUdZX)_8'),(175,42,'agamemnon.zormpas','@87PUV!vm7'),(176,43,'pyrovolou.siranous','e5FQ9dO8#e'),(177,54,'dferentinos','G5BDxaJZ(I'),(178,63,'kallirroi.vardakis','Fb#3wvSrfy'),(179,72,'vasouchidou','cLnBWu68_0'),(180,85,'cchristofori','*k1HX%he)v'),(181,96,'vkatarachias','@jNAC%ov1c'),(182,103,'daniil30','$)4FJdui0('),(183,104,'mara.aimilios','_2$NTb1$(0'),(184,140,'petridou.alexandra','&OzW7gJt8@'),(185,143,'pmagkanari','oN@5$Pnq)B'),(186,155,'nikodimos.gousios','EoQ94x7#(4'),(187,168,'rachil.smyrniotis','1xJrsrD4_1'),(188,189,'theocharis.emmanouil','GS!5YZkf#2'),(189,191,'ichondroudi','&A9XOdT0Xu'),(190,196,'zrokka','&g7PKP+j+n'),(191,204,'ananias.ziara','ih7EWq)cV@'),(192,209,'theofania51','89&eeIpw)6'),(193,1,'okatsaros',')r+5JYzXOE'),(194,12,'christian.fydanis','p2iGhx4r)D'),(195,13,'sozousa.filippakis','5I#ECsTb#1'),(196,15,'uzouloumis','#09K5SJoQz'),(197,28,'ggiannes','h11EQndk+e'),(198,50,'fkottikas','%Qqk@8Uw4s'),(199,55,'ulianou','l%4U_AXkw5'),(200,65,'aristarchos56','0qW4AJxR)K'),(201,66,'btsachaki','(x9vQqk#+j'),(202,73,'kanellopoulos.taxiarchos','PJzNewBm_1'),(203,83,'reveka00','kBM6Wh(C^)'),(204,146,'rentas.eleni','FboH*Fuq^1'),(205,151,'eutychia.papatheodosiou','4Ow0eI*m@y'),(206,158,'doulamis.eua','+M*$3CTnXs'),(207,164,'theodosis11','*!IXGOxrV9'),(208,165,'pelagia21','JNPVL8sL_5'),(209,172,'ttsoni','9y!gm1DnHf'),(210,200,'vlachodimou.valanto','00cgTJKm_J'),(211,211,'GOD','12345');
/*!40000 ALTER TABLE `authentication` ENABLE KEYS */;
=======
LOCK TABLES `Authentication` WRITE;
/*!40000 ALTER TABLE `Authentication` DISABLE KEYS */;
INSERT INTO `Authentication` VALUES (1,1,'thalis.drakaki','%)E7RmM$zl'),(2,10,'mitridis.eupraxia','MQKyqij_#1'),(3,11,'etsiaras','$@OQSqvP!3'),(4,24,'themistokleia.moraitis','e9TfxgcS^h'),(5,34,'dimitropoulos.polydora','a441W+#r*j'),(6,39,'rafail.patmanidis','n1Dp$gN7%s'),(7,42,'vasiliki.tzinieris','58C$NuRG%1'),(8,43,'apostolia68','_1eXWgDI7B'),(9,52,'sokratis45','95Y(YZpb!x'),(10,53,'symela37','hs^&E5Ewe&'),(11,54,'ntanola.veronika','a(d#e4WcUt'),(12,60,'mpekakou.apostolia','*r7ZEzT*m6'),(13,64,'kyritsis.augeris','@_2NSYjE)&'),(14,70,'bmantzoros','N+h_h8Cn%y'),(15,80,'chari.karampina','un(P4KrsBK'),(16,85,'mauromanolakis.themis','Nq^H3IjF+Q'),(17,86,'theofylakti29',')4mUJ&ShK&'),(18,87,'qvorlokas','+FD7XpJ+!o'),(19,94,'akoronidou','9fu_6RHO9#'),(20,95,'ualexandraki','PhA(3C$yFU'),(21,101,'gvasileiou','yIRAkOtO(4'),(22,104,'aristomenis.panopoulou','08k9Oy*K)S'),(23,108,'badamopoulou','#3BxPHfaX3'),(24,121,'zampeta.dardioti',')tySDzNt0P'),(25,126,'echorianopoulou','+0QjUFzXiu'),(26,128,'zmaniati','s0xA@)Dy@A'),(27,129,'apostolia12','!0U%dR+y**'),(28,130,'fasouli.rafail','#vLGXymon2'),(29,135,'mitsou.paschalis','G*_B2SjTa5'),(30,146,'tsopanidis.laskarina','U5nPbjf%(T'),(31,152,'timoleon13','3XzoOhN*@2'),(32,153,'tsentouros.iraklis','x0iAy+Yk)s'),(33,2,'mpermpatiotis.maurikios','_FrYcS&cp4'),(34,9,'kpolychronis','dK4Ecj9f#X'),(35,14,'hkaneli','$601RbS4l('),(36,15,'meletios.nitsotolis','@OK^pVJj*0'),(37,19,'aglaia39','^XnGKygrC4'),(38,21,'prodromia.douloufaki','vd3veN5rS+'),(39,23,'timoleon.giannakitsas','*F^X)YDeS1'),(40,25,'lito.karyda','MSC2nl%a&0'),(41,28,'qmitsou','n_$2FPVfR^'),(42,30,'atziavas','Jo3Wn7TK*@'),(43,32,'vchondroudi','_$6R0fvxq$'),(44,35,'mmpalli','a7BAzZwt&@'),(45,36,'mkargakou','PM2JBQg9M)'),(46,40,'moschopoulos.charis','B65TMIdH*)'),(47,51,'polychronis.theofilos','!9m&8MZbs9'),(48,57,'christina58','(3WEcEu0$7'),(49,68,'chrysovalanto.zeugitis','(CH5e1OoMa'),(50,73,'kchrysafi','^CuJhEa&47'),(51,75,'lfronimaki','L_3daDKw9c'),(52,77,'kotoulas.aimilianos','+^Qx)jGH5$'),(53,78,'virginia.dermitzakis','XId(0IrYaN'),(54,84,'faidra.giannes','))TuAqpv4K'),(55,89,'kesisi.markos','xkpq8OiG&R'),(56,93,'gstergialis','u4Xja0)6+v'),(57,102,'paris79','6+6XCBS79c'),(58,111,'meropi13','_0BgpEaGNQ'),(59,115,'adamantia06','De8WODrC%X'),(60,124,'michalis92','_#r8RZin&j'),(61,127,'rigoula04','WGRLljI4#9'),(62,132,'vlachonikoleas.roza','M&4Z7zdN$P'),(63,134,'andronikos65','%!KawSOi8G'),(64,136,'ino62','KF60BzoZg&'),(65,137,'provis.solon','d*i0CQkE)N'),(66,139,'alexia.koumara','^HVD&Ga795'),(67,141,'logothetis.christopoulos','#K7S&@bb@!'),(68,142,'faidon.piskopani','&2Diblf+3D'),(69,143,'maura.kaliampos','*6&Fym(jPg'),(70,150,'nikoloudaki.poulcheria','Xv!@5Zjwe1'),(71,151,'tstamatoukou','@e4A#$fk12'),(72,3,'adamantios.droulias','!57Lb9j7Gv'),(73,5,'roupakas.vrasidas','_L9ZEuuKDc'),(74,6,'xreppa','cz47_zVC6#'),(75,8,'lmaurommatis','VA$_8pDrg1'),(76,17,'archaulis.zisoula','CR6LDayKk#'),(77,20,'jktenidis','G66$GUxF$V'),(78,26,'drosos55','UHv%2+Lyg@'),(79,29,'preka.theodora','x$5Vq375$P'),(80,31,'lazaros.perakis','44A_fz%x%1'),(81,45,'mauroeidakos.stamatios','Kb$UY0JfaR'),(82,47,'katsaros.chaido',')&5OLayi#x'),(83,48,'fmengk','^9UAHyZqC@'),(84,49,'sevasti.tzinieris','mx0Qv6vV+$'),(85,55,'lazaria.stauridou','lf*NUK_q(3'),(86,56,'athinodora33','$y0^xO#tG%'),(87,59,'doukatzis.antonia','(9TdyPd&6%'),(88,62,'ukarampina','9M#0^Ia#uZ'),(89,67,'bsiouta','2*7OFdnG#D'),(90,69,'tufanti','j$7erWoqgn'),(91,71,'qvakalis','^%VYg7oaw9'),(92,72,'ptheodosiou','cG@v0LuLcP'),(93,74,'isavella26','@aM6He%Fj4'),(94,76,'lydia97','pKb25Qp&(Q'),(95,81,'patelli.minoas',')9OgIj2$37'),(96,82,'polykratis56','(qQ4HFDgVz'),(97,83,'sofoklis.triantakonstantis','u1_)h3Oo&R'),(98,90,'ftzouvelis','^qD67gxHI8'),(99,96,'themistokleia.grevenaris','1q69KO^y*)'),(100,98,'eustratia58','r3!Y(ZkT^8'),(101,103,'yvoulgaridou','LEPXaa7D_1'),(102,105,'prodromia93','epNlTg$n^2'),(103,106,'eutychia.androulidakis','$JS9W3AfV4'),(104,107,'metaxia73','7bQhhF3g^I'),(105,110,'alkistis73',')NZL%zhp0B'),(106,114,'markos38','jntCGa1a#0'),(107,116,'asimis92','*H9EKTzh3D'),(108,117,'andrikopoulos.kleio','9hy)7KxK1U'),(109,119,'lagopatis.fragkiskos','*8)4wS^bHU'),(110,120,'voukas.damiani','!1vMA!o*Wf'),(111,123,'eusevia.sempepou','aL^oQ3Lm&i'),(112,125,'douloufaki.chloi','D_7AE&ztRw'),(113,138,'aimilios21','lr(2Q1Dy^@'),(114,140,'violeta19','wb7HaAeS%)'),(115,147,'echatzisavvidis','Y7aM34Nv)K'),(116,148,'lytra.antipatros','ZP9C4Tsnw_'),(117,4,'imanousopoulou',')_Y3VVubtd'),(118,7,'rtarnaris','izTvy9H9@9'),(119,12,'orfanakis.afentra','dq6CsGm3g#'),(120,13,'vasileios.orfanakis','0ukFpjma!V'),(121,16,'kchristopoulos','4+M9@YPk&F'),(122,18,'alkiviadis.ananiadou','%SWLsqvFp2'),(123,22,'kleomenis74','7*ND0UBvEN'),(124,27,'foivi01','_oKhYHEAi2'),(125,33,'auxentios.polatidou','%8DGD1lQVr'),(126,37,'stamatis.fytili','O%QP0YZetG'),(127,38,'orfeas.zidianakis','O0JmMMWo%)'),(128,41,'sapfo30','o5qCIx+w#J'),(129,44,'petsi.symela','r7e9LZbiJ&'),(130,46,'paraskeuas70','6dg5qN5b%G'),(131,50,'vairamidou.anthi','%Ncti7MoP6'),(132,58,'sarri.sotiris','*9XVvzAG(v'),(133,61,'kmakariadis','#qIKgsJh!4'),(134,63,'malysandratou','*LkM3FQjG7'),(135,65,'eupraxia54','+Nt9&TEe0y'),(136,66,'veroniki.petropoulos','$6VfXHgIcP'),(137,79,'csevastou',')1*MPgxkB!'),(138,88,'vlachou.emmanouil','Bo6ZTBik^2'),(139,91,'klearchos98','JIk7Xxo)+z'),(140,92,'christos.fragkiadaki','w%7HJtAMa)'),(141,97,'samouil47','05wRkDd5)4'),(142,99,'kalliniki59','QbOU0viS&9'),(143,100,'miltiadis17','&qDpn7qY0_'),(144,109,'koronidou.dikaios','Lm(1!Bvx%c'),(145,112,'benotiadi','o$5kiQ5eaq'),(146,113,'dionysia49','!#!EwqEJN9'),(147,118,'ektoras63','^9DY6t808D'),(148,122,'eutychios.karatzikos','@2Uy$BYJ&d'),(149,131,'ino03','A32s4VTr@E'),(150,133,'koralia.symeonidou','Zp_9mAr2^_'),(151,144,'elessa.kafantaris','3dPvZy@K_y'),(152,145,'timoleon95','Z3CNEwQi#e'),(153,149,'tsonis.aggelis','Ok6S6!Yj_l'),(154,154,'manos.uakinthos','HC+g8vPw&3'),(155,155,'test','test'),(156,156,'yolo','yolo');
/*!40000 ALTER TABLE `Authentication` ENABLE KEYS */;
>>>>>>> b46dae23bf2573ec15cee5f7769ca8a83da3d25f
UNLOCK TABLES;

--
-- Table structure for table `authors`
--

DROP TABLE IF EXISTS `authors`;
/*!40101 SET @saved_cs_client     = @@character_set_client */;
/*!40101 SET character_set_client = utf8 */;
CREATE TABLE `authors` (
  `author_id` int(11) NOT NULL AUTO_INCREMENT,
  `isbn` int(11) DEFAULT NULL,
  `first_name` varchar(40) DEFAULT NULL,
  `last_name` varchar(40) DEFAULT NULL,
  PRIMARY KEY (`author_id`),
  UNIQUE KEY `unique_book_author` (`isbn`,`first_name`,`last_name`),
  CONSTRAINT `authors_ibfk_1` FOREIGN KEY (`isbn`) REFERENCES `books` (`isbn`),
  CONSTRAINT `fk_Authors_Books` FOREIGN KEY (`isbn`) REFERENCES `books` (`isbn`) ON DELETE CASCADE ON UPDATE CASCADE
) ENGINE=InnoDB AUTO_INCREMENT=444 DEFAULT CHARSET=utf8mb4 COLLATE=utf8mb4_general_ci;
/*!40101 SET character_set_client = @saved_cs_client */;

--
-- Dumping data for table `authors`
--

LOCK TABLES `authors` WRITE;
/*!40000 ALTER TABLE `authors` DISABLE KEYS */;
INSERT INTO `authors` VALUES (352,376045,'George','R.'),(367,3428556,'George','R.'),(192,5544648,'Михаи́л','Афана́сьевич'),(227,5680231,'Mario','Puzo'),(363,6176175,'Beverly','Cleary'),(294,6412732,'Johann','Wolfgang'),(428,6446293,'Lev','Nikolaevič'),(231,6508514,'Thomas','Hardy'),(150,6598982,'John','Neill'),(151,6598982,'John','R.'),(149,6598982,'L.','Frank'),(216,6628780,'Henry','James'),(243,6654848,'Dorothy','L.'),(42,6904903,'Jules','Verne'),(50,6947922,'H.','G.'),(233,6979633,'Thomas','Hardy'),(440,6998053,'Lucy','Maud'),(30,7003374,'H.','G.'),(286,7033136,'James','Fenimore'),(36,7038266,'H.','G.'),(210,7051625,'Edith','Wharton'),(260,7053993,'John','Kendrick'),(226,7058219,'Arnold','Bennett'),(389,7060579,'Louisa','May'),(163,7069564,'Classic','Books'),(165,7069564,'John','Neill'),(161,7069564,'L.','Frank'),(164,7069564,'Russell','Lee'),(162,7069564,'Taylor','Anderson'),(27,7075358,'Bram','Stoker'),(120,7077661,'Alexa','RACHAEL'),(119,7077661,'JOHN.','R'),(117,7077661,'L.','Frank'),(118,7077661,'Thomas','Langois'),(433,7079250,'Dante','Alighieri'),(204,7083362,'F.','Scott'),(229,7084148,'Anthony','Trollope'),(2,7092075,'Mary','Wollstonecraft'),(159,7101555,'John','R.'),(158,7101555,'L.','Frank'),(160,7101555,'Ravell',''),(220,7103730,'John','Milton'),(148,7108332,'John','Rea'),(147,7108332,'L.','Frank'),(236,7128457,'Arthur','Conan'),(247,7133229,'John','Buchan'),(190,7138521,'Hugh','Lofting'),(388,7157657,'Charles','Dickens'),(219,7170239,'Elizabeth','Cleghorn'),(20,7170815,'Aldrin','Alexander'),(15,7170815,'Alejandro','lucas'),(17,7170815,'alejandro','sanchez'),(25,7170815,'Andronum',''),(11,7170815,'Benjamin','Lacombe'),(12,7170815,'David','Guerra'),(14,7170815,'Ezio','Sposato'),(16,7170815,'federico','alonso'),(22,7170815,'Guy','Wolek'),(6,7170815,'J.','T.'),(8,7170815,'Jenny','Sánchez'),(5,7170815,'Kenneth','Grahame'),(3,7170815,'L.','Frank'),(21,7170815,'leonardo','pablo'),(18,7170815,'matias','sanchez'),(9,7170815,'Michael','Foreman'),(19,7170815,'Michael','Marrone'),(23,7170815,'Miles','Kelly'),(13,7170815,'pablo','perez'),(7,7170815,'Pablo','Pino'),(24,7170815,'Paper','Mill'),(4,7170815,'R.','D.'),(10,7170815,'Sébastien','Perez'),(341,7204936,'Robert','Michael'),(201,7215847,'Edith','Wharton'),(40,7219307,'D.','D.'),(39,7219307,'H.','G.'),(225,7225985,'Henry','James'),(257,7233294,'Camille','de'),(256,7233294,'Wilkie','Collins'),(251,7241634,'Edgar','Wallace'),(194,7245993,'Jane','Austen'),(35,7251393,'Joseph','Conrad'),(100,7353846,'Edith','Nesbit'),(274,7666467,'Agatha','Christie'),(376,8339369,'Albert','Uderzo'),(375,8339369,'René','Goscinny'),(342,8580424,'Yann','Martel'),(254,8833344,'Agatha','Christie'),(271,8887466,'Agatha','Christie'),(273,8887510,'Agatha','Christie'),(55,9118674,'Lois','Lowry'),(351,9119922,'Scott','O\'Dell'),(222,9134511,'Gabriel','García'),(169,9597005,'Jenny','Sánchez'),(167,9597005,'John','Neill'),(166,9597005,'L.','Frank'),(168,9597005,'Taylor','Anderson'),(250,9631034,'Earl','Derr'),(252,11418883,'Mary','Roberts'),(189,13127428,'J.','K.'),(177,13447442,'Anna','Gasol'),(176,13447442,'Dania','Florino'),(172,13447442,'Enric','Solbes'),(174,13447442,'Jenny','Sánchez'),(171,13447442,'John','R.'),(173,13447442,'Josep','Franco'),(175,13447442,'Joshua','George'),(170,13447442,'L.','Frank'),(228,13536893,'Henry','James'),(58,13563752,'H.','G.'),(60,13563752,'ricardo','abraham'),(59,13563752,'Sheba','Blake'),(287,13983741,'William','Shakespeare'),(45,14014470,'D.','D.'),(44,14014470,'H.','G.'),(46,14014470,'Ravell',''),(239,14021636,'Gilbert','Keith'),(203,14048584,'David','Herbert'),(214,15015171,'Agatha','Christie'),(187,15350842,'J.R.R.','Tolkien'),(272,16159111,'Agatha','Christie'),(68,16521070,'Isaac','Asimov'),(336,16766351,'Maurice','Sendak'),(338,16766351,'Richard','La'),(337,16766351,'Tom','Hollander'),(362,17148283,'Norton','Juster'),(370,17905319,'Philip','Pullman'),(205,18340958,'Joseph','Conrad'),(180,19285157,'John','R.'),(178,19285157,'L.','Frank'),(179,19285157,'Mint','Editions'),(98,19484675,'William','Shakespeare'),(185,20939094,'L.','Frank'),(73,21298716,'Lewis','Carroll'),(298,21704545,'Edith','Nesbit'),(157,22489412,'Edith','Nesbit'),(265,22499280,'Agatha','Christie'),(360,22642430,'Robert','C.'),(361,22642430,'Zena','Bernstein'),(333,22735148,'Philip','Pullman'),(142,22856696,'J','K'),(141,22856696,'J.','K.'),(208,22876225,'Lev','Nikolaevič'),(146,22879417,'Edith','Nesbit'),(331,23054645,'J.','K.'),(346,23076784,'Tohru','Fujisawa'),(348,23076784,'Tôru','Fujisawa'),(269,23281880,'Wilkie','Collins'),(435,23282447,'Titus','Livius'),(218,23301237,'Murasaki','Shikibu'),(144,23330498,'Jenny','S.anchez'),(145,23330498,'John','R.'),(143,23330498,'L.','Frank'),(284,23330725,'William','Shakespeare'),(53,23345819,'James','De'),(38,23365952,'Gilbert','Keith'),(217,23402697,'Joseph','Conrad'),(437,23666023,'Church','of'),(438,23666023,'J.','A.'),(327,24144374,'Daniel','Defoe'),(317,24172117,'William','Shakespeare'),(183,24196992,'Andrew','J.'),(184,24196992,'John','Neill'),(182,24196992,'L.','Frank'),(234,24218747,'Agatha','Christie'),(357,24232416,'Andrew','Donkin'),(356,24232416,'Eoin','Colfer'),(358,24232416,'Giovanni','Rigano'),(33,24245739,'Jules','Verne'),(230,24327300,'Sir','Walter'),(127,24328342,'Antoine','de'),(31,24331810,'H.','G.'),(280,24349980,'William','Shakespeare'),(281,24364628,'Charles','Dickens'),(237,24573990,'Charles','Dickens'),(238,24573990,'Thomas','Power'),(212,24623528,'Stendhal',''),(283,24872302,'Όμηρος',''),(306,24953263,'Oscar','Wilde'),(431,24975625,'Emmuska','Orczy,'),(297,24996307,'William','Shakespeare'),(421,25098005,'Mark','Twain'),(291,25389972,'William','Shakespeare'),(57,25390256,'Jack','London'),(344,25440547,'Suzanne','Collins'),(130,25476222,'Jenny','Sánchez'),(129,25476222,'John','Neill'),(128,25476222,'L.','Frank'),(131,25476222,'Thomas','Langois'),(126,25515443,'Alexa','RACHAEL'),(122,25515443,'Erin','Yuen'),(124,25515443,'John','R.'),(125,25515443,'JOHN.','R'),(121,25515443,'L.','Frank'),(123,25515443,'Taylor','Anderson'),(302,25516485,'Edith','Wharton'),(34,25538028,'Edwin','Abbott'),(303,25667349,'William','Shakespeare'),(181,25882699,'Jules','Verne'),(266,25921229,'Joseph','Sheridan'),(267,25921229,'Mint','Editions'),(188,26204550,'Edith','Nesbit'),(116,26278092,'Edith','Nesbit'),(354,26336926,'Beverly','Cleary'),(215,26379521,'Agatha','Christie'),(66,26425330,'George','R.'),(299,26468884,'William','Shakespeare'),(313,26669330,'A.','A.'),(312,26669330,'A.','Frederics'),(314,26669330,'Hugh','Laurie'),(315,26669330,'Jerome','Jerome'),(310,26669330,'Jerome','Klapka'),(311,26669330,'K.','L.'),(115,27009189,'Carlo','Collodi'),(340,27064170,'Suzanne','Collins'),(268,27119406,'J.','K.'),(248,27889661,'Wilkie','Collins'),(371,27939293,'Christopher','Paolini'),(430,28300165,'Nathaniel','Hawthorne'),(223,28318341,'Agatha','Christie'),(132,28345239,'J.R.R.','Tolkien'),(28,28390491,'Aldous','Huxley'),(377,28597761,'Joseph','A.'),(221,28751751,'Stephenie','Meyer'),(288,32232086,'William','Shakespeare'),(308,32249281,'William','Shakespeare'),(292,32263909,'William','Shakespeare'),(332,32775849,'C.','S.'),(262,33041314,'Edgar','Wallace'),(300,33152400,'James','Fenimore'),(246,33170500,'John','Buchan'),(209,33200594,'James','Fenimore'),(104,33202830,'Arthur','Hughes'),(107,33202830,'Cecilia','Dart-Thornton'),(103,33202830,'George','MacDonald'),(105,33202830,'Jeri','Massi'),(106,33202830,'Jessie','Willcox'),(112,33202830,'Joseph','Delaney'),(102,33202830,'Paul','Rosner'),(111,33202830,'Publishers','of'),(110,33202830,'Tao','Editorial'),(108,33202830,'The','Princess'),(365,33896834,'Erik','Singer'),(364,33896834,'Michael','Crichton'),(423,34843449,'Austin','Warren'),(422,34843449,'Nathanial','Hawthorne'),(235,35268128,'Arthur','Conan'),(366,35301162,'Rick','Riordan'),(207,36636484,'Wilkie','Collins'),(200,36648295,'Jane','Austen'),(232,37075125,'Stephenie','Meyer'),(378,37753024,'Leigh','Bardugo'),(69,37807528,'Douglas','Adams'),(442,37821367,'Victor','Hugo'),(29,37824533,'George','Orwell'),(99,37826838,'Niccolò','Machiavelli'),(101,37870239,'Lewis','Carroll'),(62,38582593,'Michael','Crichton'),(198,39221187,'Crystal','S.'),(197,39221187,'Jane','Austen'),(199,39221187,'Po','Tse'),(196,39222415,'Emily','Brontë'),(1,39222545,'Lewis','Carroll'),(56,39475933,'Suzanne','Collins'),(343,39479436,'Michael','Crichton'),(270,39485971,'Agatha','Christie'),(54,39486892,'Roald','Dahl'),(381,39801859,'Bible',''),(64,39803548,'Kurt','Vonnegut'),(213,39804749,'Boris','Leonidovich'),(419,39806678,'Voltaire',''),(387,39826520,'Charles','Dickens'),(263,40208895,'Agatha','Christie'),(206,40216061,'Thomas','Hardy'),(249,40281030,'Agatha','Christie'),(276,40281128,'Agatha','Christie'),(296,40293086,'Daniel','Defoe'),(345,42344729,'Rick','Riordan'),(369,42346557,'rick','rioran'),(368,42346557,'Rick','Riordan'),(353,42347879,'Rick','Riordan'),(355,42989493,'Dav','Pilkey'),(26,43177171,'Arthur','Conan'),(191,43460426,'Roald','Dahl'),(290,44094098,'Charles','Dickens'),(253,46524697,'Agatha','Christie'),(390,46835116,'Charles','Dickens'),(224,46913162,'Agatha','Christie'),(48,46927866,'Quim','Monzó'),(47,46927866,'Ray','Bradbury'),(67,47079539,'Isaac','Asimov'),(264,47678415,'Wilkie','Collins');
/*!40000 ALTER TABLE `authors` ENABLE KEYS */;
UNLOCK TABLES;

--
-- Table structure for table `books`
--

DROP TABLE IF EXISTS `books`;
/*!40101 SET @saved_cs_client     = @@character_set_client */;
/*!40101 SET character_set_client = utf8 */;
CREATE TABLE `books` (
  `isbn` int(11) NOT NULL,
  `page_count` int(10) unsigned DEFAULT NULL,
  `publisher` varchar(40) DEFAULT NULL,
  `title` varchar(40) NOT NULL,
  `summary` varchar(700) DEFAULT NULL,
  `cover_path` varchar(70) DEFAULT NULL,
  `m_cover_path` varchar(70) DEFAULT NULL,
  PRIMARY KEY (`isbn`)
) ENGINE=InnoDB DEFAULT CHARSET=utf8mb4 COLLATE=utf8mb4_general_ci;
/*!40101 SET character_set_client = @saved_cs_client */;

--
-- Dumping data for table `books`
--

LOCK TABLES `books` WRITE;
/*!40000 ALTER TABLE `books` DISABLE KEYS */;
INSERT INTO `books` VALUES (376045,761,'Bantam Books','A Clash of Kings','no description found','https://covers.openlibrary.org/b/OLID/OL9213873M-S.jpg','https://covers.openlibrary.org/b/OLID/OL9213873M-M.jpg'),(3428556,753,'Bantam Books','A feast for crows','Few books have captivated the imagination and won the devotion and praise of readers and critics everywhere as has George R. R. Martin’s monumental epic cycle of high fantasy. Now, in A Feast for Crows, Martin delivers the long-awaited fourth book of his landmark series, as a kingdom torn asunder finds itself at last on the brink of peace . . . only to be launched on an even more terrifying course of destruction.\r\n\r\n\r\nIt seems too good to be true. After centuries of bitter strife and fatal treachery, the seven powers dividing the land have decimated one another into an uneasy truce. Or so it appears. . . . With the death of the monstrous King Joffrey, Cersei is ruling as regent in King’s La','https://covers.openlibrary.org/b/OLID/OL7914098M-S.jpg','https://covers.openlibrary.org/b/OLID/OL7914098M-M.jpg'),(5544648,394,'Harper & Row','The Master and Margarita','The battle of competing translations, a new publishing phenomenon which began with One Day in the Life of Ivan Denisovich, now offers two rival American editions of Mikhail Bulgakov\'s The Master and Margarita. Mirra Ginsburg\'s (Grove Press) version is pointedly grotesque: she delights in the sharp, spinning, impressionistic phrase. Her Bulgakov reminds one of the virtuoso effects encountered in Zamyatin and Babel, as yell as the early Pasternak\'s bizarre tale of Heine in Italy. Translator Michael Glenny, on the other hand, almost suggests Tolstoy. His (Harper & Row) version is simpler, softer, and more humane. The Bulgakov fantasy is less striking here, but less strident, too. Glenny: \"The','https://covers.openlibrary.org/b/OLID/OL39822642M-S.jpg','https://covers.openlibrary.org/b/OLID/OL39822642M-M.jpg'),(5680231,446,'Fawcett Publications','The Godfather','no description found','https://covers.openlibrary.org/b/OLID/OL5680231M-S.jpg','https://covers.openlibrary.org/b/OLID/OL5680231M-M.jpg'),(6176175,159,'William Morrow and Company','Beezus and Ramona','Beezus and Ramona is a 1955 children\'s novel written by Beverly Cleary. It is the first of Cleary\'s books to focus on Ramona Quimby and her sister Beatrice, known as Beezus. Beezus and Ramona is realistic fiction, written from nine-year-old Beezus\'s point of view, as she struggles to get along with her four-year-old sister. Eventually becoming the first book of the Ramona series, it was originally illustrated by Louis Darling.\r\n\r\n\r\n----------\r\nAlso included in:\r\n\r\n - [Best of Ramona](https://openlibrary.org/works/OL20587275W)\r\n - [Trouble with Ramona and Beezus](https://openlibrary.org/works/OL17377136W)','https://covers.openlibrary.org/b/OLID/OL6176175M-S.jpg','https://covers.openlibrary.org/b/OLID/OL6176175M-M.jpg'),(6412732,432,'A.L. Burt','Faust.','no description found','https://covers.openlibrary.org/b/OLID/OL24206900M-S.jpg','https://covers.openlibrary.org/b/OLID/OL24206900M-M.jpg'),(6446293,325,'Hachette et cie.','La guerre et la paix','War and Peace delineates in graphic detail events surrounding the French invasion of Russia, and the impact of the Napoleonic era on Tsarist society, as seen through the eyes of five Russian aristocratic families.\r\nThe novel begins in the year 1805 during the reign of Tsar Alexander I and leads up to the 1812 French invasion of Russia by Napoleon. The era of Catherine the Great (1762–1796), when the royal court in Paris was the centre of western European civilization,[16] is still fresh in the minds of older people. Catherine, fluent in French and wishing to reshape Russia into a great European nation, made French the language of her royal court. For the next one hundred years, it became a ','https://covers.openlibrary.org/b/OLID/OL14047767M-S.jpg','https://covers.openlibrary.org/b/OLID/OL14047767M-M.jpg'),(6508514,326,'Macmillan and co.','The woodlanders','When country-girl Grace Melbury returns home from her middle-class school she feels she has risen above her suitor, the simple woodsman Giles Winterborne. Though marriage had been discussed between her and Giles, Grace finds herself captivated by Dr Edred Fitzpiers, a sophisticated newcomer to the area - a relationship that is encouraged by her socially ambitious father. Hardy\'s novel of betrayal, disillusionment and moral compromise depicts a secluded community coming to terms with the disastrous impact of outside influences. And in his portrayal of Giles Winterborne, Hardy shows a man who responds deeply to the forces of the natural world, thought they ultimately betray him.','https://covers.openlibrary.org/b/OLID/OL24151989M-S.jpg','https://covers.openlibrary.org/b/OLID/OL24151989M-M.jpg'),(6598982,312,'Reilly & Lee Co.','The  lost princess of Oz','When Princess Ozma and all the magic of the Land of Oz are mysteriously stolen away, Dorothy and the other residents of Oz are determined to find their missing ruler and the thief responsible for her disappearance.','https://covers.openlibrary.org/b/OLID/OL3584291M-S.jpg','https://covers.openlibrary.org/b/OLID/OL3584291M-M.jpg'),(6628780,520,'Houghton, Mifflin and company','The portrait of a lady','Een rijke Amerikaanse jonge vrouw met een sterke drang naar onafhankelijkheid blijft, ondanks alles wat ze in de loop van haar huwelijk over hem te weten komt, haar onbekrompen maar oppervlakkige echtgenoot trouw.','https://covers.openlibrary.org/b/OLID/OL7144128M-S.jpg','https://covers.openlibrary.org/b/OLID/OL7144128M-M.jpg'),(6654848,278,'Boni and Liveright','Whose body ?','no description found','https://covers.openlibrary.org/b/OLID/OL21446652M-S.jpg','https://covers.openlibrary.org/b/OLID/OL21446652M-M.jpg'),(6904903,305,'Scribner, Armstrong & co.','A journey to the centre of the earth.','Three explorers descend to the center of the earth, where they encounter tumultuous storms, wild prehistoric animals, and fierce cavemen.','https://covers.openlibrary.org/b/OLID/OL7027686M-S.jpg','https://covers.openlibrary.org/b/OLID/OL7027686M-M.jpg'),(6947922,342,'G. Newnes, limited','The first men in the moon','When penniless businessman Mr Bedford retreats to the Kent coast to write a play, he meets by chance the brilliant Dr Cavor, an absent-minded scientist on the brink of developing a material that blocks gravity. Cavor soon succeeds in his experiments, only to tell a stunned Bedford the invention makes possible one of the oldest dreams of humanity: a journey to the moon. With Bedford motivated by money, and Cavor by the desire for knowledge, the two embark on the expedition. But neither are prepared for what they find - a world of freezing nights, boiling days and sinister alien life, on which they may be trapped forever.','https://covers.openlibrary.org/b/OLID/OL14876093M-S.jpg','https://covers.openlibrary.org/b/OLID/OL14876093M-M.jpg'),(6979633,326,'Tinsley brothers','Under the greenwood tree','no description found','https://covers.openlibrary.org/b/OLID/OL96444M-S.jpg','https://covers.openlibrary.org/b/OLID/OL96444M-M.jpg'),(6998053,429,'L.C. Page & Company','Anne of Green gables','Orphan Anne Shirley has always relied on her imagination to help her. Now she is being sent to Avonlea to live with the Cuthberts. Where she slowly wins their hearts. With new friends and her imagination to liven things up there is no telling where Anne will go!','https://covers.openlibrary.org/b/OLID/OL6998053M-S.jpg','https://covers.openlibrary.org/b/OLID/OL6998053M-M.jpg'),(7003374,290,'Harper & Brothers','The war of the worlds','The ultimate science fiction classic: for more than one hundred years, this compelling tale of the Martian invasion of Earth has enthralled readers with a combination of imagination and incisive commentary on the imbalance of power that continues to be relevant today. The style is revolutionary for its era, employing a sophisticated first and third person account of the events which is both personal and focused on the holistic downfall of Earth\'s society. The Martians, as evil, mechanical and unknown a threat they are, remain daunting in today\'s society, where, despite technology\'s mammoth advances, humanity\'s hegemony over Earth is yet to be called into question. In Well\'s introduction to ','https://covers.openlibrary.org/b/OLID/OL9236546M-S.jpg','https://covers.openlibrary.org/b/OLID/OL9236546M-M.jpg'),(7033136,145,'John W. Lovell','The last of the Mohicans','no description found','https://covers.openlibrary.org/b/OLID/OL7165874M-S.jpg','https://covers.openlibrary.org/b/OLID/OL7165874M-M.jpg'),(7038266,147,'Stone & Kimball','The island of Doctor Moreau','See work: https://openlibrary.org/works/OL15308975W','https://covers.openlibrary.org/b/OLID/OL21274055M-S.jpg','https://covers.openlibrary.org/b/OLID/OL21274055M-M.jpg'),(7051625,477,'Grosset & Dunlap','The Age of Innocence','Edith Wharton\'s most famous novel, written immediately after the end of the First World War, is a brilliantly realized anatomy of New York society in the 1870s, the world in which she grew up, and from which she spent her life escaping. Newland Archer, Wharton\'s protagonist, charming, tactful, enlightened, is a thorough product of this society; he accepts its standards and abides by its rules but he also recognizes its limitations. His engagement to the impeccable May Welland assures him of a safe and conventional future, until the arrival of May\'s cousin Ellen Olenska puts all his plans in jeopardy. Independent, free-thinking, scandalously separated from her husband, Ellen forces Archer to','https://covers.openlibrary.org/b/OLID/OL6628697M-S.jpg','https://covers.openlibrary.org/b/OLID/OL6628697M-M.jpg'),(7053993,251,'Arthur F. Bird','R. Holmes & Co.','The son of Sherlock Holmes (who also happens to also be the grandson of thief A. J. Raffles) decides to have his own adventures published. Upon selecting the man who will chronicle his life (much as Watson did for Holmes), we get the tale Raffles\' astonishing origin, followed by an exciting series of adventures involving burglary, extortion, armed robbery, and more-with Raffles treading the fine line (and often slipping off) between good and evil, as the conflicting heritage of his sire and grandsire battle for dominance!','https://covers.openlibrary.org/b/OLID/OL7164741M-S.jpg','https://covers.openlibrary.org/b/OLID/OL7164741M-M.jpg'),(7058219,525,'Small, Maynard','The ghost, a modern fantasy.','no description found','https://covers.openlibrary.org/b/OLID/OL6986650M-S.jpg','https://covers.openlibrary.org/b/OLID/OL6986650M-M.jpg'),(7060579,379,'Roberts Brothers','Little Women','Chronicles the joys and sorrows of the four March sisters as they grow into young ladies in nineteenth-century New England.','https://covers.openlibrary.org/b/OLID/OL24620928M-S.jpg','https://covers.openlibrary.org/b/OLID/OL24620928M-M.jpg'),(7069564,288,'Reilly & Lee','The Scarecrow of Oz','The adventures of Trot and Cap\'n Bill take them to Oz where they help solve the problem of Pom, whose truelove\'s heart has been turned to ice by witches.','https://covers.openlibrary.org/b/OLID/OL1018771M-S.jpg','https://covers.openlibrary.org/b/OLID/OL1018771M-M.jpg'),(7075358,354,'Grosset & Dunlap','Dracula','It tells the story of Dracula\'s attempt to move from Transylvania to England so he may find new blood and spread undead curse, and the battle between Dracula and a small group of men and women led by Professor Abraham Van Helsing.','https://covers.openlibrary.org/b/OLID/OL7075358M-S.jpg','https://covers.openlibrary.org/b/OLID/OL7075358M-M.jpg'),(7077661,374,'Reilly & Lee','The  Land of Oz','Tip and his creation, Jack Pumpkin, run away to Oz, where they save the city after it is captured by girls.','https://covers.openlibrary.org/b/OLID/OL7244470M-S.jpg','https://covers.openlibrary.org/b/OLID/OL7244470M-M.jpg'),(7079250,370,'Printed by A. Strahan ...; for T. Cadell','The Divina commedia of Dante Alighieri','Belonging in the immortal company of the great works of literature, Dante Alighieri’s poetic masterpiece, *The Divine Comedy* (Italian: *Divina Commedia),* is a moving human drama, an unforgettable visionary journey through the infinite torment of Hell, up the arduous slopes of Purgatory, and on to the glorious realm of Paradise—the sphere of universal harmony and eternal salvation.','https://covers.openlibrary.org/b/OLID/OL7079250M-S.jpg','https://covers.openlibrary.org/b/OLID/OL7079250M-M.jpg'),(7083362,536,'Charles Scribner\'s sons','This side of paradise','no description found','https://covers.openlibrary.org/b/OLID/OL7230180M-S.jpg','https://covers.openlibrary.org/b/OLID/OL7230180M-M.jpg'),(7084148,431,'Smith, Elder','The Last Chronicle of Barset','no description found','https://covers.openlibrary.org/b/OLID/OL25663205M-S.jpg','https://covers.openlibrary.org/b/OLID/OL25663205M-M.jpg'),(7092075,202,'H. Colburn and R. Bentley','Frankenstein, Or, The Modern Prometheus','*Frankenstein; or, The Modern Prometheus* is an 1818 novel written by English author Mary Shelley. Frankenstein tells the story of Victor Frankenstein, a young scientist who creates a sapient creature in an unorthodox scientific experiment. Shelley started writing the story when she was 18, and the first edition was published anonymously in London on 1 January 1818, when she was 20. Her name first appeared in the second edition, which was published in Paris in 1821.','https://covers.openlibrary.org/b/OLID/OL7092075M-S.jpg','https://covers.openlibrary.org/b/OLID/OL7092075M-M.jpg'),(7101555,250,'Reilly & Britton','The  sea fairies','no description found','https://covers.openlibrary.org/b/OLID/OL9337825M-S.jpg','https://covers.openlibrary.org/b/OLID/OL9337825M-M.jpg'),(7103730,566,'n','Comus, a mask','no description found','https://covers.openlibrary.org/b/OLID/OL7103730M-S.jpg','https://covers.openlibrary.org/b/OLID/OL7103730M-M.jpg'),(7108332,352,'Reilly & Lee','Tik-Tok of Oz','no description found','https://covers.openlibrary.org/b/OLID/OL7108332M-S.jpg','https://covers.openlibrary.org/b/OLID/OL7108332M-M.jpg'),(7128457,308,'George H. Doran Company','His last bow','The adventure of Wisteria lodge.--The adventure of the cardboard box.--The adventure of the red circle.--The adventure of the Bruce-Partington plans.--The adventure of the dying detective.--The disappearance of Lady Frances Carfax.--The adventure of the devil\'s foot.--His last bow.','https://covers.openlibrary.org/b/OLID/OL6603034M-S.jpg','https://covers.openlibrary.org/b/OLID/OL6603034M-M.jpg'),(7133229,307,'Nelson','Prester John.','no description found','https://covers.openlibrary.org/b/OLID/OL17973808M-S.jpg','https://covers.openlibrary.org/b/OLID/OL17973808M-M.jpg'),(7138521,287,'Frederick A. Stokes Company','The story of Doctor Dolittle','There are some of us now reaching middle age who discover themselves to be lamenting the past in one respect if in none other, that there are no books written now for children comparable with those of thirty years ago.  I say written FOR children because the new psychological business of writing ABOUT them as though they were small pills or hatched in some especially scientific method is extremely popular today.','https://covers.openlibrary.org/b/OLID/OL13219488M-S.jpg','https://covers.openlibrary.org/b/OLID/OL13219488M-M.jpg'),(7157657,379,'Chapman & Hall','A Christmas Carol.','An allegorical novella descibing the rehabilitation of bitter, miserly businessman Ebenezer Scrooge. The reader is witness to his transformation as Scrooge is shown the error of his ways by the ghost of former partner Jacob Marley and the spirits of Christmas past, present and future. The first of the Christmas books (Dickens released one a year from 1843&ndash;1847) it became an instant hit.','https://covers.openlibrary.org/b/OLID/OL47311368M-S.jpg','https://covers.openlibrary.org/b/OLID/OL47311368M-M.jpg'),(7170239,566,'H. Altemus','Cranford','no description found','https://covers.openlibrary.org/b/OLID/OL14002328M-S.jpg','https://covers.openlibrary.org/b/OLID/OL14002328M-M.jpg'),(7170815,202,'G.M. Hill Co.','The Wonderful Wizard of Oz','Over a century after its initial publication, The Wonderful Wizard of Oz is still captivating the hearts of countless readers. Come adventure with Dorothy and her three friends: the Scarecrow, the Tin Woodman, and the Cowardly Lion, as they follow the Yellow Brick Road to the Emerald City for an audience with the Great Oz, the mightiest Wizard in the land, and the only one that can return Dorothy to her home in Kansas.','https://covers.openlibrary.org/b/OLID/OL7170815M-S.jpg','https://covers.openlibrary.org/b/OLID/OL7170815M-M.jpg'),(7204936,414,'Ward, Lock & Co., Limited','The coral island','no description found','https://covers.openlibrary.org/b/OLID/OL7204936M-S.jpg','https://covers.openlibrary.org/b/OLID/OL7204936M-M.jpg'),(7215847,195,'C. Scribner\'s Sons','Ethan Frome','no description found','https://covers.openlibrary.org/b/OLID/OL7215847M-S.jpg','https://covers.openlibrary.org/b/OLID/OL7215847M-M.jpg'),(7219307,324,'Collins','The sleeper awakes','A troubled insomniac in 1890s England falls suddenly into a sleep-like trance, from which he does not awake for over two hundred years. During his centuries of slumber, however, investments are made that make him the richest and most powerful man on Earth. But when he comes out of his trance he is horrified to discover that the money accumulated in his name is being used to maintain a hierarchal society in which most are poor, and more than a third of all people are enslaved. Oppressed and uneducated, the masses cling desperately to one dream – that the sleeper will awake, and lead them all to freedom.','https://covers.openlibrary.org/b/OLID/OL6781929M-S.jpg','https://covers.openlibrary.org/b/OLID/OL6781929M-M.jpg'),(7225985,525,'Harper & Brothers','Daisy Miller','no description found','https://covers.openlibrary.org/b/OLID/OL22327453M-S.jpg','https://covers.openlibrary.org/b/OLID/OL22327453M-M.jpg'),(7233294,454,'Harper & Brothers','The law and the lady. A novel.','no description found','https://covers.openlibrary.org/b/OLID/OL24249599M-S.jpg','https://covers.openlibrary.org/b/OLID/OL24249599M-M.jpg'),(7241634,104,'Hodder & Stoughton','The angel of terror','no description found','https://covers.openlibrary.org/b/OLID/OL9627408M-S.jpg','https://covers.openlibrary.org/b/OLID/OL9627408M-M.jpg'),(7245993,352,'Sampson Low, Marston & Co.','Pride and Prejudice','Pride and Prejudice is an 1813 novel of manners written by Jane Austen. The novel follows the character development of Elizabeth Bennet, the dynamic protagonist of the book who learns about the repercussions of hasty judgments and comes to appreciate the difference between superficial goodness and actual goodness.\r\n\r\nMr. Bennet, owner of the Longbourn estate in Hertfordshire, has five daughters, but his property is entailed and can only be passed to a male heir. His wife also lacks an inheritance, so his family faces becoming very poor upon his death. Thus, it is imperative that at least one of the girls marry well to support the others, which is a motivation that drives the plot.','https://covers.openlibrary.org/b/OLID/OL37250029M-S.jpg','https://covers.openlibrary.org/b/OLID/OL37250029M-M.jpg'),(7251393,147,'B. Tauchnitz','The Secret Agent','Inspired by an actual attempt in 1894 to blow up London\'s Greenwich Observatory, here is a chillingly prophetic examination of contemporary terrorism-and the literary precursor to today\'s espionage thriller.','https://covers.openlibrary.org/b/OLID/OL2640257M-S.jpg','https://covers.openlibrary.org/b/OLID/OL2640257M-M.jpg'),(7353846,208,'Puffin','Five Children and It (Puffin Classics)','Haven\'t you ever thought what you would wish for if you were granted three wishes? In Nesbit\'s delightful classic, five siblings find a creature that grants their wishes, but as the old saying goes: be careful what you wish for, it might come true...','https://covers.openlibrary.org/b/OLID/OL9232844M-S.jpg','https://covers.openlibrary.org/b/OLID/OL9232844M-M.jpg'),(7666467,285,'Pocket Books','Murder with Mirrors','no description found','https://covers.openlibrary.org/b/OLID/OL9241053M-S.jpg','https://covers.openlibrary.org/b/OLID/OL9241053M-M.jpg'),(8339369,392,'Dargaud Publishing International','Asterix and Caesar\'s Gift','no description found','https://covers.openlibrary.org/b/OLID/OL8339369M-S.jpg','https://covers.openlibrary.org/b/OLID/OL8339369M-M.jpg'),(8580424,79,'Bookclub-in-a-Box','Bookclub-in-a-box Discusses Life of Pi, ','After the tragic sinking of a cargo ship, one solitary lifeboat remains bobbing on the wild, blue Pacific. The only survivors from the wreck are a sixteen-year-old boy named Pi, a hyena, a zebra (with a broken leg), a female orang-utan… and a 450-pound Royal Bengal tiger. The scene is set for one of the most extraordinary works of fiction in recent years.','https://covers.openlibrary.org/b/OLID/OL22859344M-S.jpg','https://covers.openlibrary.org/b/OLID/OL22859344M-M.jpg'),(8833344,306,'Hachette','Le Crime De L\'Orient-Express','***While en route from Syria to Paris, in the middle of a freezing winter\'s night, the Orient Express is stopped dead in its tracks by a snowdrift.*** Passengers awake to find the train still stranded and to discover that a wealthy American has been brutally stabbed to death in his private compartment. Incredibly, that compartment is locked from the inside. With no escape into the wintery landscape the killer must still be on board. ***Fortunately, the brilliant Belgian inspector Hercule Poirot is also on board, having booked the last available berth.***\r\n\r\n***Murder on the Orient Express is one of Agatha Christie’s most famous novels***, owing no doubt to a combination of its romantic sett','https://covers.openlibrary.org/b/OLID/OL32440766M-S.jpg','https://covers.openlibrary.org/b/OLID/OL32440766M-M.jpg'),(8887466,251,'Livre de Poche','Les Indiscretions D\'Hercule Poirot','no description found','https://covers.openlibrary.org/b/OLID/OL40281023M-S.jpg','https://covers.openlibrary.org/b/OLID/OL40281023M-M.jpg'),(8887510,285,'Livre de Poche','Un Meurtre Sera Commis Le...','no description found','https://covers.openlibrary.org/b/OLID/OL7664735M-S.jpg','https://covers.openlibrary.org/b/OLID/OL7664735M-M.jpg'),(9118674,181,'Editorial Everest, S. A.','El Dador','Given his lifetime assignment at the Ceremony of Twelve, Jonas becomes the receiver of memories shared by only one other in his community and discovers the terrible truth about the society in which he lives.','https://covers.openlibrary.org/b/OLID/OL9881636M-S.jpg','https://covers.openlibrary.org/b/OLID/OL9881636M-M.jpg'),(9119922,384,'Lectorum Publications','La isla de los delfines azules','Story of a young girl abandoned on a small island by her family and her village, and of her fight for survival.\r\n\r\nThe incredible courage, determination and strength of this girl is showcased throughout as she learns to do the things that only the men of her tribe did before, and battles not only the hunters who frequent the island, but also her desperate loneliness as well...\r\n\r\nExcellent read for kids 11 and older.','https://covers.openlibrary.org/b/OLID/OL9865868M-S.jpg','https://covers.openlibrary.org/b/OLID/OL9865868M-M.jpg'),(9134511,525,'Bruguera, 1985','El amor en los tiempos del cólera','no description found','https://covers.openlibrary.org/b/OLID/OL9134511M-S.jpg','https://covers.openlibrary.org/b/OLID/OL9134511M-M.jpg'),(9597005,272,'Del Rey','Tin Woodman of Oz','From the book:The Tin Woodman sat on his glittering tin throne in the handsome tin hall of his splendid tin castle in the Winkie Country of the Land of Oz. Beside him, in a chair of woven straw, sat his best friend, the Scarecrow of Oz. At times they spoke to one another of curious things they had seen and strange adventures they had known since first they two had met and become comrades. But at times they were silent, for these things had been talked over many times between them, and they found themselves contented in merely being together, speaking now and then a brief sentence to prove they were wide awake and attentive. But then, these two quaint persons never slept. Why should they sle','https://covers.openlibrary.org/b/OLID/OL8407847M-S.jpg','https://covers.openlibrary.org/b/OLID/OL8407847M-M.jpg'),(9631034,104,'Wildside Press','Fifty Candles','no description found','https://covers.openlibrary.org/b/OLID/OL8822708M-S.jpg','https://covers.openlibrary.org/b/OLID/OL8822708M-M.jpg'),(11418883,104,'Zebra','The After House','no description found','https://covers.openlibrary.org/b/OLID/OL11682030M-S.jpg','https://covers.openlibrary.org/b/OLID/OL11682030M-M.jpg'),(13127428,287,'Albatros','Harry Potter a Tajemná komnata','Harry Potter #2\r\n\r\nThroughout the summer holidays after his first year at Hogwarts School of Witchcraft and Wizardry, Harry Potter has been receiving sinister warnings from a house-elf called Dobby.\r\n\r\nNow, back at school to start his second year, Harry hears unintelligible whispers echoing through the corridors.\r\n\r\nBefore long the attacks begin: students are found as if turned to stone.\r\n\r\nDobby’s predictions seem to be coming true.\r\n\r\n[Source][1]\r\n\r\n\r\n  [1]: https://www.jkrowling.com/book/harry-potter-chamber-secrets/','https://covers.openlibrary.org/b/OLID/OL26594474M-S.jpg','https://covers.openlibrary.org/b/OLID/OL26594474M-M.jpg'),(13447442,272,'Reilly & Lee','The  magic of Oz','no description found','https://covers.openlibrary.org/b/OLID/OL10683190M-S.jpg','https://covers.openlibrary.org/b/OLID/OL10683190M-M.jpg'),(13536893,431,'Harper & Brothers Publishers','The ambassadors','no description found','https://covers.openlibrary.org/b/OLID/OL3563011M-S.jpg','https://covers.openlibrary.org/b/OLID/OL3563011M-M.jpg'),(13563752,392,'Chapman & Hall','A modern Utopia','Imagine a life without worries. You live in a perfect environment untouched by pollution. You have a job to do and play an important role in society. The politicians are watching out for your best interest. And, you get along with your neighbors. Wells’ utopia may not only be unattainable, it may be detrimental to humanity’s progress. Decide for yourself as you read this classic quest for social equality in the modern era.','https://covers.openlibrary.org/b/OLID/OL13563752M-S.jpg','https://covers.openlibrary.org/b/OLID/OL13563752M-M.jpg'),(13983741,17,'Printed for J. Wenman','The Tempest','The Tempest is a play by William Shakespeare, believed to have been written in 1610–11, and thought by many critics to be the last play that Shakespeare wrote alone. It is set on a remote island, where Prospero, the rightful Duke of Milan, plots to restore his daughter Miranda to her rightful place using illusion and skilful manipulation. He conjures up a storm, the eponymous tempest, to lure his usurping brother Antonio and the complicit King Alonso of Naples to the island. There, his machinations bring about the revelation of Antonio\'s lowly nature, the redemption of the King, and the marriage of Miranda to Alonso\'s son, Ferdinand.','https://covers.openlibrary.org/b/OLID/OL16982543M-S.jpg','https://covers.openlibrary.org/b/OLID/OL16982543M-M.jpg'),(14014470,378,'Century','In the days of the comet','H. G. Wells, in his 1906 In the Days of the Comet uses the vapors of a comet to trigger a deep and lasting change in humanity\'s perspective on themselves and the world. In the build-up to a great war, poor student William Leadford struggles against the harsh conditions the lower-class live under. He also falls in love with a middle-class girl named Nettie. But when he discovers that Nettie has eloped with a man of upper-class standing, William struggles with the betrayal, and in the disorder of his own mind decides to buy a revolver and kill them both. All through this a large comet lights the night sky with a green glow, bright enough that the street lamps are left unlit.','https://covers.openlibrary.org/b/OLID/OL14014470M-S.jpg','https://covers.openlibrary.org/b/OLID/OL14014470M-M.jpg'),(14021636,281,'Dodd, Mead and company','The man who was Thursday; a nightmare.','Can you trust yourself when you don\'t know who you are? Syme uses his new acquaintance to go undercover in Europe\'s Central Anarchist Council and infiltrate their deadly mission, even managing to have himself voted to the position of \'Thursday\'. In a park in London, secret policeman Gabriel Syme strikes up a conversation with an anarchist. Sworn to do his duty,When Syme discovers another undercover policeman on the Council, however, he starts to question his role in their operations. And as a desperate chase across Europe begins, his confusion grows, as well as his confidence in his ability to outwit his enemies.But he has still to face the greatest terror that the Council has - its leader:','https://covers.openlibrary.org/b/OLID/OL22885940M-S.jpg','https://covers.openlibrary.org/b/OLID/OL22885940M-M.jpg'),(14048584,536,'Privately printed for subscribers only','Women in love','Dark, but filled with bright genius, Women in Love is a prophetic masterpiece steeped in eroticism, filled with perceptions about sexual power and obsession that have proven to be timeless and true.','https://covers.openlibrary.org/b/OLID/OL14048584M-S.jpg','https://covers.openlibrary.org/b/OLID/OL14048584M-M.jpg'),(15015171,512,'Bodley Head','Poirot investigates.','First there was the mystery of the film star and the diamond… then came the ‘suicide’ that was murder… the mystery of the absurdly chaep flat… a suspicious death in a locked gun-room… a million dollar bond robbery… the curse of a pharoah’s tomb… a jewel robbery by the sea… the abduction of a Prime Minister… the disappearance of a banker… a phone call from a dying man… and, finally, the mystery of the missing will.  What links these fascinating cases? Only the brilliant deductive powers of Hercule Poirot!','https://covers.openlibrary.org/b/OLID/OL15015171M-S.jpg','https://covers.openlibrary.org/b/OLID/OL15015171M-M.jpg'),(15350842,423,'Houghton Mifflin Company','The Fellowship of the Ring','no description found','https://covers.openlibrary.org/b/OLID/OL8529332M-S.jpg','https://covers.openlibrary.org/b/OLID/OL8529332M-M.jpg'),(16159111,251,'Pocket Books','The body in the library','no description found','https://covers.openlibrary.org/b/OLID/OL16159111M-S.jpg','https://covers.openlibrary.org/b/OLID/OL16159111M-M.jpg'),(16521070,218,'Doubleday & Company, Inc.','I, Robot','I, Robot is a fixup novel of science fiction short stories or essays by American writer Isaac Asimov. The stories originally appeared in the American magazines Super Science Stories and Astounding Science Fiction between 1940 and 1950 and were then compiled into a book for stand-alone publication by Gnome Press in 1950, in an initial edition of 5,000 copies. The stories are woven together by a framing narrative in which the fictional Dr. Susan Calvin tells each story to a reporter (who serves as the narrator) in the 21st century. Although the stories can be read separately, they share a theme of the interaction of humans, robots, and morality, and when combined they tell a larger story of A','https://covers.openlibrary.org/b/OLID/OL16521070M-S.jpg','https://covers.openlibrary.org/b/OLID/OL16521070M-M.jpg'),(16766351,40,'Diogenes Verlag','Wo die wilden Kerle wohnen','This is an inspired children\'s book about a boy\'s passage through tempestuous aspects of life.\r\n\r\nMax, a naughty little boy, sent to bed without his supper, sails to the land of the wild things, where he becomes their king.','https://covers.openlibrary.org/b/OLID/OL7292063M-S.jpg','https://covers.openlibrary.org/b/OLID/OL7292063M-M.jpg'),(17148283,256,'Scholastic','The Phantom Tollbooth','no description found','https://covers.openlibrary.org/b/OLID/OL17148283M-S.jpg','https://covers.openlibrary.org/b/OLID/OL17148283M-M.jpg'),(17905319,933,'Alfred A. Knopf','His dark materials','no description found','https://covers.openlibrary.org/b/OLID/OL17905319M-S.jpg','https://covers.openlibrary.org/b/OLID/OL17905319M-M.jpg'),(18340958,420,'Norton','Heart of darkness','Heart of Darkness (1899) is a novella by Polish-English novelist Joseph Conrad, about a voyage up the Congo River into the Congo Free State, in the heart of Africa, by the story\'s narrator Charles Marlow. Marlow tells his story to friends aboard a boat anchored on the River Thames. Joseph Conrad is one of the greatest English writers, and Heart of Darkness is considered his best.  His readers are brought to face our psychological selves to answer, ‘Who is the true savage?’. Originally published in 1902, Heart of Darkness remains one of this century’s most enduring works of fiction. Written several years after Joseph Conrad’s grueling sojourn in the Belgian Congo, the novel is a complex medi','https://covers.openlibrary.org/b/OLID/OL10277237M-S.jpg','https://covers.openlibrary.org/b/OLID/OL10277237M-M.jpg'),(19285157,170,'Copp, Clark','Sky Island','no description found','https://covers.openlibrary.org/b/OLID/OL11676808M-S.jpg','https://covers.openlibrary.org/b/OLID/OL11676808M-M.jpg'),(19484675,1906,'Copp Clark Co.','A midsummer-night\'s dream.','One night two young couples run into an enchanted forest in an attempt to escape their problems. But these four humans do not realize that the forest is filled with fairies and hobgoblins who love making mischief. When Oberon, the Fairy King, and his loyal hobgoblin servant, Puck, intervene in human affairs, the fate of these young couples is magically and hilariously transformed. Like a classic fairy tale, this retelling of William Shakespeare\'s most beloved comedy is perfect for older readers who will find much to treasure and for younger readers who will love hearing the story read aloud.','https://covers.openlibrary.org/b/OLID/OL24594641M-S.jpg','https://covers.openlibrary.org/b/OLID/OL24594641M-M.jpg'),(20939094,314,'Collins','Glinda of oz','The Sorceress and Wizard of Oz attempt to save Princess Ozma and Dorothy from the dangers which threaten them when they try to bring peace to two warring tribes.','https://covers.openlibrary.org/b/OLID/OL8454709M-S.jpg','https://covers.openlibrary.org/b/OLID/OL8454709M-M.jpg'),(21298716,224,'Macmillan','Through the looking-glass, and what Alic','*Through the Looking-Glass, and What Alice Found There* (1871) is a work of children\'s literature by Lewis Carroll (Charles Lutwidge Dodgson), generally categorized in the fairy tale genre. It is the sequel to *Alice\'s Adventures in Wonderland* (1865). Although it makes no reference to the events in the earlier book, the themes and settings of *Through the Looking-Glass* make it a kind of mirror image of Wonderland: the first book begins outdoors, in the warm month of May, uses frequent changes in size as a plot device, and draws on the imagery of playing cards; the second opens indoors on a snowy, wintry night exactly six months later, on November 4 (the day before Guy Fawkes Night), uses ','https://covers.openlibrary.org/b/OLID/OL21298716M-S.jpg','https://covers.openlibrary.org/b/OLID/OL21298716M-M.jpg'),(21704545,294,'David Campbell','The Railway Children','When Father mysteriously goes away, the children and their mother leave their happy life in London to go and live in a small cottage in the country. \'The Three Chimneys\' lies beside a railway track - a constant source of enjoyment to all three. They make friends with the Station Master and Perks the Porter, as well as the jovial \'Old Gentleman\' who waves to them everyday from the train. But the mystery remains: where is Father, and will he ever return?','https://covers.openlibrary.org/b/OLID/OL46536526M-S.jpg','https://covers.openlibrary.org/b/OLID/OL46536526M-M.jpg'),(22489412,250,'Penguin','The phoenix and the carpet','Five British children discover in their new carpet an egg, which hatches into a phoenix that takes them on a series of fantastic adventures around the world.','https://covers.openlibrary.org/b/OLID/OL8978521M-S.jpg','https://covers.openlibrary.org/b/OLID/OL8978521M-M.jpg'),(22499280,224,'Collins for the Crime Club','The ABC murders','There\'s a serial killer on the loose, bent on working his way though the alphabet.  There seems little chance of the murderer being caught - until her makes the crucial and vain mistake of challenging Hercule Poirot to frustrate his plans . . .','https://covers.openlibrary.org/b/OLID/OL22499280M-S.jpg','https://covers.openlibrary.org/b/OLID/OL22499280M-M.jpg'),(22642430,191,'Gollancz','Mrs Frisby and the rats of Nimh','Mrs. Frisby, a widowed mouse with four small children, is faced with a terrible problem. She must move her family to their summer quarters immediately, or face almost certain death. But her youngest son, Timothy, lies ill with pneumonia and must not be moved. Fortunately, she encounters the rats of NIMH, an extraordinary breed of highly intelligent creatures, who come up with a brilliant solution to her dilemma. And Mrs. Frisby in turn renders them a great service.','https://covers.openlibrary.org/b/OLID/OL12123632M-S.jpg','https://covers.openlibrary.org/b/OLID/OL12123632M-M.jpg'),(22735148,482,'Gallimard jeunesse','Les royaumes du Nord','In a landmark epic of fantasy and storytelling, Philip Pullman invites readers into a world as convincing and thoroughly realized as Narnia, Earthsea, or Redwall. Here lives an orphaned ward named Lyra Belacqua, whose carefree life among the scholars at Oxford\'s Jordan College is shattered by the arrival of two powerful visitors. First, her fearsome uncle, Lord Asriel, appears with evidence of mystery and danger in the far North, including photographs of a mysterious celestial phenomenon called Dust and the dim outline of a city suspended in the Aurora Borealis that he suspects is part of an alternate universe. He leaves Lyra in the care of Mrs. Coulter, an enigmatic scholar and explorer wh','https://covers.openlibrary.org/b/OLID/OL9731031M-S.jpg','https://covers.openlibrary.org/b/OLID/OL9731031M-M.jpg'),(22856696,223,'Bloomsbury','Harry Potter and the Philosopher\'s Stone','Harry Potter #1\r\n\r\nWhen mysterious letters start arriving on his doorstep, Harry Potter has never heard of Hogwarts School of Witchcraft and Wizardry.\r\n\r\nThey are swiftly confiscated by his aunt and uncle.\r\n\r\nThen, on Harry’s eleventh birthday, a strange man bursts in with some important news: Harry Potter is a wizard and has been awarded a place to study at Hogwarts.\r\n\r\nAnd so the first of the Harry Potter adventures is set to begin.\r\n([source][1])\r\n\r\n\r\n  [1]: https://www.jkrowling.com/book/harry-potter-philosophers-stone/','https://covers.openlibrary.org/b/OLID/OL22856696M-S.jpg','https://covers.openlibrary.org/b/OLID/OL22856696M-M.jpg'),(22876225,189,'Hibru Poblishing Ḳompani','Anna Ḳarenina','Described by William Faulkner as the best novel ever written and by Fyodor Dostoevsky as “flawless,” Anna Karenina tells of the doomed love affair between the sensuous and rebellious Anna and the dashing officer, Count Vronsky. Tragedy unfolds as Anna rejects her passionless marriage and thereby exposes herself to the hypocrisies of society. Set against a vast and richly textured canvas of nineteenth-century Russia, the novel\'s seven major characters create a dynamic imbalance, playing out the contrasts of city and country life and all the variations on love and family happiness.','https://covers.openlibrary.org/b/OLID/OL10601812M-S.jpg','https://covers.openlibrary.org/b/OLID/OL10601812M-M.jpg'),(22879417,352,'T. Fisher Unwin','The enchanted castle','E. Nesbit\'s classic story of how Gerald, Cathy and Jimmy find an enchanted garden and awake a princess from a hundred-year sleep, only to have her immediately made invisible by a magic ring. Her rescue is difficult, funny and sometimes frightening.','https://covers.openlibrary.org/b/OLID/OL1564581M-S.jpg','https://covers.openlibrary.org/b/OLID/OL1564581M-M.jpg'),(23054645,414,'Tandis Books','هري پاتري و جام آتش','The fourth book in the Harry Potter franchise sees Harry returning for his fourth year at Hogwarts School of Witchcraft and Wizardry, along with his friends, Ron and Hermione . There is an upcoming tournament between the three major schools of magic, with one participant selected from each school by the Goblet of Fire. When Harry\'s name is drawn, even though he is not eligible and is a fourth player, he must compete in the dangerous contest.\r\n\r\n\r\n----------\r\nContains:\r\n\r\n - [Harry Potter and the Goblet of Fire. 2/4](https://openlibrary.org/works/OL17910198W/Harry_Potter_and_the_Goblet_of_Fire._2_4)','https://covers.openlibrary.org/b/OLID/OL25683482M-S.jpg','https://covers.openlibrary.org/b/OLID/OL25683482M-M.jpg'),(23076784,384,'Tokyopop','GTO vol. 21','Eikichi Onizuka, a 22-year-old ex-biker, decides that he is going to become the best teacher in the world but his class is full of bullies, blackmailers, and sadists.','https://covers.openlibrary.org/b/OLID/OL8857496M-S.jpg','https://covers.openlibrary.org/b/OLID/OL8857496M-M.jpg'),(23281880,574,'Chatto & Windus','The black robe','no description found','https://covers.openlibrary.org/b/OLID/OL9881184M-S.jpg','https://covers.openlibrary.org/b/OLID/OL9881184M-M.jpg'),(23282447,150,'Clive','Book XXI., chapters 1-30','no description found','https://covers.openlibrary.org/b/OLID/OL24400268M-S.jpg','https://covers.openlibrary.org/b/OLID/OL24400268M-M.jpg'),(23301237,566,'Yhd','Genji monogatari','no description found','https://covers.openlibrary.org/b/OLID/OL6172585M-S.jpg','https://covers.openlibrary.org/b/OLID/OL6172585M-M.jpg'),(23330498,261,'Reilly & Lee','The  road to Oz','Dorothy and her friends follow the enchanted road to Oz and arrive in time for Ozma\'s birthday party.','https://covers.openlibrary.org/b/OLID/OL7169485M-S.jpg','https://covers.openlibrary.org/b/OLID/OL7169485M-M.jpg'),(23330725,145,'Der Tempel Verlag','Romeo und Julia / Romeo and Juliet','Romeo and Juliet is a tragedy written by William Shakespeare early in his career about two young Italian star-crossed lovers whose deaths ultimately reconcile their feuding families. It was among Shakespeare\'s most popular plays during his lifetime and, along with Hamlet, is one of his most frequently performed plays. Today, the title characters are regarded as archetypal young lovers.','https://covers.openlibrary.org/b/OLID/OL26501367M-S.jpg','https://covers.openlibrary.org/b/OLID/OL26501367M-M.jpg'),(23345819,181,'Harper & Brothers','A strange manuscript found in a copper c','no description found','https://covers.openlibrary.org/b/OLID/OL7135135M-S.jpg','https://covers.openlibrary.org/b/OLID/OL7135135M-M.jpg'),(23365952,324,'John Lane: The Bodley Head','The Napoleon of Notting Hill','A witty and surreal novel of the future.\r\n\r\nIn a rather dull stuck-in-a-rut future, a prankster chosen randomly to be King of England revives the old ways and inadvertently arouses romantic patriotism and civil war between the boroughs of London.','https://covers.openlibrary.org/b/OLID/OL23365952M-S.jpg','https://covers.openlibrary.org/b/OLID/OL23365952M-M.jpg'),(23402697,566,'Doubleday, Page & Company','Nostromo','no description found','https://covers.openlibrary.org/b/OLID/OL24240620M-S.jpg','https://covers.openlibrary.org/b/OLID/OL24240620M-M.jpg'),(23666023,291,'Printed at the Secundra Orphanage Press','Duá i amím kí kitáb aur sákraminton kí t','no description found','https://covers.openlibrary.org/b/OLID/OL7170026M-S.jpg','https://covers.openlibrary.org/b/OLID/OL7170026M-M.jpg'),(24144374,475,'Hurst and Company','Life and adventures of Robinson Crusoe.','The Life and Strange Surprizing Adventures of Robinson Crusoe, Of York, Mariner: Who lived Eight and Twenty Years, all alone in an un-inhabited Island on the Coast of America, near the Mouth of the Great River of Oroonoque; Having been cast on Shore by Shipwreck, wherein all the Men perished but himself. With An Account how he was at last as strangely deliver\'d by Pyrates.','https://covers.openlibrary.org/b/OLID/OL24144374M-S.jpg','https://covers.openlibrary.org/b/OLID/OL24144374M-M.jpg'),(24172117,222,'Harper & brothers','Shakespeare\'s tragedy of Antony and Cleo','A magnificent drama of love and war, this riveting tragedy presents one of Shakespeare\'s greatest female characters--the seductive, cunning Egyptian queen Cleopatra.  The Roman leader Mark Antony, a virtual prisoner of his passion for her, is a man torn between pleasure and virtue, between sensual indolence and duty . . . between an empire and love.  Bold, rich, and splendid in its setting and emotions, Antony And Cleopatra ranks among Shakespeare\'s supreme achievements.From the Paperback edition.and the narrator vinay has explained what the intension in the relationship between antony and cleopatra','https://covers.openlibrary.org/b/OLID/OL24657698M-S.jpg','https://covers.openlibrary.org/b/OLID/OL24657698M-M.jpg'),(24196992,314,'Reilly & Lee Co.','Rinkitink in Oz','When all the inhabitants of Pingaree are kidnapped by the mongrel hordes of twin island kingdoms, Prince Inga and his friend King Rinkitink decide to go to the rescue.','https://covers.openlibrary.org/b/OLID/OL8492437M-S.jpg','https://covers.openlibrary.org/b/OLID/OL8492437M-M.jpg'),(24218747,224,'Dell Pub. Co.','Sad cypress','no description found','https://covers.openlibrary.org/b/OLID/OL24218747M-S.jpg','https://covers.openlibrary.org/b/OLID/OL24218747M-M.jpg'),(24232416,147,'Scholastic','Artemis Fowl','Auf geheimen Wegen gelangt Meisterverbrecher Artemis Fowl in das eisige Murmansk, wo er seinen Vater vermutet, der sich in der Gewalt einer skrupellosen Erpresserbande befinden soll. Doch Artemis hat ungewöhnliche Verbündete auf seiner Seite und natürlich auch schon einen Plan im Kopf. Einen gefährlichen Plan.','https://covers.openlibrary.org/b/OLID/OL8141974M-S.jpg','https://covers.openlibrary.org/b/OLID/OL8141974M-M.jpg'),(24245432,566,'Smith, Elder & Co.','Far from the madding crowd','no description found','https://covers.openlibrary.org/b/OLID/OL5244344M-S.jpg','https://covers.openlibrary.org/b/OLID/OL5244344M-M.jpg'),(24245739,434,'J. Hetzel','Vingt mille lieues sous les mers','A nineteenth-century science fiction tale of an electric submarine, its eccentric captain, and undersea world, which anticipated many of the scientific achievements of the twentieth century.','https://covers.openlibrary.org/b/OLID/OL24245739M-S.jpg','https://covers.openlibrary.org/b/OLID/OL24245739M-M.jpg'),(24327300,326,'Furne','Richard en Palestine','***Through a series of adventures, a poor but doughty Scottish crusader known as Sir Kenneth proves his honor and discovers his destiny in Sir Walter Scott\'s tale of chivalry, violence, virtue, romance, and deceit.*** \r\n\r\n**Sir Walter Scott writes wonderfully enjoyable historical fiction.** He first ventured into this realm in 1814 with the novel, ***Waverley*** which was published anonymously as Scott\'s first venture into prose fiction and possibly the first-ever historical novel. His subsequent novels came to be called Waverley novels, including this story. The Talisman is the middle in the trilogy about one of England\'s most popular kings ~~ King Richard I (the Lion-Hearted), which begin','https://covers.openlibrary.org/b/OLID/OL19361401M-S.jpg','https://covers.openlibrary.org/b/OLID/OL19361401M-M.jpg'),(24328342,91,'harcourt, brace and world','Little prince','*Le Petit Prince* est une œuvre de langue française, la plus connue d\'Antoine de Saint-Exupéry. Publié en 1943 à New York simultanément à sa traduction anglaise, c\'est une œuvre poétique et philosophique sous l\'apparence d\'un conte pour enfants.\r\n\r\nTraduit en quatre cent cinquante-sept langues et dialectes, *Le Petit Prince* est le deuxième ouvrage le plus traduit au monde après la Bible.\r\n\r\nLe langage, simple et dépouillé, parce qu\'il est destiné à être compris par des enfants, est en réalité pour le narrateur le véhicule privilégié d\'une conception symbolique de la vie. Chaque chapitre relate une rencontre du petit prince qui laisse celui-ci perplexe, par rapport aux comportements absurde','https://covers.openlibrary.org/b/OLID/OL7366018M-S.jpg','https://covers.openlibrary.org/b/OLID/OL7366018M-M.jpg'),(24331810,216,'H. Holt and Company','The Time Machine','The Time Traveller, a dreamer obsessed with traveling through time, builds himself a time machine and, much to his surprise, travels over 800,000 years into the future. He lands in the year 802701: the world has been transformed by a society living in apparent harmony and bliss, but as the Traveler stays in the future he discovers a hidden barbaric and depraved subterranean class. Wells\'s transparent commentary on the capitalist society was an instant bestseller and launched the time-travel genre.','https://covers.openlibrary.org/b/OLID/OL8000344M-S.jpg','https://covers.openlibrary.org/b/OLID/OL8000344M-M.jpg'),(24349980,247,'Blackie & Son Limited','The Tragedy of Hamlet','In this quintessential Shakespeare tragedy, a young prince\'s halting pursuit of revenge for the murder of his father unfolds in a series of highly charged confrontations that have held audiences spellbound for nearly four centuries. Those fateful exchanges, and the anguished soliloquies that precede and follow them, probe depths of human feeling rarely sounded in any art. \r\nThe title role of Hamlet, perhaps the most demanding in all of Western drama, has provided generations of leading actors their greatest challenge. Yet all the roles in this towering drama are superbly delineated, and each of the key scenes offers actors a rare opportunity to create theatrical magic.\r\nAs if further eviden','https://covers.openlibrary.org/b/OLID/OL26587990M-S.jpg','https://covers.openlibrary.org/b/OLID/OL26587990M-M.jpg'),(24364628,368,'S.H. Goetzel','Great expectations','Great Expectations is the thirteenth novel by Charles Dickens and his penultimate completed novel. It depicts the education of an orphan nicknamed Pip (the book is a bildungsroman; a coming-of-age story). It is Dickens\' second novel, after David Copperfield, to be fully narrated in the first person. The novel was first published as a serial in Dickens\'s weekly periodical All the Year Round, from 1 December 1860 to August 1861. In October 1861, Chapman and Hall published the novel in three volumes.\r\n\r\nThe novel is set in Kent and London in the early to mid-19th century and contains some of Dickens\'s most celebrated scenes, starting in a graveyard, where the young Pip is accosted by the escap','https://covers.openlibrary.org/b/OLID/OL45791004M-S.jpg','https://covers.openlibrary.org/b/OLID/OL45791004M-M.jpg'),(24573990,316,'The Queensway Press','The mystery of Edwin Drood','no description found','https://covers.openlibrary.org/b/OLID/OL6323900M-S.jpg','https://covers.openlibrary.org/b/OLID/OL6323900M-M.jpg'),(24623528,512,'Garnier','Le rouge et le noir','The story of an ambitious youth without birth or fortune in France in the 19th century.','https://covers.openlibrary.org/b/OLID/OL23311104M-S.jpg','https://covers.openlibrary.org/b/OLID/OL23311104M-M.jpg'),(24872302,23,'Clive','Odyssey, book iv','The Odyssey (/ˈɒdəsi/; Greek: Ὀδύσσεια, Odýsseia) is one of two major ancient Greek epic poems attributed to Homer. It is, in part, a sequel to the Iliad, the other work ascribed to Homer. The poem is fundamental to the modern Western canon, and is the second oldest extant work of Western literature, the Iliad being the oldest. Scholars believe it was composed near the end of the 8th century BC, somewhere in Ionia, the Greek coastal region of Anatolia. - [Wikipedia][1]\r\n\r\n  [1]: https://en.wikipedia.org/wiki/Odyssey','https://covers.openlibrary.org/b/OLID/OL23305280M-S.jpg','https://covers.openlibrary.org/b/OLID/OL23305280M-M.jpg'),(24953263,71,'S. French','The importance of being Earnest','Set in England during the late Victorian era, the play\'s humour derives in part from characters maintaining fictitious identities to escape unwelcome social obligations. It is replete with witty dialogue and satirises some of the foibles and hypocrisy of late Victorian society. It has proved Wilde\'s most enduringly popular play. - [*Wikipedia*][1]\r\n\r\n\r\n  [1]: http://en.wikipedia.org/wiki/The_Importance_of_Being_Earnest','https://covers.openlibrary.org/b/OLID/OL9694914M-S.jpg','https://covers.openlibrary.org/b/OLID/OL9694914M-M.jpg'),(24975625,370,'Nelson','Le mouron rouge','The Scarlet Pimpernel (1905) is a play and adventure novel by Baroness Emmuska Orczy set during the Reign of Terror following the start of the French Revolution.','https://covers.openlibrary.org/b/OLID/OL3318204M-S.jpg','https://covers.openlibrary.org/b/OLID/OL3318204M-M.jpg'),(24996307,634,'n','Twelfth night : or, What you will','Presents the original text of Shakespeare\'s play side by side with a modern version, with discussion questions, role-playing scenarios, and other study activities.','https://covers.openlibrary.org/b/OLID/OL20508584M-S.jpg','https://covers.openlibrary.org/b/OLID/OL20508584M-M.jpg'),(25098005,188,'Belford','The adventures of Tom Sawyer','The adventures and pranks of a mischievous boy growing up in a Mississippi River town in the early nineteenth century. **Winner of the 1967 Lewis Carroll Shelf Award**','https://covers.openlibrary.org/b/OLID/OL23269295M-S.jpg','https://covers.openlibrary.org/b/OLID/OL23269295M-M.jpg'),(25389972,99,'Printed by N. O[kes]. for Thomas Walkley','The Tragoedy of Othello, The Moore of Ve','Shakespeare\'s tragedy of jealousy and suspicion presented scene by scene in comic book format.','https://covers.openlibrary.org/b/OLID/OL25389972M-S.jpg','https://covers.openlibrary.org/b/OLID/OL25389972M-M.jpg'),(25390256,287,'Everett & Co.','The iron heel','https://en.wikipedia.org/wiki/The_Iron_Heel','https://covers.openlibrary.org/b/OLID/OL6994295M-S.jpg','https://covers.openlibrary.org/b/OLID/OL6994295M-M.jpg'),(25440547,393,'Molino','Sinsajo','Against all odds, Katniss Everdeen has survived the Hunger Games twice. But now that she\'s made it out of the bloody arena alive, she\'s still not safe. The Capitol is angry. The Capitol wants revenge. Who do they think should pay for the unrest? Katniss. And what\'s worse, President Snow has made it clear that no one else is safe either. Not Katniss\'s family, not her friends, not the people of District 12. Powerful and haunting, this is the thrilling final installment of Suzanne Collins\'s groundbreaking Hunger Games trilogy. - Publisher.','https://covers.openlibrary.org/b/OLID/OL26332553M-S.jpg','https://covers.openlibrary.org/b/OLID/OL26332553M-M.jpg'),(25476222,123,'Copp, Clark','Dorothy and the Wizard in Oz','Dorothy and the Wizard in Oz is the fourth book in Baum\'s Oz series. The series chronicles the further adventures of Dorothy both in and out of Oz, as she deals with the characters, situations and desires which continue to spill over from her first fateful adventure.','https://covers.openlibrary.org/b/OLID/OL7207092M-S.jpg','https://covers.openlibrary.org/b/OLID/OL7207092M-M.jpg'),(25515443,146,'Copp, Clark','Ozma of Oz','When a storm blows Dorothy to the land of Ev where lunches grow on trees, she meets the Scarecrow, the Tin Woodman, the Cowardly Lion, and Princess Ozma, and together they set out to free the Queen of Ev and her ten children.','https://covers.openlibrary.org/b/OLID/OL23416104M-S.jpg','https://covers.openlibrary.org/b/OLID/OL23416104M-M.jpg'),(25516485,295,'McLeod & Allen','The house of mirth','Beautiful, intelligent, and hopelessly addicted to luxury, Lily Bart is the heroine of this Wharton masterpiece. But it is her very taste and moral sensibility that render her unfit for survival in this world.','https://covers.openlibrary.org/b/OLID/OL27941732M-S.jpg','https://covers.openlibrary.org/b/OLID/OL27941732M-M.jpg'),(25538028,147,'Bibliolis','Flatland','Flatland: A Romance of Many Dimensions, though written in 1884, is still considered useful in thinking about multiple dimensions. It is also seen as a satirical depiction of Victorian society and its hierarchies. A square, who is a resident of the two-dimensional Flatland, dreams of the one-dimensional Lineland. He attempts to convince the monarch of Lineland of the possibility of another dimension, but the monarch cannot see outside the line. The square is then visited himself by a Sphere from three-dimensional Spaceland, who must show the square Spaceland before he can conceive it. As more dimensions enter the scene, the story\'s discussion of fixed thought and the kind of inhuman action w','https://covers.openlibrary.org/b/OLID/OL23189553M-S.jpg','https://covers.openlibrary.org/b/OLID/OL23189553M-M.jpg'),(25667349,72,'Printed for J. Tonson, and the rest of t','As you like it','This play has two principal settings: the court that Frederick has usurped from his brother, the rightful Duke, and the Forest of Arden, where the Duke and his followers (including the disgruntled Lord Jaques and the jester Touchstone) are living.','https://covers.openlibrary.org/b/OLID/OL25667349M-S.jpg','https://covers.openlibrary.org/b/OLID/OL25667349M-M.jpg'),(25882699,220,'J. Hetzel et Compagnie','Le tour du monde en quatre-vingts jours','Phileas Fogg, a very punctual man had broken into an argument while conversing about the recent bank robbery. To keep his word of proving that he would travel around the world in 80 days and win the bet, he sets on a long trip, where he is joined by a few other people on the way. A wonderful adventure is about to begin!','https://covers.openlibrary.org/b/OLID/OL7050533M-S.jpg','https://covers.openlibrary.org/b/OLID/OL7050533M-M.jpg'),(25921229,456,'Frederick Warne','The house by the church-yard','no description found','https://covers.openlibrary.org/b/OLID/OL1450449M-S.jpg','https://covers.openlibrary.org/b/OLID/OL1450449M-M.jpg'),(26204550,423,'Macmillan','The Magic City','An extremely unhappy ten-year-old magically escapes into a city he has built out of books, chessmen, candlesticks, and other household items.','https://covers.openlibrary.org/b/OLID/OL9309842M-S.jpg','https://covers.openlibrary.org/b/OLID/OL9309842M-M.jpg'),(26278092,374,'E. P. Dutton and company','The story of the amulet','no description found','https://covers.openlibrary.org/b/OLID/OL17139068M-S.jpg','https://covers.openlibrary.org/b/OLID/OL17139068M-M.jpg'),(26336926,147,'Pocket Books','Runaway Ralph','Runaway Ralph is the second in a children\'s novel trilogy written by Beverly Cleary. First published in 1970, it is the last book by Cleary that Louis Darling illustrated before his death. The book features the titular character, Ralph S. Mouse, a house mouse that can talk to humans, and goes on adventures on his miniature motorcycle.\r\n\r\nThe book was given the Nene Award by the Hawaii Library Association in 1972.','https://covers.openlibrary.org/b/OLID/OL26336926M-S.jpg','https://covers.openlibrary.org/b/OLID/OL26336926M-M.jpg'),(26379521,326,'Grosset & Dunlap','Death on the Nile','The tranquillity of a cruise along the Nile was shattered by the discovery that Linnet Ridgeway ( Linnet Doyle) had been shot through the head. She was young, stylish, rich and beautiful. A girl who had everything... until she lost her life.\r\n\r\nHercule Poirot recalled an earlier outburst by a fellow passenger: \'I\'d like to put my dear little pistol against her head and just press the trigger.\' Yet in this exotic setting nothing was ever quite what it seemed...','https://covers.openlibrary.org/b/OLID/OL16643433M-S.jpg','https://covers.openlibrary.org/b/OLID/OL16643433M-M.jpg'),(26425330,256,'J\'ai Lu','Le trône de fer','A Game of Thrones is the first novel in A Song of Ice and Fire, a series of fantasy novels by the American author George R. R. Martin. It was first published on August 1, 1996. The novel won the 1997 Locus Award and was nominated for both the 1997 Nebula Award and the 1997 World Fantasy Award. The novella Blood of the Dragon, comprising the Daenerys Targaryen chapters from the novel, won the 1997 Hugo Award for Best Novella. In January 2011, the novel became a New York Times Bestseller and reached No. 1 on the list in July 2011.','https://covers.openlibrary.org/b/OLID/OL7829767M-S.jpg','https://covers.openlibrary.org/b/OLID/OL7829767M-M.jpg'),(26468884,104,'Printed by and for D.S. Maurice','King Henry V','no description found','https://covers.openlibrary.org/b/OLID/OL25918538M-S.jpg','https://covers.openlibrary.org/b/OLID/OL25918538M-M.jpg'),(26669330,296,'M.A. Donohue','Three men in a boat','Three feckless young men take a rowing holiday on the Thames river in 1888. \r\n\r\nReferenced by [Robert A. Heinlein][1] in [Have Spacesuit Will Travel][2] as Kip\'s father\'s favorite book. Inspired [To Say Nothing of the Dog][3] by [Connie Willis][4].\r\n\r\n\r\n  [1]: https://openlibrary.org/authors/OL28641A/Robert_A._Heinlein\r\n  [2]: https://openlibrary.org/works/OL59727W/Have_Space_Suit_Will_Travel\r\n  [3]: https://openlibrary.org/works/OL14858398W/To_Say_Nothing_of_the_Dog_or_how_we_found_the_bishop\'s_bird_stump_at_last#about/about\r\n  [4]: https://openlibrary.org/authors/OL20934A/Connie_Willis','https://covers.openlibrary.org/b/OLID/OL23348263M-S.jpg','https://covers.openlibrary.org/b/OLID/OL23348263M-M.jpg'),(27009189,308,'R. Bemporad & Figlio','Le Avventure di Pinocchio','A wooden puppet full of tricks and mischief wants more than anything else to become a real boy.','https://covers.openlibrary.org/b/OLID/OL27004449M-S.jpg','https://covers.openlibrary.org/b/OLID/OL27004449M-M.jpg'),(27064170,414,'AST','И вспыхнет пламя','Catching Fire is a 2009 science fiction young adult novel by the American novelist Suzanne Collins, the second book in The Hunger Games series. As the sequel to the 2008 bestseller The Hunger Games, it continues the story of Katniss Everdeen and the post-apocalyptic nation of Panem. Following the events of the previous novel, a rebellion against the oppressive Capitol has begun, and Katniss and fellow tribute Peeta Mellark are forced to return to the arena in a special edition of the Hunger Games.\r\n\r\nThe book was first published on September 1, 2009, by Scholastic, in hardcover, and was later released in ebook and audiobook format.','https://covers.openlibrary.org/b/OLID/OL37079405M-S.jpg','https://covers.openlibrary.org/b/OLID/OL37079405M-M.jpg'),(27119406,574,'Ren min wen xue chu ban she','Hali Bote yu si wang sheng qi','Harry Potter #7\r\n\r\nHarry Potter is leaving Privet Drive for the last time. But as he climbs into the sidecar of Hagrid’s motorbike and they take to the skies, he knows Lord Voldemort and the Death Eaters will not be far behind.\r\n\r\nThe protective charm that has kept him safe until now is broken. But the Dark Lord is breathing fear into everything he loves. And he knows he can’t keep hiding.\r\n\r\nTo stop Voldemort, Harry knows he must find the remaining Horcruxes and destroy them.\r\n\r\nHe will have to face his enemy in one final battle.\r\n\r\n([source][1])\r\n\r\n\r\n----------\r\nSee also:\r\n\r\n - [Harry Potter and the Deathly Hallows: 2/2][2]\r\n\r\n\r\n  [1]: https://www.jkrowling.com/book/harry-potter-deathly-h','https://covers.openlibrary.org/b/OLID/OL28172760M-S.jpg','https://covers.openlibrary.org/b/OLID/OL28172760M-M.jpg'),(27889661,384,'W. Nicholson & Sons, Ltd.','Basil','no description found','https://covers.openlibrary.org/b/OLID/OL27889661M-S.jpg','https://covers.openlibrary.org/b/OLID/OL27889661M-M.jpg'),(27939293,933,'Corgi Childrens','Eldest','Darkness falls…despair abounds…evil reigns…Eragon and his dragon, Saphira, have just saved the rebel state from destruction by the mighty forces of King Galbatorix, cruel ruler of the Empire. Now Eragon must travel to Ellesmera, land of the elves, for further training in the skills of the Dragon Rider. Ages 12+.\r\n\r\nDarkness falls…despair abounds…evil reigns…\r\n\r\nEragon and his dragon, Saphira, have just saved the rebel state from destruction by the mighty forces of King Galbatorix, cruel ruler of the Empire. Now Eragon must travel to Ellesmera, land of the elves, for further training in the skills of the Dragon Rider: magic and swordsmanship. Soon he is on the journey of a lifetime, his eyes','https://covers.openlibrary.org/b/OLID/OL7430003M-S.jpg','https://covers.openlibrary.org/b/OLID/OL7430003M-M.jpg'),(28300165,208,'The Nottingham Society','The Scarlet Letter','A stark and allegorical tale of adultery, guilt, and social repression in Puritan New England, The Scarlet Letter is a foundational work of American literature. Nathaniel Hawthorne\'s exploration of the dichotomy between the public and private self, internal passion and external convention, gives us the unforgettable Hester Prynne, who discovers strength in the face of ostracism and emerges as a heroine ahead of her time.','https://covers.openlibrary.org/b/OLID/OL7173915M-S.jpg','https://covers.openlibrary.org/b/OLID/OL7173915M-M.jpg'),(28318341,525,'Pocket Books','The Mystery of the Blue Train','Bound for the Riviera, detective Hercule Poirot has boarded Le Train Bleu, an elegant, leisurely means of travel, free of intrigue. Then he meets Ruth Kettering. The American heiress bailing out of a doomed marriage is en route to reconcile with her former lover. But by morning, her private affairs are made public when she is found murdered in her luxury compartment. The rumour of a strange man loitering in the victim\'s shadow is all Poirot has to go on. Until Mrs. Kettering\'s secret life begins to unfold...','https://covers.openlibrary.org/b/OLID/OL28318341M-S.jpg','https://covers.openlibrary.org/b/OLID/OL28318341M-M.jpg'),(28345239,123,'n','De Hobbit','The Hobbit is a tale of high adventure, undertaken by a company of dwarves in search of dragon-guarded gold. A reluctant partner in this perilous quest is Bilbo Baggins, a comfort-loving unambitious hobbit, who surprises even himself by his resourcefulness and skill as a burglar.\r\n\r\nEncounters with trolls, goblins, dwarves, elves, and giant spiders, conversations with the dragon, Smaug, and a rather unwilling presence at the Battle of Five Armies are just some of the adventures that befall Bilbo.\r\n\r\nBilbo Baggins has taken his place among the ranks of the immortals of children’s fiction. Written by Professor Tolkien for his children, The Hobbit met with instant critical acclaim when publish','https://covers.openlibrary.org/b/OLID/OL10682512M-S.jpg','https://covers.openlibrary.org/b/OLID/OL10682512M-M.jpg'),(28390491,310,'Garden City Pub. Co.','Brave New World','Originally published in 1932, this outstanding work of literature is more crucial and relevant today than ever before. Cloning, feel-good drugs, antiaging programs, and total social control through politics, programming, and media -- has Aldous Huxley accurately predicted our future? With a storyteller\'s genius, he weaves these ethical controversies in a compelling narrative that dawns in the year 632 AF (After Ford, the deity). When Lenina and Bernard visit a savage reservation, we experience how Utopia can destroy humanity. A powerful work of speculative fiction that has enthralled and terrified readers for generations, Brave New World is both a warning to be heeded and thought-provoking ','https://covers.openlibrary.org/b/OLID/OL6504102M-S.jpg','https://covers.openlibrary.org/b/OLID/OL6504102M-M.jpg'),(28597761,64,'Bloomsbury Publishing Plc','Frostgrave','no description found','https://covers.openlibrary.org/b/OLID/OL27761483M-S.jpg','https://covers.openlibrary.org/b/OLID/OL27761483M-M.jpg'),(28751751,525,'Hachette Groupe Livre','Fascination','Bella Swan and Edward Cullen, a pair of star-crossed lovers whose forbidden relationship ripens against the backdrop of small-town suspicion and a mysterious coven of vampires.','https://covers.openlibrary.org/b/OLID/OL37073046M-S.jpg','https://covers.openlibrary.org/b/OLID/OL37073046M-M.jpg'),(32232086,17,'COPP CLARK PUBLISHING CO. LTD.','Shakespeare\'s The Merchant of Venice','In this lively comedy of love and money in sixteenth-century Venice, Bassanio wants to impress the wealthy heiress Portia but lacks the necessary funds. He turns to his merchant friend, Antonio, who is forced to borrow from Shylock, a Jewish moneylender. When Antonio\'s business falters, repayment becomes impossible--and by the terms of the loan agreement, Shylock is able to demand a pound of Antonio\'s flesh. Portia cleverly intervenes, and all ends well (except of course for Shylock).','https://covers.openlibrary.org/b/OLID/OL25398118M-S.jpg','https://covers.openlibrary.org/b/OLID/OL25398118M-M.jpg'),(32249281,71,'Wrigley Printing Company','The First Part of King Henry the fourth','Presents the original text of Shakespeare\'s play side by side with a modern version, discusses the author and the theater of his time, and provides quizzes and other study activities.','https://covers.openlibrary.org/b/OLID/OL7786970M-S.jpg','https://covers.openlibrary.org/b/OLID/OL7786970M-M.jpg'),(32263909,99,'Vanguard Books','King Lear','King Lear divides his kingdom among the two daughters who flatter him and banishes the third one who loves him. His eldest daughters both then reject him at their homes, so Lear goes mad and wanders through a storm. His banished daughter returns with an army, but they lose the battle and Lear, all his daughters and more, die.\r\n\r\n([source][1])\r\n\r\n\r\n  [1]: https://www.shakespeare.org.uk/explore-shakespeare/shakespedia/shakespeares-plays/king-lear/','https://covers.openlibrary.org/b/OLID/OL25918818M-S.jpg','https://covers.openlibrary.org/b/OLID/OL25918818M-M.jpg'),(32775849,160,'Mondadori','Il leone, la strega e l\'armadio','Four adventurous siblings—Peter, Susan, Edmund, and Lucy Pevensie—step through a wardrobe door and into the land of Narnia, a land frozen in eternal winter and enslaved by the power of the White Witch. But when almost all hope is lost, the return of the Great Lion, Aslan, signals a great change . . . and a great sacrifice.\r\n\r\nJourney into the land beyond the wardrobe! The Lion, the Witch and the Wardrobe is the second book in C. S. Lewis\'s classic fantasy series, which has been captivating readers of all ages for over sixty years. This is a stand-alone novel, but if you would like journey back to Narnia, read The Horse and His Boy, the third book in The Chronicles of Narnia.\r\n([source][1])\r','https://covers.openlibrary.org/b/OLID/OL7265111M-S.jpg','https://covers.openlibrary.org/b/OLID/OL7265111M-M.jpg'),(33041314,214,'NéO','Le Mystère des jonquilles','Ein Londoner Geschaftsmann entla©t seineAngestellte fristlos. Kurze Zeit spater liegter erschossen im Gras des Hyde Park ...','https://covers.openlibrary.org/b/OLID/OL11980239M-S.jpg','https://covers.openlibrary.org/b/OLID/OL11980239M-M.jpg'),(33152400,537,'Donohue Henneberry & Co.','The deerslayer or the first warpath','The Deerslayer is the last book in Cooper\'s Leatherstocking Tales pentalogy, but acts as a prequel to the other novels. It begins with the rapid civilizing of New York, in which surrounds the following books take place. It introduces the hero of the Tales, Natty Bumppo, and his philosophy that every living thing should follow its own nature. He is contrasted to other, less conscientious, frontiersmen.','https://covers.openlibrary.org/b/OLID/OL24397205M-S.jpg','https://covers.openlibrary.org/b/OLID/OL24397205M-M.jpg'),(33170500,307,'Hodder and Stoughton','Greenmantle','In Greenmantle (1916) Richard Hannay, hero of The Thirty-Nine Steps, travels across war-torn Europe in search of a German plot and an Islamic Messiah. He is joined by three more of Buchan\'s heroes: Peter Pienaar, the old Boer Scout; John S. Blenkiron, the American determined to fight the Kaiser; and Sandy Arbuthnot, Greenmantle himself, modelled on Lawrence of Arabia. The intrepid four move in disguise through Germany to Constantinople and the Russian border toface their enemies: the grotesque Stumm and the evil beauty of Hilda von Einem.','https://covers.openlibrary.org/b/OLID/OL9300408M-S.jpg','https://covers.openlibrary.org/b/OLID/OL9300408M-M.jpg'),(33200594,477,'G.P. Putnam\'s Sons','The pioneers, or, The sources of the Sus','no description found','https://covers.openlibrary.org/b/OLID/OL33200594M-S.jpg','https://covers.openlibrary.org/b/OLID/OL33200594M-M.jpg'),(33202830,308,'Blackie and Son','The princess and the goblin','no description found','https://covers.openlibrary.org/b/OLID/OL7544575M-S.jpg','https://covers.openlibrary.org/b/OLID/OL7544575M-M.jpg'),(33896834,431,'HarperCollins Publishers','Next','Next is a 2006 satirical techno-thriller by Michael Crichton. It was the fifteenth novel under his own name and his twenty-fifth overall, and the last to be published during his lifetime.','https://covers.openlibrary.org/b/OLID/OL31982919M-S.jpg','https://covers.openlibrary.org/b/OLID/OL31982919M-M.jpg'),(34843449,188,'Tribeca Books','Scarlet Letter','no description found','https://covers.openlibrary.org/b/OLID/OL34878267M-S.jpg','https://covers.openlibrary.org/b/OLID/OL34878267M-M.jpg'),(35268128,307,'Harper & Brothers','Adventures of Sherlock Holmes','no description found','https://covers.openlibrary.org/b/OLID/OL24349267M-S.jpg','https://covers.openlibrary.org/b/OLID/OL24349267M-M.jpg'),(35301162,552,'Dogan ve Egmont Yayincilik','Olimpos Kahramanlari - Kayip Kahra','Jason has a problem. He doesn’t remember anything before waking up on a school bus holding hands with a girl.  Apparently, she’s his girlfriend Piper, his best friend is a kid named Leo, and they’re all students in the Wilderness School, a boarding school for “bad kids.”  What he did to end up here, Jason has no idea—except that everything seems very wrong.\r\n\r\nPiper has a secret.  Her father has been missing for three days, and her vivid nightmares reveal that he’s in terrible danger.  Now, her boyfriend doesn’t recognize her, and when a freak storm and strange creatures attack during a school field trip, she, Jason, and Leo are whisked away to someplace called Camp Half-Blood.  What is goi','https://covers.openlibrary.org/b/OLID/OL42342637M-S.jpg','https://covers.openlibrary.org/b/OLID/OL42342637M-M.jpg'),(36636484,369,'The Book League of America','The moonstone','One of the first English detective novels, this mystery involves the disappearance of a valuable diamond, originally stolen from a Hindu idol, given to a young woman on her eighteenth birthday, and then stolen again. A classic of 19th-century literature.','https://covers.openlibrary.org/b/OLID/OL11424127M-S.jpg','https://covers.openlibrary.org/b/OLID/OL11424127M-M.jpg'),(36648295,247,'Grant Richards','Northanger Abbey','Northanger Abbey is both a perfectly aimed literary parody and a withering satire of the commercial aspects of marriage among the English gentry at the turn of the nineteenth century. But most of all, it is the story of the initiation into life of its naïve but sweetly appealing heroine, Catherine Morland, a willing victim of the contemporary craze for Gothic literature who is determined to see herself as the heroine of a dark and thrilling romance.\r\n\r\nWhen Catherine is invited to Northanger Abbey, the grand though forbidding ancestral seat of her suitor, Henry Tilney, she finds herself embroiled in a real drama of misapprehension, mistreatment, and mortification, until common sense and hum','https://covers.openlibrary.org/b/OLID/OL36684152M-S.jpg','https://covers.openlibrary.org/b/OLID/OL36684152M-M.jpg'),(37075125,326,'Egmont','Nový mesíc','Love stories. Horror fiction. Now in a Special Trade Demy Paperback Edition. The dramatic sequel to TWILIGHT, following the tale of Bella, a teenage girl whose love for a vampire gets her into trouble. I stuck my finger under the edge of the paper and jerked it under the tape. \'Shoot, \' I muttered when the paper sliced my finger. A single drop of blood oozed from the tiny cut. It all happened very quickly then. \'No!\' Edward roared ... Dazed and disorientated, I looked up from the bright red blood pulsing out of my arm - and into the fevered eyes of the six suddenly ravenous vampires. For Bella Swan, there is one thing more important than life itself: Edward Cullen. But being in love with a ','https://covers.openlibrary.org/b/OLID/OL8459661M-S.jpg','https://covers.openlibrary.org/b/OLID/OL8459661M-M.jpg'),(37753024,465,'Henry Holt and Company','Six of Crows','BOOK ONE of the [Six of Crows Duology](https://openlibrary.org/works/OL19758128W/Six_of_Crows_Crooked_Kingdom)\r\n\r\nSix of Crows is a fantasy novel written by the Israeli-American author Leigh Bardugo published by Henry Holt and Co. in 2015. The story follows a thieving crew and is primarily set in the city of Ketterdam, loosely inspired by Dutch Republic–era Amsterdam. The plot is told from third-person viewpoints of seven different characters.\r\n\r\nThe novel is followed by [Crooked Kingdom](https://openlibrary.org/works/OL17597665W) (2016) and is part of the Grishaverse. \r\n\r\nFollowed by: [Crooked Kingdom][2]\r\n\r\n\r\n  [2]: https://openlibrary.org/works/OL17597665W/Crooked_Kingdom','https://covers.openlibrary.org/b/OLID/OL25908319M-S.jpg','https://covers.openlibrary.org/b/OLID/OL25908319M-M.jpg'),(37807528,187,'Book Club Associates','The Restaurant at the End of the Univers','no description found','https://covers.openlibrary.org/b/OLID/OL37807528M-S.jpg','https://covers.openlibrary.org/b/OLID/OL37807528M-M.jpg'),(37821367,294,'WARD, LOCK & CO.','Les Misérables','In this story of the trials of the peasant Jean Valjean--a man unjustly imprisoned, baffled by destiny, and hounded by his nemesis, the magnificently realized, ambiguously malevolent police detective Javert--Hugo achieves the sort of rare imaginative resonance that allows a work of art to transcend its genre.','https://covers.openlibrary.org/b/OLID/OL24225109M-S.jpg','https://covers.openlibrary.org/b/OLID/OL24225109M-M.jpg'),(37824533,314,'Harcourt, Brace and Company','Nineteen Eighty-Four','Nineteen Eighty-Four: A Novel, often referred to as 1984, is a dystopian social science fiction novel by the English novelist George Orwell (the pen name of Eric Arthur Blair). It was published on 8 June 1949 by Secker & Warburg as Orwell\'s ninth and final book completed in his lifetime. Thematically, Nineteen Eighty-Four centres on the consequences of totalitarianism, mass surveillance, and repressive regimentation of persons and behaviours within society. Orwell, himself a democratic socialist, modelled the authoritarian government in the novel after Stalinist Russia. More broadly, the novel examines the role of truth and facts within politics and the ways in which they are manipulated.\r\n','https://covers.openlibrary.org/b/OLID/OL21733390M-S.jpg','https://covers.openlibrary.org/b/OLID/OL21733390M-M.jpg'),(37826838,1906,'[publisher not identified]','Il Principe','Ceux qui desirent acquerir la grace d\'un prince ont accoutume de se presenter a lui avec ceux de leurs biens qu\'ils prisent le plus ou auxquels ils voient qu\'il prend le plus de plaisir. Aussi les voit­-on bien souvent lui faire present de chevaux, armes, drap d\'or, pierres precieuses et de sem­blables ornements dignes de sa grandeur. Desirant donc m\'offrir a Votre Magnificence avec quelque temoignage de ma soumission, je n\'ai rien trouve, parmi toutes mes hardes, que j\'aime et estime tant que la connaissance des actions des grands person­nages, laquelle j\'ai apprise par longue experience des choses modernes et lecture continuelle des antiques : a quoi j\'ai longuement et avec grand soin pen','https://covers.openlibrary.org/b/OLID/OL37826838M-S.jpg','https://covers.openlibrary.org/b/OLID/OL37826838M-M.jpg'),(37870239,298,'International Collectors Library','Alice\'s Adventures in Wonderland & Throu','A very real little girl named Alice follows a remarkable rabbit down a rabbit hole and steps through a looking-glass to come face to face with some of the strangest adventures and some of the oddest characters in all literature. The crusty Duchess, the Mad Hatter, the weeping Mock Turtle, the diabolical Queen of Hearts, the Cheshire-Cat, Tweedledum and Tweedledee--each one is more eccentric, and more entertaining, than the last. And all of them could only have come from the pen of Lewis Carroll, one of the few adults ever to enter successfully the children\'s world of make-believe--a wonderland where the impossible becomes possible, the unreal, real...where the heights of adventure are limit','https://covers.openlibrary.org/b/OLID/OL25129289M-S.jpg','https://covers.openlibrary.org/b/OLID/OL25129289M-M.jpg'),(38582593,400,'Alfred A. Knopf','Jurassic Park','Jurassic Park is a 1990 science fiction novel written by Michael Crichton. A cautionary tale about genetic engineering, it presents the collapse of an amusement park showcasing genetically re-created dinosaurs to illustrate the mathematical concept of chaos theory and its real-world implications. A sequel titled The Lost World, also written by Crichton, was published in 1995. In 1997, both novels were re-published as a single book titled Michael Crichton\'s Jurassic World. In 1996 it was awarded the Secondary BILBY Award.\r\n\r\nAlso contained in:\r\n[Congo/Jurassic Park](https://openlibrary.org/works/OL8475707W)\r\n[Michael Crichton\'s Jurassic World](https://openlibrary.org/works/OL14950507W)','https://covers.openlibrary.org/b/OLID/OL38582593M-S.jpg','https://covers.openlibrary.org/b/OLID/OL38582593M-M.jpg'),(39221187,247,'Nelson Doubleday','Sense and Sensibility','When Mr. Dashwood dies, he must leave the bulk of his estate to the son by his first marriage, which leaves his second wife and three daughters (Elinor, Marianne, and Margaret) in straitened circumstances. They are taken in by a kindly cousin, but their lack of fortune affects the marriageability of both practical Elinor and romantic Marianne. When Elinor forms an attachment for the wealthy Edward Ferrars, his family disapproves and separates them. And though Mrs. Jennings tries to match the worthy (and rich) Colonel Brandon to her, Marianne finds the dashing and fiery Willoughby more to her taste. Both relationships are sorely tried. But this is a romance, and through the hardships and hea','https://covers.openlibrary.org/b/OLID/OL14041582M-S.jpg','https://covers.openlibrary.org/b/OLID/OL14041582M-M.jpg'),(39222415,247,'Dean & Son','Wuthering Heights','Wuthering Heights is an 1847 novel by Emily Brontë, initially published under the pseudonym Ellis Bell. It concerns two families of the landed gentry living on the West Yorkshire moors, the Earnshaws and the Lintons, and their turbulent relationships with Earnshaw\'s adopted son, Heathcliff. The novel was influenced by Romanticism and Gothic fiction.','https://covers.openlibrary.org/b/OLID/OL38586477M-S.jpg','https://covers.openlibrary.org/b/OLID/OL38586477M-M.jpg'),(39222545,192,'Avenel Books','Alice\'s Adventures in Wonderland','Alice\'s Adventures in Wonderland (commonly Alice in Wonderland) is an 1865 English children\'s novel by Lewis Carroll. A young girl named Alice falls through a rabbit hole into a fantasy world of anthropomorphic creatures. It is seen as an example of the literary nonsense genre.\r\n\r\nOne of the best-known works of Victorian literature, its narrative, structure, characters and imagery have had huge influence on popular culture and literature, especially in the fantasy genre.','https://covers.openlibrary.org/b/OLID/OL31754751M-S.jpg','https://covers.openlibrary.org/b/OLID/OL31754751M-M.jpg'),(39475933,396,'Molino','Los juegos del hambre','The Hunger Games is a 2008 dystopian novel by the American writer Suzanne Collins. It is written in the perspective of 16-year-old Katniss Everdeen, who lives in the future, post-apocalyptic nation of Panem in North America. The Capitol, a highly advanced metropolis, exercises political control over the rest of the nation. The Hunger Games is an annual event in which one boy and one girl aged 12–18 from each of the twelve districts surrounding the Capitol are selected by lottery to compete in a televised battle royale to the death.\r\n\r\nThe book received critical acclaim from major reviewers and authors. It was praised for its plot and character development. In writing The Hunger Games, Colli','https://covers.openlibrary.org/b/OLID/OL37079404M-S.jpg','https://covers.openlibrary.org/b/OLID/OL37079404M-M.jpg'),(39479436,393,'BCA','The Lost World','The Lost World is a 1995 techno-thriller novel written by Michael Crichton, and the sequel to his 1990 novel [Jurassic Park](https://openlibrary.org/works/OL46881W). It is his tenth novel under his own name and his twentieth overall, and it was published by Knopf. A paperback edition (ISBN 0-345-40288-X) followed in 1996. In 1997, both novels were re-published as a single book titled Michael Crichton\'s Jurassic World, which is unrelated to the 2015 film of the same name.\r\n\r\n\r\nContains: \r\n[Lost World [2/2]](https://openlibrary.org/works/OL25311005W)\r\n\r\nAlso contained in:\r\n[Michael Crichton\'s Jurassic World](https://openlibrary.org/works/OL14950507W)','https://covers.openlibrary.org/b/OLID/OL31981279M-S.jpg','https://covers.openlibrary.org/b/OLID/OL31981279M-M.jpg'),(39485971,189,'Fontana, Collins','The murder at the vicarage','no description found','https://covers.openlibrary.org/b/OLID/OL24214602M-S.jpg','https://covers.openlibrary.org/b/OLID/OL24214602M-M.jpg'),(39486892,181,'Alfred A. Knopf','Charlie and the Great Glass Elevator','Taking up where Charlie and the Chocolate Factory leaves off, Charlie, his family, and Mr. Wonka find themselves launched into space in the great glass elevator.','https://covers.openlibrary.org/b/OLID/OL5283875M-S.jpg','https://covers.openlibrary.org/b/OLID/OL5283875M-M.jpg'),(39801859,192,'University Press','The Holy Bible','A Christian Bible is a set of books divided into the Old and New Testament that a Christian denomination has, at some point in their past or present, regarded as divinely inspired scripture.','https://covers.openlibrary.org/b/OLID/OL39801870M-S.jpg','https://covers.openlibrary.org/b/OLID/OL39801870M-M.jpg'),(39803548,256,'Delta','Slaughterhouse-Five','Slaughterhouse-Five is one of the world\'s great anti-war books. Centering on the infamous fire-bombing of Dresden, Billy Pilgrim\'s odyssey through time reflects the mythic journey of our own fractured lives as we search for meaning in what we are afraid to know.','https://covers.openlibrary.org/b/OLID/OL13788314M-S.jpg','https://covers.openlibrary.org/b/OLID/OL13788314M-M.jpg'),(39804749,512,'Pantheon','Doctor Zhivago','***This epic tale about the effects of the Russian Revolution and its aftermath on a bourgeois family was not published in the Soviet Union until 1987.*** One of the results of its publication in the West was Pasternak\'s complete rejection by Soviet authorities; when he was awarded the Nobel Prize for Literature in 1958 he was compelled to decline it. ***The book quickly became an international best-seller.***\r\n\r\n**Dr. Yury Zhivago, Pasternak\'s alter ego, is a poet, philosopher, and physician whose life is disrupted by the war and by his love for Lara, the wife of a revolutionary. His artistic nature makes him vulnerable to the brutality and harshness of the Bolsheviks. ***The poems he writ','https://covers.openlibrary.org/b/OLID/OL9058491M-S.jpg','https://covers.openlibrary.org/b/OLID/OL9058491M-M.jpg'),(39806678,145,'Modern Library','Candide','Brought up in the household of a powerful Baron, Candide is an open-minded young man, whose tutor, Pangloss, has instilled in him the belief that \'all is for the best\'. But when his love for the Baron\'s rosy-cheeked daughter is discovered, Candide is cast out to make his own way in the world. \r\n\r\nAnd so he and his various companions begin a breathless tour of Europe, South America and Asia, as an outrageous series of disasters befall them - earthquakes, syphilis, a brush with the Inquisition, murder - sorely testing the young hero\'s optimism.','https://covers.openlibrary.org/b/OLID/OL22244325M-S.jpg','https://covers.openlibrary.org/b/OLID/OL22244325M-M.jpg'),(39826520,379,'Chapman and Hall, Limited','A Tale of Two Cities','A Tale of Two Cities is a historical novel published in 1859 by Charles Dickens, set in London and Paris before and during the French Revolution. The novel tells the story of the French Doctor Manette, his 18-year-long imprisonment in the Bastille in Paris, and his release to live in London with his daughter Lucie whom he had never met. The story is set against the conditions that led up to the French Revolution and the Reign of Terror. In the Introduction to the Encyclopedia of Adventure Fiction, critic Don D\'Ammassa argues that it is an adventure novel because the protagonists are in constant danger of being imprisoned or killed.\r\n\r\nAs Dickens\'s best-known work of historical fiction, A Ta','https://covers.openlibrary.org/b/OLID/OL46835117M-S.jpg','https://covers.openlibrary.org/b/OLID/OL46835117M-M.jpg'),(40208895,191,'Prószyński i S-ka','4.50 z Paddington','no description found','https://covers.openlibrary.org/b/OLID/OL13977287M-S.jpg','https://covers.openlibrary.org/b/OLID/OL13977287M-M.jpg'),(40216061,420,'Modern Library','Jude the Obscure','Hardy\'s last work of fiction, Jude the Obscure is also one of his most gloomily fatalistic, depicting the lives of individuals who are trapped by forces beyond their control. Jude Fawley, a poor villager, wants to enter the divinity school at Christminster. Sidetracked by Arabella Donn, an earthy country girl who pretends to be pregnant by him, Jude marries her and is then deserted. He earns a living as a stonemason at Christminster; there he falls in love with his independent-minded cousin, Sue Bridehead. Out of a sense of obligation, Sue marries the schoolmaster Phillotson, who has helped her. Unable to bear living with Phillotson, she returns to live with Jude and eventually bears his ch','https://covers.openlibrary.org/b/OLID/OL40216055M-S.jpg','https://covers.openlibrary.org/b/OLID/OL40216055M-M.jpg'),(40281030,384,'Dell','The Murder on the Links','Belgian detective Hercule Poirot is summoned to France after receiving a distressing letter with a urgent cry for help. Upon his arrival in Merlinville-sur-Mer, the investigator finds the man who penned the letter, the South American millionaire Monsieur Renauld, stabbed to death and his body flung into a freshly dug open grave on the golf course adjoining the property. Meanwhile the millionaire\'s wife is found bound and gagged in her room. Apparently, it seems that Renauld and his wife were victims of a failed break-in, resulting in Renauld\'s kidnapping and death.\r\n\r\nThere\'s no lack of suspects: his wife, whose dagger served as the weapon; his embittered son, who would have killed for inde','https://covers.openlibrary.org/b/OLID/OL24214632M-S.jpg','https://covers.openlibrary.org/b/OLID/OL24214632M-M.jpg'),(40281128,255,'Pocket Books','The secret of Chimneys','no description found','https://covers.openlibrary.org/b/OLID/OL9432047M-S.jpg','https://covers.openlibrary.org/b/OLID/OL9432047M-M.jpg'),(40293086,634,'printed by D. A. Talboys, for Y. Tegg','The novels and miscellaneous works of Da','These are the true confessions of a remarkable and passionate young woman are thought to have been based on the adventures of a real prisoner in Newgate where Moll was born. ostensibly written as a warning to wrongdoers, the moral of Defoe\'s candid and cautionary tale is often lost in the sheer vitality of Moll - one of the supreme characters of English comic fiction.\r\n\r\nHer fortunes and misfortunes - \'twelve years a Whore, five times a Wife (once to her own brother), twelve years a Thief, eight years a transported Felon\' - plunge the reader into the exciting world of the eighteenth-century low life.','https://covers.openlibrary.org/b/OLID/OL40292812M-S.jpg','https://covers.openlibrary.org/b/OLID/OL40292812M-M.jpg'),(42344729,384,'Disney - Hyperion','The Lightning Thief','Twelve-year-old Percy Jackson is on the most dangerous quest of his life.  With the help of a satyr and a daughter of Athena, Percy must journey across the United States to catch a thief who has stolen the original weapon of mass destruction—Zeus’ master bolt.  Along the way, he must face a host of mythological enemies determined to stop him.  Most of all, he must come to terms with a father he has never known, and an Oracle that has warned him of betrayal by a friend.','https://covers.openlibrary.org/b/OLID/OL42344729M-S.jpg','https://covers.openlibrary.org/b/OLID/OL42344729M-M.jpg'),(42346557,753,'Disney - Hyperion Books','The Red Pyramid','Since their mother’s death, Carter and Sadie have become near strangers.  While Sadie has lived with her grandparents in London, her brother has traveled the world with their father, the brilliant Egyptologist, Dr. Julius Kane.\r\n\r\nOne night, Dr. Kane brings the siblings together for a “research experiment” at the British Museum, where he hopes to set things right for his family.  Instead, he unleashes the Egyptian god Set, who banishes him to oblivion and forces the children to flee for their lives.\r\n\r\nSoon, Sadie and Carter discover that the gods of Egypt are waking, and the worst of them—Set—has his sights on the Kanes.  To stop him, the siblings embark on a dangerous journey across the g','https://covers.openlibrary.org/b/OLID/OL24995181M-S.jpg','https://covers.openlibrary.org/b/OLID/OL24995181M-M.jpg'),(42347879,279,'Disney - Hyperion','The Sea of Monsters','It is the second book in the Percy Jackson series where Percy is sent on a quest (well, I wouldn\'t say SENT) to retrieve the golden fleece that will hep cure Thalia\'s tree to protect camp-half blood. Old enemies appear and new ones emerge. How will Percy and his band of loyal friends survive?','https://covers.openlibrary.org/b/OLID/OL7359831M-S.jpg','https://covers.openlibrary.org/b/OLID/OL7359831M-M.jpg'),(42989493,147,'Scholastic Inc.','El Capitán Calzoncillos y el perverso p','no description found','https://covers.openlibrary.org/b/OLID/OL998767M-S.jpg','https://covers.openlibrary.org/b/OLID/OL998767M-M.jpg'),(43177171,319,'Hodder and Stoughton','The lost world','Journalist Ed Malone is looking for an adventure, and that\'s exactly what he finds when he meets the eccentric Professor Challenger - an adventure that leads Malone and his three companions deep into the Amazon jungle, to a lost world where dinosaurs roam free.','https://covers.openlibrary.org/b/OLID/OL22885694M-S.jpg','https://covers.openlibrary.org/b/OLID/OL22885694M-M.jpg'),(43460426,162,'Alfred A. Knopf','Charlie and the Chocolate Factory','Charlie and the Chocolate Factory is a 1964 children\'s novel by British author Roald Dahl. The story features the adventures of young Charlie Bucket inside the chocolate factory of eccentric chocolatier Willy Wonka.\r\n\r\nCharlie and the Chocolate Factory was first published in the United States by Alfred A. Knopf, Inc. in 1964 and in the United Kingdom by George Allen & Unwin 11 months later. \r\n\r\nIn the 2012 survey published by SLJ, a monthly with primarily US audience, Charlie was the second of four books by Dahl among their Top 100 Chapter Books, one more than any other writer. Time magazine in the US included the novel in its list of the 100 Best Young-Adult Books of All Time.','https://covers.openlibrary.org/b/OLID/OL5883038M-S.jpg','https://covers.openlibrary.org/b/OLID/OL5883038M-M.jpg'),(44094098,354,'A. L. Burt, Publisher','David Copperfield','David Copperfield is the eighth novel by Charles Dickens. The novel\'s full title is The Personal History, Adventures, Experience and Observation of David Copperfield the Younger of Blunderstone Rookery (Which He Never Meant to Publish on Any Account). It was first published as a serial in 1849–50, and as a book in 1850.\r\n\r\nThe novel features the character David Copperfield, and is written in the first person, as a description of his life until middle age, with his own adventures and the numerous friends and enemies he meets along his way. It is his journey of change and growth from infancy to maturity, as people enter and leave his life and he passes through the stages of his development.','https://covers.openlibrary.org/b/OLID/OL44903680M-S.jpg','https://covers.openlibrary.org/b/OLID/OL44903680M-M.jpg'),(46524697,306,'Grosset & Dunlap','The Murder of Roger Ackroyd','Belgian Inspector Hercule Poirot has retired to the countryside in the small English village of King\'s Abbot. Dr. Sheppard, observing his new neighbor, is sure that he must be a former hairdresser. But the brutal murder of a local squire reveals the truth: the peculiar little man is actually a detective par excellence. The Murder of the wealthy industrialist Roger Ackroyd begins the night before with the suicide of Mrs. Ferrars, a wealthy widow. Her death is believed to be an accident, until Roger Ackroyd is stabbed to death in his locked study. There are rumors she poisoned her first husband, rumors that she was being blackmailed, rumors that her secret lover was Roger Ackroyd, a man who k','https://covers.openlibrary.org/b/OLID/OL46524697M-S.jpg','https://covers.openlibrary.org/b/OLID/OL46524697M-M.jpg'),(46835116,412,'Heron Books','Oliver Twist','Oliver Twist; or, The Parish Boy\'s Progress, is the second novel by English author Charles Dickens. It was originally published as a serial from 1837 to 1839, and as a three-volume book in 1838. The story follows the titular orphan, who, after being raised in a workhouse, escapes to London, where he meets a gang of juvenile pickpockets led by the elderly criminal Fagin, discovers the secrets of his parentage, and reconnects with his remaining family.\r\n\r\nOliver Twist unromantically portrays the sordid lives of criminals, and exposes the cruel treatment of the many orphans in London in the mid-19th century.[2] The alternative title, The Parish Boy\'s Progress, alludes to Bunyan\'s The Pilgrim\'s','https://covers.openlibrary.org/b/OLID/OL47307472M-S.jpg','https://covers.openlibrary.org/b/OLID/OL47307472M-M.jpg'),(46913162,525,'WALTER J BLACK','Dead Man\'s Folly','Whilst organising a mock murder hunt for the village fete hosted by Sir George and Lady Stubbs, a feeling of dread settles on the famous crime novelist Adriane Oliver. Call it instinct, but it\'s a feeling she just can\'t explain…or get away from. In desperation she summons her old friend, Hercule Poirot – and her instincts are soon proved correct when the \'pretend\' murder victim is discovered playing the scene for real, a rope wrapped tightly around her neck…But it\'s the great detective who first discovers that in murder hunts, whether mock or real, everyone is playing a part…','https://covers.openlibrary.org/b/OLID/OL24954310M-S.jpg','https://covers.openlibrary.org/b/OLID/OL24954310M-M.jpg'),(46927866,378,'n','The Martian Chronicles','This is a collection of science fiction short stories, cleverly cobbled together to form a coherent and very readable novel about a future colonization of Mars. As the stories progress chronologically the author tells how the first humans colonized Mars, initially sharing the planet with a handful of Martians. When Earth is devastated by nuclear war the colony is left to fend for itself and the colonists determine to build a new Earth on Mars.','https://covers.openlibrary.org/b/OLID/OL6247305M-S.jpg','https://covers.openlibrary.org/b/OLID/OL6247305M-M.jpg'),(47079539,256,'Avon Books','Foundation','One of the great masterworks of science fiction, the Foundation novels of Isaac Asimov are unsurpassed for their unique blend of nonstop action, daring ideas, and extensive world-building. \r\n\r\nThe story of our future begins with the history of Foundation and its greatest psychohistorian: Hari Seldon.  For twelve thousand years the Galactic Empire has ruled supreme. Now it is dying.  Only Hari Seldon, creator of the revolutionary science of psychohistory, can see into the future--a dark age of ignorance, barbarism, and warfare that will last thirty thousand years. To preserve knowledge and save mankind, Seldon gathers the best minds in the Empire--both scientists and scholars--and brings the','https://covers.openlibrary.org/b/OLID/OL6095440M-S.jpg','https://covers.openlibrary.org/b/OLID/OL6095440M-M.jpg'),(47678415,191,'Smith & Elder','The dead secret','no description found','https://covers.openlibrary.org/b/OLID/OL47678415M-S.jpg','https://covers.openlibrary.org/b/OLID/OL47678415M-M.jpg');
/*!40000 ALTER TABLE `books` ENABLE KEYS */;
UNLOCK TABLES;

--
-- Table structure for table `borrow`
--

DROP TABLE IF EXISTS `borrow`;
/*!40101 SET @saved_cs_client     = @@character_set_client */;
/*!40101 SET character_set_client = utf8 */;
CREATE TABLE `borrow` (
  `borrow_id` int(11) NOT NULL AUTO_INCREMENT,
  `isbn` int(11) DEFAULT NULL,
  `user_id` int(11) DEFAULT NULL,
  `return_date` date DEFAULT NULL,
  `acquire_date` date NOT NULL,
  `active` bit(1) DEFAULT NULL,
  PRIMARY KEY (`borrow_id`),
  KEY `fk_Borrow_Books` (`isbn`),
  KEY `fk_Borrow_App_user` (`user_id`),
  CONSTRAINT `fk_Borrow_App_user` FOREIGN KEY (`user_id`) REFERENCES `app_user` (`user_id`) ON DELETE CASCADE ON UPDATE CASCADE,
  CONSTRAINT `fk_Borrow_Books` FOREIGN KEY (`isbn`) REFERENCES `books` (`isbn`) ON DELETE CASCADE ON UPDATE CASCADE
) ENGINE=InnoDB AUTO_INCREMENT=116 DEFAULT CHARSET=utf8mb4 COLLATE=utf8mb4_general_ci;
/*!40101 SET character_set_client = @saved_cs_client */;

--
-- Dumping data for table `borrow`
--

LOCK TABLES `borrow` WRITE;
/*!40000 ALTER TABLE `borrow` DISABLE KEYS */;
INSERT INTO `borrow` VALUES (1,23054645,125,'2023-03-03','2023-02-24','\0'),(2,7084148,53,'2023-02-01','2023-01-25','\0'),(3,37824533,148,'2023-03-04','2023-02-25','\0'),(4,7157657,208,'2023-01-24','2023-01-17','\0'),(5,39475933,34,'2023-01-11','2023-01-04','\0'),(6,9597005,121,'2023-03-09','2023-03-02','\0'),(7,33170500,49,'2023-02-16','2023-02-09','\0'),(8,37870239,161,'2023-04-08','2023-04-01','\0'),(9,19285157,15,'2023-01-26','2023-01-19','\0'),(10,13983741,108,'2023-01-16','2023-01-09','\0'),(11,44094098,135,'2023-03-16','2023-03-09','\0'),(12,23282447,165,'2023-02-10','2023-02-03','\0'),(13,7103730,63,'2023-04-10','2023-04-03','\0'),(14,7103730,206,'2023-03-11','2023-03-04','\0'),(15,9597005,73,'2023-04-04','2023-03-28','\0'),(16,24232416,106,'2023-02-16','2023-02-09','\0'),(17,39486892,160,'2023-04-27','2023-04-20','\0'),(18,7038266,180,'2023-04-10','2023-04-03','\0'),(19,33202830,72,'2023-03-11','2023-03-04','\0'),(20,28300165,89,'2023-03-23','2023-03-16','\0'),(21,21704545,151,'2023-02-11','2023-02-04','\0'),(22,40281030,155,'2023-03-26','2023-03-19','\0'),(23,40281030,11,'2023-01-21','2023-01-14','\0'),(24,37826838,165,'2023-04-26','2023-04-19','\0'),(25,25538028,104,'2023-03-18','2023-03-11','\0'),(26,14021636,66,'2023-02-24','2023-02-17','\0'),(27,6598982,44,'2023-03-31','2023-03-24','\0'),(28,28318341,79,'2023-05-01','2023-04-24','\0'),(29,25538028,204,'2023-04-16','2023-04-09','\0'),(30,11418883,39,'2023-04-26','2023-04-19','\0'),(31,24975625,95,'2023-01-28','2023-01-21','\0'),(32,9134511,141,'2023-02-08','2023-02-01','\0'),(33,7353846,34,'2023-01-25','2023-01-18','\0'),(34,26379521,155,'2023-03-30','2023-03-23','\0'),(35,7101555,157,'2023-04-04','2023-03-28','\0'),(36,7241634,139,'2023-04-22','2023-04-15','\0'),(37,32263909,102,'2023-04-27','2023-04-20','\0'),(38,7204936,120,'2023-02-08','2023-02-01','\0'),(39,17148283,46,'2023-02-23','2023-02-16','\0'),(40,28751751,178,'2023-03-31','2023-03-24','\0'),(41,16159111,20,'2023-03-11','2023-03-04','\0'),(42,24245432,14,'2023-01-13','2023-01-06','\0'),(43,39806678,80,'2023-04-30','2023-04-23','\0'),(44,7058219,63,'2023-01-23','2023-01-16','\0'),(45,7138521,74,'2023-04-11','2023-04-04','\0'),(46,16521070,91,'2023-01-18','2023-01-11','\0'),(47,28751751,93,'2023-05-15','2023-05-08','\0'),(48,28345239,155,'2023-02-24','2023-02-17','\0'),(49,34843449,72,'2023-05-11','2023-05-04','\0'),(50,7103730,26,'2023-04-17','2023-04-10','\0'),(51,44094098,179,'2023-03-10','2023-03-03','\0'),(52,39806678,140,'2023-05-12','2023-05-05','\0'),(53,7058219,32,'2023-01-20','2023-01-13','\0'),(54,16159111,176,'2023-03-28','2023-03-21','\0'),(55,24232416,202,'2023-02-05','2023-01-29','\0'),(56,7245993,166,'2023-02-10','2023-02-03','\0'),(57,40281030,173,'2023-01-14','2023-01-07','\0'),(58,23345819,109,'2023-04-10','2023-04-03','\0'),(59,46927866,100,'2023-02-22','2023-02-15','\0'),(60,27009189,88,'2023-01-27','2023-01-20','\0'),(61,26336926,149,'2023-02-28','2023-02-21','\0'),(62,27064170,41,'2023-02-02','2023-01-26','\0'),(63,6412732,54,'2023-01-14','2023-01-07','\0'),(64,7157657,194,'2023-03-24','2023-03-17','\0'),(65,6508514,31,'2023-02-04','2023-01-28','\0'),(66,6628780,166,'2023-03-04','2023-02-25','\0'),(67,24623528,146,'2023-02-01','2023-01-25','\0'),(68,28390491,167,'2023-01-24','2023-01-17','\0'),(69,24232416,112,'2023-03-02','2023-02-23','\0'),(70,37075125,197,'2023-03-10','2023-03-03','\0'),(71,8833344,30,'2023-01-15','2023-01-08','\0'),(72,26669330,74,'2023-04-29','2023-04-22','\0'),(73,24349980,72,'2023-02-25','2023-02-18','\0'),(74,39222415,63,'2023-02-09','2023-02-02','\0'),(75,43177171,186,'2023-02-13','2023-02-06','\0'),(76,26278092,157,'2023-04-09','2023-04-02','\0'),(77,7204936,109,'2023-05-15','2023-05-08','\0'),(78,39826520,26,'2023-01-09','2023-01-02','\0'),(79,16521070,181,'2023-01-21','2023-01-14','\0'),(80,25390256,137,'2023-03-19','2023-03-12','\0'),(115,7038266,14,'2023-05-31','2023-05-31','');
/*!40000 ALTER TABLE `borrow` ENABLE KEYS */;
UNLOCK TABLES;

--
-- Table structure for table `categories`
--

DROP TABLE IF EXISTS `categories`;
/*!40101 SET @saved_cs_client     = @@character_set_client */;
/*!40101 SET character_set_client = utf8 */;
CREATE TABLE `categories` (
  `category_id` int(11) NOT NULL AUTO_INCREMENT,
  `isbn` int(11) DEFAULT NULL,
  `category` varchar(40) NOT NULL,
  PRIMARY KEY (`category_id`),
  UNIQUE KEY `unique_book_category` (`isbn`,`category`),
  CONSTRAINT `fk_Categories_Books` FOREIGN KEY (`isbn`) REFERENCES `books` (`isbn`) ON DELETE CASCADE ON UPDATE CASCADE
) ENGINE=InnoDB AUTO_INCREMENT=471 DEFAULT CHARSET=utf8mb4 COLLATE=utf8mb4_general_ci;
/*!40101 SET character_set_client = @saved_cs_client */;

--
-- Dumping data for table `categories`
--

LOCK TABLES `categories` WRITE;
/*!40000 ALTER TABLE `categories` DISABLE KEYS */;
INSERT INTO `categories` VALUES (413,376045,'action & adventure'),(424,3428556,'action & adventure'),(155,5544648,'action & adventure'),(156,5544648,'drama'),(154,5544648,'fantasy'),(233,5680231,'fantasy'),(232,5680231,'romance'),(421,6176175,'action & adventure'),(349,6412732,'drama'),(350,6412732,'fantasy'),(456,6446293,'history'),(241,6508514,'romance'),(242,6508514,'science fiction'),(119,6598982,'fantasy'),(204,6628780,'drama'),(205,6628780,'mystery'),(203,6628780,'romance'),(261,6654848,'mystery'),(34,6904903,'fantasy'),(33,6904903,'science fiction'),(401,6947922,'action & adventure'),(43,6947922,'science fiction'),(244,6979633,'romance'),(467,6998053,'history'),(18,7003374,'action & adventure'),(17,7003374,'fantasy'),(16,7003374,'science fiction'),(336,7033136,'drama'),(337,7033136,'fantasy'),(449,7033136,'history'),(26,7038266,'fantasy'),(25,7038266,'science fiction'),(192,7051625,'drama'),(191,7051625,'romance'),(291,7053993,'mystery'),(231,7058219,'drama'),(230,7058219,'romance'),(440,7060579,'history'),(127,7069564,'fantasy'),(341,7075358,'drama'),(10,7075358,'science fiction'),(102,7077661,'fantasy'),(461,7079250,'history'),(176,7083362,'drama'),(175,7083362,'romance'),(177,7083362,'science fiction'),(237,7084148,'romance'),(6,7092075,'action & adventure'),(5,7092075,'fantasy'),(4,7092075,'science fiction'),(125,7101555,'drama'),(124,7101555,'fantasy'),(219,7103730,'fantasy'),(218,7103730,'romance'),(118,7108332,'action & adventure'),(117,7108332,'drama'),(116,7108332,'fantasy'),(250,7128457,'mystery'),(268,7133229,'action & adventure'),(267,7133229,'drama'),(266,7133229,'mystery'),(150,7138521,'action & adventure'),(148,7138521,'fantasy'),(149,7138521,'science fiction'),(439,7157657,'history'),(216,7170239,'fantasy'),(215,7170239,'romance'),(86,7170815,'fantasy'),(445,7170815,'history'),(8,7170815,'mystery'),(7,7170815,'science fiction'),(406,7204936,'action & adventure'),(171,7215847,'romance'),(32,7219307,'romance'),(31,7219307,'science fiction'),(229,7225985,'romance'),(283,7233294,'drama'),(284,7233294,'fantasy'),(282,7233294,'mystery'),(274,7241634,'fantasy'),(275,7241634,'history'),(273,7241634,'mystery'),(319,7245993,'drama'),(160,7245993,'fantasy'),(432,7245993,'history'),(320,7245993,'mystery'),(158,7245993,'romance'),(159,7245993,'science fiction'),(141,7251393,'fantasy'),(24,7251393,'science fiction'),(94,7353846,'fantasy'),(457,7353846,'history'),(313,7666467,'mystery'),(429,8339369,'action & adventure'),(407,8580424,'action & adventure'),(280,8833344,'fantasy'),(279,8833344,'history'),(278,8833344,'mystery'),(306,8887466,'mystery'),(311,8887510,'drama'),(310,8887510,'mystery'),(312,8887510,'science fiction'),(53,9118674,'fantasy'),(52,9118674,'science fiction'),(412,9119922,'action & adventure'),(222,9134511,'romance'),(128,9597005,'fantasy'),(272,9631034,'drama'),(271,9631034,'mystery'),(276,11418883,'mystery'),(397,13127428,'action & adventure'),(147,13127428,'fantasy'),(129,13447442,'fantasy'),(130,13447442,'science fiction'),(235,13536893,'action & adventure'),(234,13536893,'romance'),(57,13563752,'science fiction'),(338,13983741,'drama'),(38,14014470,'science fiction'),(253,14021636,'action & adventure'),(357,14021636,'drama'),(358,14021636,'fantasy'),(252,14021636,'mystery'),(174,14048584,'romance'),(287,15015171,'action & adventure'),(200,15015171,'drama'),(286,15015171,'fantasy'),(285,15015171,'mystery'),(199,15015171,'romance'),(143,15350842,'action & adventure'),(142,15350842,'fantasy'),(308,16159111,'drama'),(307,16159111,'mystery'),(73,16521070,'science fiction'),(403,16766351,'action & adventure'),(420,17148283,'action & adventure'),(426,17905319,'action & adventure'),(179,18340958,'drama'),(256,18340958,'fantasy'),(255,18340958,'mystery'),(178,18340958,'romance'),(131,19285157,'fantasy'),(132,19285157,'mystery'),(133,19285157,'romance'),(348,19484675,'drama'),(89,19484675,'fantasy'),(90,19484675,'mystery'),(140,20939094,'action & adventure'),(138,20939094,'fantasy'),(139,20939094,'mystery'),(84,21298716,'drama'),(83,21298716,'fantasy'),(85,21298716,'mystery'),(354,21704545,'drama'),(468,21704545,'history'),(121,22489412,'fantasy'),(122,22489412,'romance'),(301,22499280,'mystery'),(419,22642430,'action & adventure'),(400,22735148,'action & adventure'),(112,22856696,'action & adventure'),(263,22856696,'drama'),(111,22856696,'fantasy'),(262,22856696,'mystery'),(188,22876225,'drama'),(386,22876225,'fantasy'),(187,22876225,'mystery'),(186,22876225,'romance'),(115,22879417,'fantasy'),(398,23054645,'action & adventure'),(411,23076784,'action & adventure'),(304,23281880,'mystery'),(463,23282447,'history'),(210,23301237,'drama'),(209,23301237,'romance'),(114,23330498,'action & adventure'),(113,23330498,'fantasy'),(334,23330725,'action & adventure'),(333,23330725,'drama'),(446,23330725,'history'),(48,23345819,'fantasy'),(47,23345819,'science fiction'),(30,23365952,'action & adventure'),(29,23365952,'science fiction'),(207,23402697,'drama'),(208,23402697,'mystery'),(206,23402697,'romance'),(465,23666023,'history'),(395,24144374,'action & adventure'),(464,24144374,'history'),(378,24172117,'drama'),(137,24196992,'fantasy'),(246,24218747,'drama'),(245,24218747,'romance'),(417,24232416,'action & adventure'),(213,24245432,'mystery'),(212,24245432,'romance'),(22,24245739,'science fiction'),(239,24327300,'mystery'),(238,24327300,'romance'),(105,24328342,'action & adventure'),(106,24328342,'drama'),(104,24328342,'fantasy'),(19,24331810,'science fiction'),(324,24349980,'action & adventure'),(323,24349980,'drama'),(325,24364628,'drama'),(442,24364628,'history'),(326,24364628,'romance'),(251,24573990,'mystery'),(195,24623528,'romance'),(331,24872302,'action & adventure'),(330,24872302,'drama'),(332,24872302,'history'),(369,24953263,'drama'),(459,24975625,'history'),(353,24996307,'drama'),(450,25098005,'history'),(345,25389972,'drama'),(56,25390256,'science fiction'),(409,25440547,'action & adventure'),(108,25476222,'drama'),(107,25476222,'fantasy'),(103,25515443,'fantasy'),(360,25516485,'drama'),(361,25516485,'romance'),(23,25538028,'science fiction'),(363,25667349,'action & adventure'),(362,25667349,'drama'),(134,25882699,'fantasy'),(135,25882699,'science fiction'),(302,25921229,'mystery'),(146,26204550,'action & adventure'),(145,26204550,'fantasy'),(101,26278092,'fantasy'),(415,26336926,'action & adventure'),(202,26379521,'action & adventure'),(293,26379521,'history'),(292,26379521,'mystery'),(201,26379521,'romance'),(404,26425330,'action & adventure'),(71,26425330,'science fiction'),(355,26468884,'drama'),(470,26468884,'history'),(374,26669330,'drama'),(376,26669330,'history'),(375,26669330,'science fiction'),(99,27009189,'fantasy'),(100,27009189,'science fiction'),(405,27064170,'action & adventure'),(303,27119406,'mystery'),(269,27889661,'mystery'),(427,27939293,'action & adventure'),(458,28300165,'history'),(225,28318341,'action & adventure'),(224,28318341,'mystery'),(223,28318341,'romance'),(109,28345239,'fantasy'),(12,28390491,'action & adventure'),(13,28390491,'drama'),(11,28390491,'science fiction'),(430,28597761,'action & adventure'),(220,28751751,'romance'),(221,28751751,'science fiction'),(339,32232086,'drama'),(452,32232086,'history'),(340,32232086,'romance'),(371,32249281,'drama'),(346,32263909,'drama'),(347,32263909,'fantasy'),(399,32775849,'action & adventure'),(295,33041314,'mystery'),(356,33152400,'drama'),(265,33170500,'mystery'),(190,33200594,'drama'),(189,33200594,'romance'),(98,33202830,'action & adventure'),(97,33202830,'fantasy'),(422,33896834,'action & adventure'),(451,34843449,'history'),(444,35268128,'history'),(247,35268128,'mystery'),(248,35268128,'science fiction'),(423,35301162,'action & adventure'),(185,36636484,'drama'),(184,36636484,'fantasy'),(183,36636484,'romance'),(169,36648295,'drama'),(168,36648295,'romance'),(243,37075125,'romance'),(431,37753024,'action & adventure'),(75,37807528,'action & adventure'),(76,37807528,'fantasy'),(74,37807528,'science fiction'),(469,37821367,'history'),(15,37824533,'drama'),(373,37824533,'fantasy'),(14,37824533,'science fiction'),(92,37826838,'action & adventure'),(93,37826838,'drama'),(91,37826838,'fantasy'),(454,37826838,'history'),(95,37870239,'fantasy'),(96,37870239,'mystery'),(62,38582593,'action & adventure'),(61,38582593,'science fiction'),(166,39221187,'action & adventure'),(167,39221187,'fantasy'),(437,39221187,'history'),(165,39221187,'romance'),(322,39222415,'drama'),(163,39222415,'romance'),(164,39222415,'science fiction'),(3,39222545,'action & adventure'),(2,39222545,'fantasy'),(433,39222545,'history'),(78,39222545,'romance'),(1,39222545,'science fiction'),(402,39475933,'action & adventure'),(55,39475933,'fantasy'),(54,39475933,'science fiction'),(408,39479436,'action & adventure'),(305,39485971,'mystery'),(51,39486892,'action & adventure'),(50,39486892,'fantasy'),(49,39486892,'science fiction'),(434,39801859,'history'),(67,39803548,'fantasy'),(66,39803548,'science fiction'),(197,39804749,'fantasy'),(196,39804749,'romance'),(198,39804749,'science fiction'),(448,39806678,'history'),(438,39826520,'history'),(297,40208895,'action & adventure'),(298,40208895,'fantasy'),(296,40208895,'mystery'),(181,40216061,'drama'),(182,40216061,'mystery'),(180,40216061,'romance'),(270,40281030,'mystery'),(316,40281128,'mystery'),(352,40293086,'drama'),(462,40293086,'history'),(410,42344729,'action & adventure'),(425,42346557,'action & adventure'),(414,42347879,'action & adventure'),(416,42989493,'action & adventure'),(87,43177171,'fantasy'),(88,43177171,'romance'),(9,43177171,'science fiction'),(153,43460426,'action & adventure'),(151,43460426,'fantasy'),(152,43460426,'mystery'),(344,44094098,'action & adventure'),(342,44094098,'drama'),(453,44094098,'history'),(343,44094098,'romance'),(277,46524697,'mystery'),(441,46835116,'history'),(227,46913162,'fantasy'),(226,46913162,'romance'),(228,46913162,'science fiction'),(39,46927866,'science fiction'),(72,47079539,'science fiction'),(300,47678415,'drama'),(299,47678415,'mystery');
/*!40000 ALTER TABLE `categories` ENABLE KEYS */;
UNLOCK TABLES;

--
-- Table structure for table `keywords`
--

DROP TABLE IF EXISTS `keywords`;
/*!40101 SET @saved_cs_client     = @@character_set_client */;
/*!40101 SET character_set_client = utf8 */;
CREATE TABLE `keywords` (
  `keyword_id` int(11) NOT NULL AUTO_INCREMENT,
  `isbn` int(11) DEFAULT NULL,
  `keyword` varchar(40) NOT NULL,
  PRIMARY KEY (`keyword_id`),
  UNIQUE KEY `unique_book_keyword` (`isbn`,`keyword`),
  CONSTRAINT `fk_Keywords_Books` FOREIGN KEY (`isbn`) REFERENCES `books` (`isbn`) ON DELETE CASCADE ON UPDATE CASCADE
) ENGINE=InnoDB AUTO_INCREMENT=2772 DEFAULT CHARSET=utf8mb4 COLLATE=utf8mb4_general_ci;
/*!40101 SET character_set_client = @saved_cs_client */;

--
-- Dumping data for table `keywords`
--

LOCK TABLES `keywords` WRITE;
/*!40000 ALTER TABLE `keywords` DISABLE KEYS */;
INSERT INTO `keywords` VALUES (2194,376045,'Fantasy'),(2198,376045,'Fantasy - Epic'),(2199,376045,'Fantasy - Series'),(2192,376045,'Fantasy fiction'),(2193,376045,'Fiction'),(2197,376045,'Fiction - Fantasy'),(2200,376045,'Fiction / Fantasy / Epic'),(2201,376045,'Fiction, fantasy, epic'),(2195,376045,'New York Times bestseller'),(2196,376045,'nyt:trade_fiction_paperback=2011-12-31'),(2307,3428556,'Fantasy'),(2306,3428556,'Fantasy fiction'),(2305,3428556,'Fiction'),(2302,3428556,'New York Times bestseller'),(2303,3428556,'nyt:mass_market_paperback=2011-08-20'),(2311,3428556,'Reading Level-Grade 11'),(2308,3428556,'Reading Level-Grade 7'),(2310,3428556,'Reading Level-Grade 8'),(2309,3428556,'Reading Level-Grade 9'),(2304,3428556,'Seven Kingdoms (Imaginary place)'),(789,5544648,'Alienation'),(794,5544648,'allegories'),(790,5544648,'atheism'),(792,5544648,'bands'),(788,5544648,'Good and evil'),(786,5544648,'humor'),(791,5544648,'magicians'),(793,5544648,'political fiction'),(787,5544648,'Politicians'),(785,5544648,'satire'),(1125,5680231,'Criminals'),(1129,5680231,'Criminals in fiction'),(1123,5680231,'Detective and mystery stories'),(1130,5680231,'Drama'),(1128,5680231,'Fiction'),(1131,5680231,'Fiction in English'),(1126,5680231,'Italian Americans'),(1132,5680231,'Italian Americans in fiction'),(1127,5680231,'Mafia'),(1124,5680231,'Organized crime'),(2278,6176175,'Action & Adventure'),(2276,6176175,'Animals'),(2273,6176175,'chapter books'),(2277,6176175,'Classics'),(2275,6176175,'Humorous Stories'),(2274,6176175,'JUVENILE FICTION'),(2281,6176175,'juvenile works'),(2272,6176175,'readers'),(2280,6176175,'realistic fiction'),(2279,6176175,'transportation'),(1735,6412732,'Devil'),(1733,6412732,'Drama'),(1738,6412732,'English drama'),(1736,6412732,'German drama'),(1732,6412732,'Good and evil'),(1740,6412732,'Illustrations'),(1741,6412732,'Magicians'),(1734,6412732,'Redemption'),(1739,6412732,'Translations from German'),(1737,6412732,'Translations into English'),(2622,6446293,'Classic'),(2629,6446293,'Classic Literature'),(2625,6446293,'Fiction'),(2628,6446293,'Fiction, historical'),(2630,6446293,'Historical Fiction'),(2623,6446293,'History'),(2631,6446293,'Napoleon I, Emperor of the French, 1769-'),(2626,6446293,'Russia'),(2627,6446293,'Russia (federation), fiction'),(2624,6446293,'Russian Empire'),(1165,6508514,'Arranged marriage'),(1169,6508514,'Classic Literature'),(1170,6508514,'Drama'),(1163,6508514,'Fiction'),(1164,6508514,'Forests and forestry'),(1171,6508514,'Historical Fiction'),(1172,6508514,'Romance'),(1167,6508514,'Social classes'),(1168,6508514,'Social life and customs'),(1166,6508514,'Triangles (Interpersonal relations)'),(636,6598982,'Children\'s fiction'),(631,6598982,'Children\'s stories'),(632,6598982,'Classic Literature'),(638,6598982,'Dorothy Gale (Fictitious character)'),(629,6598982,'Fantasy'),(635,6598982,'Fantasy fiction'),(633,6598982,'Fiction'),(630,6598982,'Juvenile literature'),(634,6598982,'Oz (Imaginary place)'),(637,6598982,'Oz (imaginary place), fiction'),(1006,6628780,'Americans'),(1010,6628780,'Fathers and daughters'),(1005,6628780,'Fiction'),(1007,6628780,'Inheritance and succession'),(1009,6628780,'Isabel Archer (Fictitious character)'),(1013,6628780,'Married people'),(1011,6628780,'Married women'),(1014,6628780,'Social life and customs'),(1008,6628780,'Triangles (Interpersonal relations)'),(1012,6628780,'Young women'),(1281,6654848,'Classic Literature'),(1274,6654848,'Detectives'),(1277,6654848,'English Detective and mystery stories'),(1279,6654848,'Fiction'),(1275,6654848,'Lord Wimsey, Peter (Fictitious character'),(1273,6654848,'Mystery'),(1280,6654848,'Police'),(1278,6654848,'Private investigators'),(1282,6654848,'Private investigators, fiction'),(1276,6654848,'Translations into Russian'),(178,6904903,'Adventure and adventurers'),(179,6904903,'Adventure and adventurers in fiction'),(177,6904903,'Cartoons and comics'),(176,6904903,'Explorers'),(175,6904903,'Explorers in fiction'),(171,6904903,'Fiction'),(180,6904903,'French Science fiction'),(173,6904903,'Imaginary Voyages'),(174,6904903,'Imaginary voyages in fiction'),(172,6904903,'Science fiction'),(221,6947922,'Classic Literature'),(222,6947922,'Fiction'),(223,6947922,'Fiction in English'),(230,6947922,'Fiction, science fiction, general'),(224,6947922,'Imperialism'),(225,6947922,'Moon'),(226,6947922,'Science fiction'),(227,6947922,'Space flight to the moon'),(228,6947922,'Translations into Russian'),(229,6947922,'Utopias'),(1183,6979633,'Choirs (Music)'),(1189,6979633,'Church musicians'),(1185,6979633,'Courtship in fiction'),(1187,6979633,'English literature'),(1188,6979633,'Fiction'),(1191,6979633,'Historical Fiction'),(1186,6979633,'Romance'),(1192,6979633,'Sculptors'),(1184,6979633,'Women teachers'),(1190,6979633,'Women teachers in fiction'),(2740,6998053,'Anne Shirley (Fictitious character)'),(2732,6998053,'Country life'),(2735,6998053,'Fiction'),(2734,6998053,'Friendship'),(2739,6998053,'Imagination'),(2733,6998053,'Orphans'),(2741,6998053,'Perception de soi'),(2736,6998053,'Self-perception'),(2737,6998053,'Shirley, Anne (Personnage fictif)'),(2738,6998053,'Vie rurale'),(80,7003374,'Classic Literature'),(77,7003374,'Diseases'),(76,7003374,'Fiction'),(75,7003374,'Fiction in English'),(71,7003374,'Imaginary wars and battles'),(79,7003374,'Invasions'),(72,7003374,'Juvenile fiction'),(78,7003374,'Martians'),(74,7003374,'Science Fiction & Fantasy'),(73,7003374,'Space warfare'),(1652,7033136,'Adventure stories'),(1653,7033136,'Ficción'),(1654,7033136,'Fiction'),(1655,7033136,'Frontier and pioneer life'),(1656,7033136,'Historia'),(1657,7033136,'Historical fiction'),(1658,7033136,'History'),(1659,7033136,'Indians of North America'),(1660,7033136,'Indios de América del Norte'),(1661,7033136,'Juvenile fiction'),(134,7038266,'Animal experimentation'),(137,7038266,'English literature'),(133,7038266,'Fiction'),(138,7038266,'Fiction in English'),(136,7038266,'Fiction, science fiction, general'),(135,7038266,'Horror stories'),(131,7038266,'Islands'),(140,7038266,'Occultism'),(139,7038266,'Science fiction'),(132,7038266,'Survival after airplane accidents, shipw'),(945,7051625,'Fiction'),(952,7051625,'Man-woman relationships'),(951,7051625,'Marriage'),(948,7051625,'Married people'),(949,7051625,'Separated people'),(953,7051625,'Separated women'),(950,7051625,'Social life and customs'),(946,7051625,'Triangles (Interpersonal relations)'),(947,7051625,'Upper class'),(954,7051625,'Upper classes'),(1412,7053993,'Criminals'),(1413,7053993,'Fiction'),(1417,7053993,'Fiction, general'),(1416,7053993,'Fiction, mystery & detective, general'),(1415,7053993,'Mystery'),(1414,7053993,'Private investigators'),(1116,7058219,'adventure'),(1113,7058219,'Ghosts'),(1120,7058219,'haunting'),(1118,7058219,'jealousy'),(1114,7058219,'opera singers'),(1121,7058219,'Phrenology'),(1117,7058219,'rivalry'),(1115,7058219,'romance'),(1119,7058219,'supernatural'),(1122,7058219,'Women singers'),(2470,7060579,'Family life'),(2467,7060579,'Fiction'),(2468,7060579,'Fiction, women'),(2463,7060579,'Jeunes filles'),(2471,7060579,'Literatura Norte Americana'),(2462,7060579,'Romans'),(2465,7060579,'Sisters'),(2464,7060579,'Soeurs'),(2466,7060579,'Young women'),(2469,7060579,'Young women, fiction'),(669,7069564,'Children\'s fiction'),(665,7069564,'Classic Literature'),(672,7069564,'Dorothy Gale (Fictitious character)'),(668,7069564,'Fairy tales'),(666,7069564,'Fantasy'),(670,7069564,'Fantasy fiction'),(667,7069564,'Fiction'),(674,7069564,'Fiction, fantasy, general'),(673,7069564,'Juvenile fiction'),(671,7069564,'Oz (imaginary place), fiction'),(41,7075358,'Count Dracula (Fictitious character)'),(42,7075358,'Dracula, Conde (Personaje literario)'),(43,7075358,'Dracula, Count (Fictitious character)'),(44,7075358,'English language'),(45,7075358,'English literature'),(46,7075358,'Fiction'),(47,7075358,'Horror'),(48,7075358,'Horror stories'),(49,7075358,'Horror tales'),(50,7075358,'Monsters'),(537,7077661,'Children\'s fiction'),(532,7077661,'Children\'s literature, English'),(533,7077661,'Children\'s literature, Russian'),(529,7077661,'Children\'s stories, American'),(536,7077661,'Fantasy'),(530,7077661,'Juvenile fiction'),(534,7077661,'Oz (Imaginary place)'),(538,7077661,'Oz (imaginary place), fiction'),(531,7077661,'Translations into Russian'),(535,7077661,'Wizards'),(2675,7079250,'Church and State'),(2680,7079250,'Dialects'),(2676,7079250,'History'),(2672,7079250,'Iconography'),(2674,7079250,'Italian language'),(2673,7079250,'Italian literature'),(2678,7079250,'Literature'),(2677,7079250,'Politics and Government'),(2681,7079250,'Rime'),(2679,7079250,'Translations from Italian'),(888,7083362,'Advertising'),(893,7083362,'American Manuscripts'),(891,7083362,'Children of the rich'),(890,7083362,'College students'),(892,7083362,'Facsimiles'),(885,7083362,'Fiction'),(894,7083362,'Manuscripts'),(889,7083362,'Veterans'),(887,7083362,'World War, 1914-1918'),(886,7083362,'Young men'),(1144,7084148,'Barsetshire (England : Imaginary place)'),(1152,7084148,'Barsetshire (england : imaginary place),'),(1151,7084148,'British and irish fiction (fictional wor'),(1150,7084148,'Classic Literature'),(1145,7084148,'Clergy'),(1146,7084148,'Clergy in fiction'),(1147,7084148,'England in fiction'),(1143,7084148,'Fiction'),(1149,7084148,'Romance'),(1148,7084148,'Social life and customs'),(20,7092075,'British fiction (fictional works by one '),(13,7092075,'Fiction'),(17,7092075,'Fiction, horror'),(11,7092075,'Frankenstein (Fictitious character)'),(18,7092075,'Frankenstein (fictitious character), fic'),(12,7092075,'Frankenstein\'s monster (Fictitious chara'),(16,7092075,'Monsters'),(19,7092075,'Physicians, fiction'),(15,7092075,'Scientists'),(14,7092075,'Victor Frankenstein (Fictitious characte'),(661,7101555,'Children\'s fiction'),(657,7101555,'Children\'s stories'),(659,7101555,'Classic Literature'),(663,7101555,'Fantasy'),(662,7101555,'Fantasy fiction'),(660,7101555,'Fiction'),(664,7101555,'Fiction, historical, general'),(658,7101555,'Juvenile fiction'),(1062,7103730,'Experience'),(1055,7103730,'Fiction'),(1056,7103730,'Librettos'),(1057,7103730,'Masques with music'),(1058,7103730,'Poetry'),(1059,7103730,'Romance'),(1060,7103730,'Scores'),(1061,7103730,'Values'),(625,7108332,'American Fantasy fiction'),(628,7108332,'Children\'s fiction'),(627,7108332,'Children: Grades 4-6'),(626,7108332,'Classic Literature'),(619,7108332,'Fairy tales'),(624,7108332,'Fantasy'),(620,7108332,'Fantasy fiction'),(622,7108332,'Fiction'),(621,7108332,'Juvenile fiction'),(623,7108332,'Oz (Imaginary place)'),(1218,7128457,'Classic Literature'),(1214,7128457,'Detective and mystery fiction'),(1219,7128457,'English Detective and mystery stories'),(1215,7128457,'Fiction'),(1217,7128457,'Historical fiction'),(1220,7128457,'Mystery'),(1216,7128457,'Mystery fiction'),(1221,7128457,'Private investigators'),(1222,7128457,'Romans'),(1213,7128457,'short stories'),(1309,7133229,'Adventure stories'),(1305,7133229,'Clergy'),(1311,7133229,'Clergy, fiction'),(1303,7133229,'Fiction'),(1310,7133229,'Fiction, general'),(1308,7133229,'Mystery'),(1304,7133229,'Scots'),(1312,7133229,'South africa, fiction'),(1307,7133229,'Viction'),(1306,7133229,'Zulu (African people)'),(765,7138521,'Animals'),(774,7138521,'Animals, fiction'),(773,7138521,'Children\'s fiction'),(767,7138521,'Children\'s stories'),(766,7138521,'Classic Literature'),(770,7138521,'Fantasy'),(771,7138521,'Fantasy fiction'),(768,7138521,'Fiction'),(769,7138521,'Juvenile fiction'),(772,7138521,'Juvenile works'),(2456,7157657,'Cartoons and comics'),(2458,7157657,'Christmas stories'),(2454,7157657,'Ebenzer Scrooge (Fictitious character)'),(2459,7157657,'French language books'),(2452,7157657,'Ghost stories'),(2461,7157657,'Navidad'),(2455,7157657,'open_syllabus_project'),(2460,7157657,'Poor families'),(2457,7157657,'Promptbooks'),(2453,7157657,'Readers'),(1053,7170239,'Classic Literature'),(1050,7170239,'Country life'),(1054,7170239,'Drama'),(1049,7170239,'Female friendship'),(1045,7170239,'Fiction'),(1046,7170239,'Older women'),(1048,7170239,'Sisters'),(1052,7170239,'Social life and customs'),(1047,7170239,'Villages'),(1051,7170239,'Women'),(28,7170815,'Children\'s stories, Russian'),(24,7170815,'Fiction'),(30,7170815,'Imaginary voyages in fiction'),(26,7170815,'Juvenile literature'),(23,7170815,'Spanish language materials'),(29,7170815,'Specimens'),(22,7170815,'Toy and movable books'),(21,7170815,'Witches'),(25,7170815,'Wizards'),(27,7170815,'Wizards in fiction'),(2123,7204936,'Adventure and adventurers'),(2130,7204936,'Adventure stories'),(2131,7204936,'Conduct of life'),(2122,7204936,'Fiction'),(2129,7204936,'Fiction in English'),(2127,7204936,'Islands'),(2125,7204936,'Juvenile fiction'),(2124,7204936,'Shipwrecks'),(2126,7204936,'Survival'),(2128,7204936,'Survival after airplane accidents, shipw'),(855,7215847,'Accident victims'),(856,7215847,'American fiction (fictional works by one'),(857,7215847,'American literature'),(858,7215847,'Children\'s fiction'),(859,7215847,'Classic Literature'),(860,7215847,'domestic fiction'),(861,7215847,'English fiction'),(862,7215847,'Family life'),(863,7215847,'Farm life'),(864,7215847,'Fiction'),(168,7219307,'British and irish fiction (fictional wor'),(167,7219307,'Classic Literature'),(161,7219307,'Fiction'),(169,7219307,'Fiction, fantasy, general'),(170,7219307,'Fiction, science fiction, general'),(166,7219307,'Literature'),(165,7219307,'Science fiction'),(163,7219307,'Technological innovations'),(164,7219307,'Time travel'),(162,7219307,'Twenty-first century'),(1104,7225985,'Americans'),(1106,7225985,'Americans in fiction'),(1109,7225985,'Drama'),(1108,7225985,'Europe in fiction'),(1103,7225985,'Fiction'),(1110,7225985,'Social life and customs'),(1111,7225985,'United States in fiction'),(1112,7225985,'Women travelers'),(1105,7225985,'Young women'),(1107,7225985,'Young women in fiction'),(1382,7233294,'Classic Literature'),(1383,7233294,'Fiction'),(1391,7233294,'Fiction, mystery & detective, women sleu'),(1387,7233294,'Investigation'),(1386,7233294,'Married women'),(1390,7233294,'Murder'),(1384,7233294,'Mystery'),(1388,7233294,'Social conditions'),(1389,7233294,'Women'),(1385,7233294,'Women detectives'),(1341,7241634,'Crime, fiction'),(1337,7241634,'Fiction'),(1340,7241634,'Fiction, mystery & detective, general'),(1338,7241634,'Mystery'),(1339,7241634,'Suspense'),(805,7245993,'British and irish fiction (fictional wor'),(806,7245993,'Brothers and sisters'),(807,7245993,'Children\'s fiction'),(808,7245993,'Courtship'),(809,7245993,'Drama'),(810,7245993,'English fiction'),(811,7245993,'English literature'),(812,7245993,'Families'),(813,7245993,'Family'),(814,7245993,'Family life'),(122,7251393,'Anarchists'),(124,7251393,'Bombings'),(130,7251393,'Classic Literature'),(123,7251393,'Conspiracies'),(126,7251393,'Drama'),(129,7251393,'Dutch'),(121,7251393,'Fiction'),(127,7251393,'Fiction in English'),(125,7251393,'Royal Greenwich Observatory'),(128,7251393,'Trading companies'),(482,7353846,'Brothers and sisters'),(488,7353846,'England'),(480,7353846,'Fairies'),(486,7353846,'Fairy tales'),(485,7353846,'Fantasy'),(479,7353846,'Fiction'),(483,7353846,'History'),(484,7353846,'Juvenile fiction'),(487,7353846,'Stories'),(481,7353846,'Wishes'),(1535,7666467,'Detective and mystery stories'),(1539,7666467,'England, fiction'),(1541,7666467,'English literature'),(1532,7666467,'Fiction'),(1540,7666467,'Fiction, mystery & detective, general'),(1533,7666467,'Jane Marple (Fictitious character)'),(1537,7666467,'Large type books'),(1538,7666467,'Marple, jane (fictitious character), fic'),(1536,7666467,'Mystery'),(1534,7666467,'Women detectives'),(2358,8339369,'Action & Adventure'),(2359,8339369,'Action & Adventure - General'),(2357,8339369,'Caricatures and cartoons'),(2356,8339369,'Cartoons and comics'),(2361,8339369,'Children\'s 9-12 - Humor / Jokes'),(2355,8339369,'Children\'s fiction'),(2353,8339369,'Comic books, strips, etc.'),(2354,8339369,'France, history, fiction'),(2360,8339369,'Historical - General'),(2352,8339369,'series:asterix'),(2139,8580424,'award:man_booker_prize=2002'),(2134,8580424,'Fiction'),(2135,8580424,'Literature'),(2140,8580424,'Man Booker Prize Winner'),(2141,8580424,'Open Library Staff Picks'),(2132,8580424,'Teenage boys'),(2138,8580424,'Tiger'),(2136,8580424,'Tigers'),(2137,8580424,'Translations into Korean'),(2133,8580424,'Zoo animals'),(1362,8833344,'Agatha Christie'),(1366,8833344,'Detective'),(1371,8833344,'Fiction'),(1365,8833344,'Hercule Poirot'),(1370,8833344,'Humour'),(1369,8833344,'Juvenile'),(1367,8833344,'Murder'),(1368,8833344,'Mystery'),(1364,8833344,'P.I.'),(1363,8833344,'Private investigator'),(1506,8887466,'Belgians'),(1502,8887466,'Fiction'),(1507,8887466,'Fiction in English'),(1510,8887466,'Fiction, romance, general'),(1511,8887466,'Fiction, romance, historical'),(1504,8887466,'Hercule Poirot (Fictitious character)'),(1508,8887466,'Large type books'),(1503,8887466,'Mystery'),(1509,8887466,'Mystery and detective stories'),(1505,8887466,'Private investigators'),(1524,8887510,'Agatha Christie'),(1528,8887510,'Amateur'),(1527,8887510,'British'),(1530,8887510,'Classic'),(1529,8887510,'Detective'),(1522,8887510,'Fiction'),(1531,8887510,'Literature'),(1525,8887510,'Miss Marple'),(1523,8887510,'Mystery'),(1526,8887510,'Series'),(279,9118674,'Blind'),(280,9118674,'Braille language materials'),(272,9118674,'Control (Psychology)'),(278,9118674,'Dystopias'),(277,9118674,'Ethics'),(274,9118674,'Fiction'),(273,9118674,'Juvenile fiction'),(276,9118674,'Memory'),(275,9118674,'Science fiction'),(271,9118674,'Social control'),(2189,9119922,'Brothers and sisters'),(2190,9119922,'Curricula'),(2182,9119922,'Fiction'),(2183,9119922,'Indians of North America'),(2184,9119922,'Islands'),(2185,9119922,'Juvenile fiction'),(2186,9119922,'Newbery Medal'),(2187,9119922,'Survival'),(2188,9119922,'Survival skills'),(2191,9119922,'Survival Stories'),(1082,9134511,'Courtship'),(1075,9134511,'Family life'),(1078,9134511,'Ficció histórica'),(1073,9134511,'Fiction'),(1076,9134511,'Historias de amor'),(1079,9134511,'Historical fiction'),(1077,9134511,'Love stories'),(1081,9134511,'Novela'),(1080,9134511,'Novels'),(1074,9134511,'Vida familiar'),(682,9597005,'Children\'s fiction'),(680,9597005,'Children\'s stories'),(679,9597005,'Fantasy'),(681,9597005,'Fantasy fiction'),(677,9597005,'Fiction'),(684,9597005,'Fiction, historical, general'),(675,9597005,'Giants'),(676,9597005,'Juvenile fiction'),(678,9597005,'Oz (Imaginary place)'),(683,9597005,'Oz (imaginary place), fiction'),(1335,9631034,'Fiction'),(1336,9631034,'Fiction, mystery & detective, general'),(1333,9631034,'Mystery'),(1334,9631034,'Suspense'),(1342,11418883,'Classic Literature'),(1343,11418883,'Fiction'),(1346,11418883,'Fiction, mystery & detective, general'),(1347,11418883,'Fiction, thrillers, general'),(1348,11418883,'Large type books'),(1349,11418883,'Mystery'),(1344,11418883,'mystery and suspense'),(1350,11418883,'suspense'),(1345,11418883,'Yachting'),(758,13127428,'Fantasy'),(755,13127428,'Fantasy fiction'),(757,13127428,'Fiction'),(760,13127428,'Juvenile fiction'),(762,13127428,'Magic'),(759,13127428,'Nestlé Smarties Book Prize winner'),(756,13127428,'school stories'),(763,13127428,'Schools'),(764,13127428,'Spanish language materials'),(761,13127428,'Wizards'),(690,13447442,'Children\'s fiction'),(688,13447442,'Dorothy Gale (Fictitious character)'),(685,13447442,'Fantasy'),(691,13447442,'Fantasy fiction'),(689,13447442,'Fiction'),(686,13447442,'Juvenile fiction'),(693,13447442,'Oz (Imaginary place)'),(692,13447442,'Oz (imaginary place), fiction'),(694,13447442,'Princesses'),(687,13447442,'Wizard of Oz (Fictitious character)'),(1140,13536893,'Ambassadors (James, Henry)'),(1142,13536893,'American fiction (fictional works by one'),(1136,13536893,'Americans'),(1139,13536893,'Classic Literature'),(1134,13536893,'Fiction'),(1137,13536893,'Historical Fiction'),(1141,13536893,'James, henry, 1843-1916'),(1133,13536893,'Man-woman relationships'),(1135,13536893,'Romance'),(1138,13536893,'Young men'),(304,13563752,'Classic Literature'),(302,13563752,'Fiction'),(308,13563752,'Fiction, general'),(306,13563752,'Nonfiction'),(307,13563752,'Philosophy'),(305,13563752,'Political science'),(303,13563752,'Science Fiction'),(301,13563752,'Utopias'),(1666,13983741,'Classics'),(1670,13983741,'English drama'),(1662,13983741,'English literature: Shakespeare criticis'),(1663,13983741,'English literature: Shakespeare texts'),(1667,13983741,'For National Curriculum Key Stage 3'),(1665,13983741,'Literary Criticism'),(1669,13983741,'performing arts'),(1668,13983741,'play'),(1664,13983741,'Plays / Drama'),(1671,13983741,'tragicomedy'),(200,14014470,'British and irish fiction (fictional wor'),(191,14014470,'Classic Literature'),(192,14014470,'Collisions with Earth'),(193,14014470,'Comets'),(194,14014470,'Fiction'),(195,14014470,'Fiction in English'),(199,14014470,'Fiction, political'),(198,14014470,'Fiction, science fiction, general'),(196,14014470,'Science fiction'),(197,14014470,'Utopias'),(1241,14021636,'Alegorías'),(1233,14021636,'Anarchists'),(1242,14021636,'Anarquistas'),(1240,14021636,'Classic Literature'),(1239,14021636,'Ficción'),(1237,14021636,'Fiction'),(1236,14021636,'Libros en letra grande'),(1234,14021636,'Novela de misterio'),(1238,14021636,'Novela fantástica'),(1235,14021636,'Police'),(876,14048584,'Classic Literature'),(879,14048584,'Fiction'),(882,14048584,'Interpersonal relations'),(877,14048584,'Male friendship'),(878,14048584,'Open Library Staff Picks'),(883,14048584,'open_syllabus_project'),(875,14048584,'Romance'),(884,14048584,'Sisters'),(880,14048584,'Social classes'),(881,14048584,'Social conditions'),(988,15015171,'Belgians'),(992,15015171,'Captain Hastings (Fictitious character)'),(987,15015171,'Chief Inspector Japp (Fictitious charact'),(990,15015171,'Detective and mystery stories'),(989,15015171,'English Detective and mystery stories'),(993,15015171,'English Short stories'),(991,15015171,'Fiction'),(985,15015171,'Hercule Poirot (Fictitious character)'),(994,15015171,'Historical Fiction'),(986,15015171,'Private investigators'),(738,15350842,'Dwarves'),(737,15350842,'Elves'),(739,15350842,'evil'),(746,15350842,'Fantastic fiction'),(740,15350842,'fear'),(744,15350842,'Ficción'),(745,15350842,'Ficción fantástica inglesa'),(741,15350842,'friends'),(742,15350842,'hope'),(743,15350842,'young adult fiction'),(1517,16159111,'Agatha Christie'),(1520,16159111,'British'),(1515,16159111,'Detective and mystery stories'),(1521,16159111,'Female'),(1512,16159111,'Fiction'),(1516,16159111,'Jane Marple (Fictitious character)'),(1518,16159111,'Miss Marple'),(1513,16159111,'Mystery'),(1519,16159111,'Series'),(1514,16159111,'Women detectives'),(385,16521070,'asteroids'),(381,16521070,'computers'),(382,16521070,'Frankenstein complex'),(384,16521070,'heisenbugs'),(383,16521070,'hyperspace'),(386,16521070,'Shahada'),(379,16521070,'smear campaigns'),(387,16521070,'space stations'),(388,16521070,'space-based solar power'),(380,16521070,'supercomputers'),(2092,16766351,'Caldecott Medal'),(2093,16766351,'Dreams'),(2094,16766351,'Fantasy'),(2095,16766351,'Fantasy fiction'),(2096,16766351,'Fiction'),(2097,16766351,'Imagination'),(2098,16766351,'Juvenile fiction'),(2099,16766351,'Miniature books'),(2100,16766351,'Monsters'),(2101,16766351,'Specimens'),(2266,17148283,'adventure'),(2271,17148283,'American Fantasy fiction'),(2268,17148283,'Boredom'),(2265,17148283,'children\'s literature'),(2267,17148283,'Creativity and Imagination'),(2270,17148283,'Discovery and Learning'),(2262,17148283,'letters'),(2269,17148283,'Magic and Supernatural'),(2263,17148283,'numbers'),(2264,17148283,'orchestras'),(2328,17905319,'Action & Adventure'),(2324,17905319,'Belacqua, lyra (fictitious character), f'),(2322,17905319,'Children\'s fiction'),(2330,17905319,'Fantasy & Magic'),(2323,17905319,'Fantasy fiction'),(2331,17905319,'Fiction'),(2329,17905319,'Juvenile fiction'),(2326,17905319,'Kidnapping'),(2325,17905319,'Non-classifiable'),(2327,17905319,'Self-Esteem & Self-Reliance'),(897,18340958,'Degeneration'),(899,18340958,'Description and travel'),(900,18340958,'Diaries'),(903,18340958,'English literature'),(895,18340958,'Fiction'),(898,18340958,'Literature'),(896,18340958,'Romance'),(901,18340958,'Sailors'),(902,18340958,'Short stories'),(904,18340958,'Suffering'),(696,19285157,'Children\'s fiction'),(695,19285157,'Fantasy'),(697,19285157,'Fantasy fiction'),(468,19484675,'Bibliography'),(466,19484675,'Children\'s plays, English'),(460,19484675,'Courtship'),(459,19484675,'Drama'),(463,19484675,'Hippolyta (Greek mythology)'),(465,19484675,'Juvenile drama'),(462,19484675,'Plays'),(467,19484675,'Stage history'),(464,19484675,'Theseus (Greek mythology)'),(461,19484675,'Translations into German'),(726,20939094,'Children\'s fiction'),(719,20939094,'Children\'s stories'),(720,20939094,'Classic Literature'),(721,20939094,'Dorothy Gale (Fictitious character)'),(718,20939094,'Fantasy'),(717,20939094,'Fiction'),(724,20939094,'Fiction, mystery & detective, general'),(725,20939094,'Fiction, thrillers, suspense'),(722,20939094,'Juvenile fiction'),(723,20939094,'Oz (imaginary place), fiction'),(435,21298716,'Alice (Fictitious character : Carroll)'),(432,21298716,'Children\'s poetry, English'),(438,21298716,'Children\'s stories'),(437,21298716,'English Fantasy poetry'),(431,21298716,'English Nonsense verses'),(434,21298716,'English poetry'),(429,21298716,'Fantasy'),(430,21298716,'Fiction'),(433,21298716,'Nonsense verses'),(436,21298716,'Toy and movable books'),(1772,21704545,'Brothers and sisters'),(1773,21704545,'Children\'s stories'),(1774,21704545,'Classic Literature'),(1775,21704545,'Country life'),(1776,21704545,'Family'),(1777,21704545,'Family life'),(1778,21704545,'Fiction'),(1779,21704545,'Fiction in English'),(1780,21704545,'History'),(1781,21704545,'Juvenile Literature'),(649,22489412,'Brothers and sisters'),(654,22489412,'Brothers and sisters in fiction'),(647,22489412,'English Fantasy fiction'),(653,22489412,'Fiction'),(651,22489412,'Great Britain in fiction'),(650,22489412,'Juvenile fiction'),(648,22489412,'Magic'),(652,22489412,'Magic in fiction'),(656,22489412,'Mythical Animals'),(655,22489412,'Phoenix (Mythical bird)'),(1458,22499280,'#13'),(1455,22499280,'Agatha Christie'),(1460,22499280,'British'),(1459,22499280,'Classic'),(1453,22499280,'Fiction'),(1462,22499280,'Fiction in English'),(1456,22499280,'Hercule Poirot (Fictitious character)'),(1461,22499280,'Literature'),(1454,22499280,'Mystery'),(1457,22499280,'Series'),(2252,22642430,'Ficción juvenil'),(2253,22642430,'Fiction'),(2261,22642430,'General'),(2254,22642430,'Juvenile fiction'),(2255,22642430,'Mice'),(2259,22642430,'Newbery medal book'),(2256,22642430,'Ratas'),(2257,22642430,'Ratones'),(2258,22642430,'Rats'),(2260,22642430,'Spanish language materials'),(2065,22735148,'Adventure stories'),(2066,22735148,'Children and adults'),(2070,22735148,'Experiments'),(2069,22735148,'Fantasy'),(2068,22735148,'Juvenile fiction'),(2064,22735148,'Kidnapping'),(2067,22735148,'Open Library Staff Picks'),(2063,22735148,'Polar bears'),(2062,22735148,'Political theology'),(2071,22735148,'Witches'),(593,22856696,'Challenges and Overcoming Obstacles'),(595,22856696,'Cleverness'),(589,22856696,'Ghosts'),(594,22856696,'Magic and Supernatural'),(590,22856696,'Monsters'),(596,22856696,'School Life'),(597,22856696,'school stories'),(591,22856696,'Vampires'),(592,22856696,'Witches'),(598,22856696,'Wizards'),(926,22876225,'Adultery'),(933,22876225,'Classic Literature'),(925,22876225,'Fiction'),(934,22876225,'Literature'),(927,22876225,'Married women'),(931,22876225,'Russian literature'),(929,22876225,'Social conditions'),(928,22876225,'Social life and customs'),(932,22876225,'Upper class'),(930,22876225,'Upper class women'),(616,22879417,'Brothers and sisters'),(615,22879417,'England'),(610,22879417,'Fantasy'),(609,22879417,'Fiction'),(613,22879417,'Friendship'),(614,22879417,'History'),(618,22879417,'Juvenile fiction'),(611,22879417,'Magic'),(612,22879417,'Rings'),(617,22879417,'Wishes'),(2047,23054645,'Bewährung'),(2043,23054645,'foster homes'),(2045,23054645,'Intrige'),(2049,23054645,'Junge'),(2042,23054645,'orphans'),(2051,23054645,'Rettung'),(2050,23054645,'Sport'),(2044,23054645,'Waisenkind'),(2048,23054645,'Wettkampf'),(2046,23054645,'Wiederbelebung'),(2181,23076784,'Action & Adventure'),(2177,23076784,'Comic books, strips'),(2180,23076784,'Comics & Graphic Novels'),(2175,23076784,'Fiction'),(2174,23076784,'Graphic novels'),(2179,23076784,'Graphic Novels - Manga'),(2172,23076784,'High school teachers'),(2176,23076784,'High schools'),(2173,23076784,'Man-woman relationships'),(2178,23076784,'Manga'),(1487,23281880,'British and irish fiction (fictional wor'),(1482,23281880,'Classic Literature'),(1490,23281880,'England, fiction'),(1483,23281880,'Fiction'),(1488,23281880,'Fiction, christian, general'),(1491,23281880,'Fiction, classics'),(1486,23281880,'Fiction, thrillers, general'),(1489,23281880,'Man-woman relationships, fiction'),(1484,23281880,'Mystery'),(1485,23281880,'Priesthood'),(2692,23282447,'Antiquities'),(2693,23282447,'Bibliography'),(2694,23282447,'Biography'),(2695,23282447,'Campaigns'),(2696,23282447,'Crossing of the Alps, 218 B.C.'),(2697,23282447,'Early works to 1800'),(2698,23282447,'Histoire'),(2699,23282447,'Historiography'),(2700,23282447,'History'),(2701,23282447,'Latin language'),(1033,23301237,'Aristocracy (Social class)'),(1025,23301237,'Classic Literature'),(1026,23301237,'Concordances'),(1027,23301237,'Fiction'),(1028,23301237,'Illustrations'),(1029,23301237,'Japanese fiction'),(1030,23301237,'Literature'),(1034,23301237,'Manners and customs'),(1032,23301237,'Princes'),(1031,23301237,'Social life and customs'),(605,23330498,'Children\'s fiction'),(604,23330498,'Classic Literature'),(599,23330498,'Fairy tales'),(603,23330498,'Fantasy'),(606,23330498,'Fantasy fiction'),(601,23330498,'Fiction'),(608,23330498,'Fiction, fantasy, general'),(600,23330498,'Juvenile Fiction'),(602,23330498,'Oz (Imaginary place)'),(607,23330498,'Oz (imaginary place), fiction'),(1632,23330725,'Bibliography'),(1633,23330725,'British and irish drama (dramatic works '),(1635,23330725,'Classical Literature'),(1637,23330725,'Conflict of generations'),(1636,23330725,'Conflicto entre generaciones'),(1638,23330725,'courtship'),(1639,23330725,'Criticism and interpretation'),(1640,23330725,'Drama'),(1641,23330725,'Drama inglés'),(1634,23330725,'English Children\'s plays'),(258,23345819,'Canadian fiction'),(251,23345819,'Canadian fiction (English), CIHM'),(259,23345819,'Canadian literature'),(256,23345819,'Fantasy'),(255,23345819,'FICTION'),(253,23345819,'Fiction, mystery & detective, general'),(260,23345819,'Fiction, science fiction, general'),(257,23345819,'General'),(254,23345819,'History'),(252,23345819,'Roman canadien-anglais, ICMH'),(159,23365952,'British and irish fiction (fictional wor'),(152,23365952,'Classic Literature'),(155,23365952,'English fiction'),(157,23365952,'Fantastic fiction'),(151,23365952,'Fiction'),(160,23365952,'Fiction, political'),(158,23365952,'London (england), fiction'),(156,23365952,'Political fiction'),(154,23365952,'Politics and government'),(153,23365952,'Science Fiction'),(1022,23402697,'Classic Literature'),(1021,23402697,'English Sea stories'),(1015,23402697,'Fiction'),(1024,23402697,'FICTION / Classics'),(1020,23402697,'Latin America in fiction'),(1023,23402697,'Manners and customs'),(1016,23402697,'Revolutions'),(1017,23402697,'Revolutions in fiction'),(1018,23402697,'Sailors'),(1019,23402697,'Sailors in fiction'),(2712,23666023,'Anglican Communion'),(2713,23666023,'Bible'),(2714,23666023,'Book of Common Prayer'),(2715,23666023,'Books of hours'),(2716,23666023,'Catechisms'),(2717,23666023,'Chipewyan language'),(2718,23666023,'Church history'),(2719,23666023,'Church of England'),(2720,23666023,'Church of England Book of Common Prayer'),(2721,23666023,'Church of Ireland'),(2021,24144374,'Castaways in fiction'),(2019,24144374,'Fiction'),(2014,24144374,'Fiction in Spanish'),(2013,24144374,'Imaginary Voyages'),(2018,24144374,'Language arts (Secondary)'),(2016,24144374,'Pirates in fiction'),(2017,24144374,'Publishers\' binding'),(2012,24144374,'Robinson Cusoe'),(2020,24144374,'Solitude in fiction'),(2015,24144374,'Toy and movable books'),(1912,24172117,'Antonius, Marcus,'),(1913,24172117,'Antonius, Marcus, 83?-30 B.C.'),(1914,24172117,'Bibliography'),(1915,24172117,'Drama'),(1916,24172117,'Dramatic production'),(1917,24172117,'English Young adult drama'),(1918,24172117,'Fiction'),(1919,24172117,'Film adaptations'),(1920,24172117,'Film and video adaptations'),(1921,24172117,'Folios. 1623'),(714,24196992,'Children\'s fiction'),(708,24196992,'Classic Literature'),(709,24196992,'Fantasy'),(710,24196992,'Fantasy fiction'),(711,24196992,'Fiction'),(712,24196992,'Juvenile Fiction'),(713,24196992,'Oz (Imaginary place)'),(715,24196992,'Oz (imaginary place), fiction'),(1196,24218747,'Detective and mystery stories'),(1193,24218747,'Fiction'),(1200,24218747,'Fiction, mystery & detective, general'),(1194,24218747,'Hercule Poirot (Fictitious character)'),(1197,24218747,'Historical Fiction'),(1198,24218747,'Mystery'),(1201,24218747,'Poirot, hercule (fictitious character), '),(1195,24218747,'Private investigators'),(1202,24218747,'Private investigators, fiction'),(1199,24218747,'Romance'),(2240,24232416,'Fairies'),(2241,24232416,'Fathers and sons'),(2238,24232416,'Juvenile fiction'),(2235,24232416,'Kidnapping'),(2237,24232416,'Magia'),(2236,24232416,'Magic'),(2234,24232416,'Mothers and sons'),(2239,24232416,'Padre e hijos'),(2232,24232416,'science fiction'),(2233,24232416,'Secuestro'),(1044,24245432,'Classic Literature'),(1039,24245432,'Farm life'),(1038,24245432,'Farm life in fiction'),(1035,24245432,'Fiction'),(1043,24245432,'Fiction in English'),(1041,24245432,'Social life and customs'),(1040,24245432,'Triangles (Interpersonal relations)'),(1042,24245432,'Wessex (England in fiction'),(1036,24245432,'Women farmers'),(1037,24245432,'Women farmers in fiction'),(110,24245739,'Children\'s stories, French'),(103,24245739,'Fiction'),(102,24245739,'Fiction in English'),(106,24245739,'French language'),(104,24245739,'Specimens'),(107,24245739,'Submarine boats'),(109,24245739,'Submarines'),(101,24245739,'Toy and movable books'),(108,24245739,'Translations from French'),(105,24245739,'Underwater exploration'),(1162,24327300,'Adventure'),(1158,24327300,'Catholicism'),(1153,24327300,'Christian'),(1159,24327300,'Crusades'),(1161,24327300,'Historical'),(1156,24327300,'History'),(1155,24327300,'Protestant'),(1157,24327300,'Reformation'),(1154,24327300,'Sir Walter Scott'),(1160,24327300,'Third, 1189-1192'),(549,24328342,'adventure'),(553,24328342,'childhood'),(557,24328342,'Children\'s fiction'),(550,24328342,'fantasy'),(551,24328342,'friendship'),(558,24328342,'Friendship, fiction'),(556,24328342,'Italian language'),(555,24328342,'loneliness'),(554,24328342,'loss'),(552,24328342,'love'),(88,24331810,'Classic Literature'),(85,24331810,'Dystopias in fiction'),(83,24331810,'Fiction'),(82,24331810,'Fiction in English'),(86,24331810,'Literature'),(89,24331810,'Open Library Staff Picks'),(87,24331810,'Scientists'),(90,24331810,'Scientists in fiction'),(81,24331810,'Self-experimentation in medicine in fict'),(84,24331810,'Time travel in fiction'),(1600,24349980,'Familia'),(1596,24349980,'Muerte'),(1593,24349980,'nonfiction classics'),(1599,24349980,'Padres'),(1592,24349980,'performing arts'),(1598,24349980,'Príncipes'),(1594,24349980,'Shakespeare plays, texts'),(1601,24349980,'Sucesión'),(1595,24349980,'Teatro'),(1597,24349980,'Tragedias'),(1602,24364628,'Authors'),(1603,24364628,'Benefactors'),(1604,24364628,'Bildungsromans'),(1605,24364628,'Boys'),(1606,24364628,'British and irish fiction (fictional wor'),(1607,24364628,'Child and youth fiction'),(1608,24364628,'Children\'s fiction'),(1609,24364628,'Classic Literature'),(1610,24364628,'Coming of age'),(1611,24364628,'Conduct of life'),(1223,24573990,'Accessible book'),(1229,24573990,'British and irish fiction (fictional wor'),(1227,24573990,'Choral conductors'),(1232,24573990,'Choral conductors in fiction'),(1231,24573990,'England in fiction'),(1230,24573990,'England, fiction'),(1226,24573990,'Fiction'),(1224,24573990,'Missing persons'),(1228,24573990,'Separation (Psychology)'),(1225,24573990,'Triangles (Interpersonal relations)'),(973,24623528,'Ambition'),(972,24623528,'Church and state'),(974,24623528,'Criticism and interpretation'),(965,24623528,'Fiction'),(970,24623528,'French language'),(967,24623528,'Social life and customs'),(971,24623528,'Stendhal, pseud., 1783-1842'),(969,24623528,'Stendhal, pseud., 1783-1842. Le rouge et'),(966,24623528,'Young men'),(968,24623528,'Young men in literature'),(1628,24872302,'Classical literature'),(1625,24872302,'Dialects'),(1627,24872302,'Fiction'),(1622,24872302,'great_books_of_the_western_world'),(1631,24872302,'Juvenile literature'),(1629,24872302,'Odiseo (Mitología griega)'),(1623,24872302,'Odysseus (Greek mythology)'),(1630,24872302,'Open Library Staff Picks'),(1626,24872302,'Poetry'),(1624,24872302,'Readers'),(1852,24953263,'British and irish drama (dramatic works '),(1860,24953263,'Children\'s fiction'),(1853,24953263,'English life'),(1855,24953263,'etiquette'),(1856,24953263,'love'),(1857,24953263,'manners'),(1858,24953263,'marriage'),(1859,24953263,'play'),(1854,24953263,'Readers'),(1861,24953263,'Youth, fiction'),(2653,24975625,'Adventure and adventurers'),(2656,24975625,'British'),(2652,24975625,'Classic Literature'),(2659,24975625,'English language'),(2657,24975625,'Fiction'),(2660,24975625,'Historical Fiction'),(2655,24975625,'Juvenile fiction'),(2654,24975625,'Open Library Staff Picks'),(2661,24975625,'Sir Blakeney, Percy (Fictitious characte'),(2658,24975625,'Text-books for foreigners'),(1763,24996307,'Brothers and sisters'),(1771,24996307,'Children\'s plays, English'),(1762,24996307,'Drama'),(1769,24996307,'English literature'),(1770,24996307,'History and criticism'),(1767,24996307,'Juvenile drama'),(1766,24996307,'Mistaken identity'),(1768,24996307,'Plays'),(1765,24996307,'Survival after airplane accidents, shipw'),(1764,24996307,'Twins'),(2564,25098005,'1835-1910'),(2565,25098005,'19th Century'),(2569,25098005,'American'),(2571,25098005,'Children'),(2568,25098005,'Classic'),(2567,25098005,'Fiction'),(2566,25098005,'Historical'),(2563,25098005,'Mark Twain'),(2570,25098005,'Novel'),(2562,25098005,'The Adventures of Tom Sawyer'),(1702,25389972,'Drama'),(1706,25389972,'Dramatic production'),(1709,25389972,'Interracial marriage'),(1707,25389972,'Jealousy'),(1708,25389972,'Muslims'),(1703,25389972,'Othello (Fictitious character)'),(1710,25389972,'Plays'),(1704,25389972,'Printing'),(1705,25389972,'Specimens'),(1711,25389972,'Teatro'),(299,25390256,'American fiction (fictional works by one'),(298,25390256,'Classic Literature'),(295,25390256,'Fiction'),(300,25390256,'Fiction, political'),(292,25390256,'Oligarchy'),(294,25390256,'Revolutionaries'),(291,25390256,'Revolutions'),(296,25390256,'Science Fiction'),(297,25390256,'Socialism'),(293,25390256,'Utopias'),(2159,25440547,'Contests'),(2154,25440547,'Fiction'),(2152,25440547,'Insurgency'),(2156,25440547,'Interpersonal relations'),(2158,25440547,'Large type books'),(2155,25440547,'Science fiction'),(2153,25440547,'Survival'),(2160,25440547,'Survival skills'),(2157,25440547,'Television programs'),(2161,25440547,'Young adult fiction'),(566,25476222,'Children\'s fiction'),(568,25476222,'Children: Grades 4-6'),(563,25476222,'Classic Literature'),(559,25476222,'Fairy tales'),(562,25476222,'Fantasy'),(565,25476222,'Fantasy fiction'),(560,25476222,'Fiction'),(564,25476222,'Juvenile fiction'),(561,25476222,'Oz (Imaginary place)'),(567,25476222,'Oz (imaginary place), fiction'),(545,25515443,'Children\'s fiction'),(540,25515443,'Children\'s stories'),(541,25515443,'Children\'s stories, American'),(543,25515443,'Fairy tales'),(539,25515443,'Fantasy'),(544,25515443,'Fantasy fiction'),(548,25515443,'Illustrated children\'s books'),(542,25515443,'Juvenile fiction'),(547,25515443,'Large type books'),(546,25515443,'Oz (imaginary place), fiction'),(1817,25516485,'Classic Literature'),(1815,25516485,'Drama'),(1812,25516485,'Fiction'),(1820,25516485,'open_syllabus_project'),(1821,25516485,'Roman'),(1813,25516485,'Single women'),(1814,25516485,'Social classes'),(1816,25516485,'Social life and customs'),(1818,25516485,'Social status'),(1819,25516485,'Social values'),(114,25538028,'Denkbeeldige landen'),(120,25538028,'Fiction'),(112,25538028,'Fiction, general'),(119,25538028,'Film adaptations'),(115,25538028,'Film and video adaptations'),(111,25538028,'Fourth dimension'),(118,25538028,'Geometry'),(116,25538028,'Meetkunde'),(113,25538028,'Open Library Staff Picks'),(117,25538028,'Science Fiction'),(1828,25667349,'Children\'s plays, English'),(1830,25667349,'Comedy'),(1829,25667349,'Criticism and interpretation'),(1822,25667349,'Drama'),(1824,25667349,'Exiles'),(1823,25667349,'Fathers and daughters'),(1825,25667349,'Juvenile drama'),(1827,25667349,'Plays'),(1826,25667349,'Stage history'),(1831,25667349,'Textual Criticism'),(706,25882699,'Adventure and adventurers'),(703,25882699,'Children\'s stories, French'),(701,25882699,'Fiction'),(700,25882699,'Fiction in English'),(704,25882699,'Historical fiction'),(705,25882699,'Korean language materials'),(707,25882699,'Open Library Staff Picks'),(702,25882699,'Translations from French'),(699,25882699,'Translations into Gujarati'),(698,25882699,'Viajes alrededor del mundo'),(1467,25921229,'Classic Literature'),(1469,25921229,'English literature'),(1464,25921229,'Fiction'),(1465,25921229,'Fiction, historical, general'),(1471,25921229,'Fiction, horror'),(1466,25921229,'Fiction, mystery & detective, general'),(1470,25921229,'Fiction, religious'),(1463,25921229,'Ireland in fiction'),(1468,25921229,'Mystery'),(751,26204550,'Children\'s fiction'),(748,26204550,'Cities and towns'),(747,26204550,'Fantasy'),(752,26204550,'Fantasy fiction'),(750,26204550,'Fiction'),(753,26204550,'Fiction, fantasy, general'),(749,26204550,'Juvenile fiction'),(754,26204550,'Magic, fiction'),(526,26278092,'Child and youth fiction'),(524,26278092,'Children\'s fiction'),(521,26278092,'Classic Literature'),(525,26278092,'Fantasy fiction'),(522,26278092,'Fiction'),(528,26278092,'Juvenile fiction'),(523,26278092,'Juvenile Literature'),(520,26278092,'Litterature fantastique'),(519,26278092,'Roman pour la jeunesse'),(527,26278092,'Wishes'),(2214,26336926,'camping'),(2220,26336926,'Fiction'),(2218,26336926,'Juvenile fiction'),(2219,26336926,'Mice'),(2221,26336926,'Mice -- Fiction'),(2213,26336926,'motorcycling'),(2215,26336926,'running away'),(2217,26336926,'summer'),(2216,26336926,'summer camp'),(2212,26336926,'watchdogs'),(995,26379521,'Belgians'),(1000,26379521,'English Detective and mystery stories'),(996,26379521,'Fiction'),(997,26379521,'Fiction in English'),(998,26379521,'Hercule Poirot (Fictitious character)'),(1002,26379521,'Historical Fiction'),(1001,26379521,'murder'),(1003,26379521,'Mystery'),(999,26379521,'Private investigators'),(1004,26379521,'Romance'),(359,26425330,'Action & Adventure'),(360,26425330,'American Fantasy fiction'),(361,26425330,'Betrayal'),(362,26425330,'Bien y mal'),(363,26425330,'Civil war'),(364,26425330,'Courts and courtiers'),(365,26425330,'Dragons'),(366,26425330,'Epic'),(367,26425330,'epic fantasy'),(368,26425330,'epic fiction'),(1782,26468884,'Drama'),(1789,26468884,'English Young adult drama'),(1791,26468884,'Film and video adaptations'),(1784,26468884,'History'),(1788,26468884,'In literature'),(1787,26468884,'In motion pictures'),(1790,26468884,'Kings and rulers'),(1783,26468884,'open_syllabus_project'),(1785,26468884,'Sources'),(1786,26468884,'Stage history'),(1896,26669330,'Boats and boating'),(1898,26669330,'Classic Literature'),(1894,26669330,'Description and travel'),(1899,26669330,'English Humorous stories'),(1897,26669330,'Fiction'),(1901,26669330,'General'),(1900,26669330,'History'),(1895,26669330,'Humor (Fiction)'),(1892,26669330,'Humorous stories'),(1893,26669330,'Male friendship'),(509,27009189,'Accessible book'),(514,27009189,'Children\'s stories, Italian'),(517,27009189,'dormice'),(513,27009189,'Fairy tales'),(510,27009189,'Fantasy'),(512,27009189,'Fiction'),(515,27009189,'Latin language'),(511,27009189,'Puppets'),(516,27009189,'Readers'),(518,27009189,'ringmasters'),(2112,27064170,'Action/Adventure'),(2119,27064170,'Apocalyptic literature'),(2120,27064170,'Competition'),(2113,27064170,'Fantasy'),(2118,27064170,'Games'),(2117,27064170,'independence'),(2116,27064170,'interdependence'),(2115,27064170,'juvenile works'),(2114,27064170,'teen fiction'),(2121,27064170,'teenage girls'),(1473,27119406,'children\'s books'),(1478,27119406,'Death'),(1474,27119406,'dementors'),(1479,27119406,'Fiction'),(1475,27119406,'good and evil'),(1476,27119406,'Juvenile literature'),(1477,27119406,'Juvenile works'),(1481,27119406,'New York Times bestseller'),(1472,27119406,'the Elder Wand'),(1480,27119406,'Wizards'),(1319,27889661,'Classic Literature'),(1314,27889661,'Fathers and sons'),(1313,27889661,'Fiction'),(1317,27889661,'Inheritance and succession'),(1322,27889661,'Interpersonal relations'),(1320,27889661,'Mystery'),(1318,27889661,'Psychology'),(1316,27889661,'Revenge'),(1321,27889661,'Social classes'),(1315,27889661,'Young men'),(2334,27939293,'Dragons'),(2341,27939293,'Dragons -- Fiction'),(2332,27939293,'Fantasy'),(2336,27939293,'Fiction'),(2340,27939293,'Juvenile fiction'),(2335,27939293,'Magic'),(2338,27939293,'New York Times bestseller'),(2337,27939293,'nyt:series_books=2011-06-11'),(2339,27939293,'Young Adult Fiction'),(2333,27939293,'Youths\' writings'),(2647,28300165,'Adultery'),(2646,28300165,'Adultery in fiction'),(2651,28300165,'Clergy'),(2642,28300165,'Fiction'),(2645,28300165,'History'),(2648,28300165,'Illegitimate children'),(2649,28300165,'Illegitimate children in fiction'),(2643,28300165,'Puritans'),(2644,28300165,'Puritans in fiction'),(2650,28300165,'Triangles (Interpersonal relations)'),(1083,28318341,'Crimes against'),(1084,28318341,'Detective and mystery stories'),(1085,28318341,'Divorce'),(1086,28318341,'Divorce in fiction'),(1087,28318341,'Fiction'),(1088,28318341,'Hercule Poirot (Fictitious character)'),(1089,28318341,'Jewelry theft'),(1090,28318341,'Jewelry theft in fiction'),(1091,28318341,'Married women'),(1092,28318341,'Married women in fiction'),(569,28345239,'Arkenstone'),(570,28345239,'Battle of Five Armies'),(576,28345239,'dragons'),(577,28345239,'dwarves'),(573,28345239,'eagles'),(578,28345239,'elves'),(574,28345239,'hobbits'),(571,28345239,'invisibility'),(572,28345239,'thrushes'),(575,28345239,'wizards'),(52,28390491,'Brainwashing'),(58,28390491,'Culture'),(54,28390491,'Fiction'),(60,28390491,'Fiction in English'),(53,28390491,'Moral and ethical aspects of Science'),(57,28390491,'Passivity (Psychology)'),(59,28390491,'Propaganda'),(55,28390491,'Science and state'),(56,28390491,'Social problems'),(51,28390491,'Utopias'),(2366,28597761,'Card games'),(2363,28597761,'Fantasy games'),(2371,28597761,'Fiction'),(2365,28597761,'Games'),(2368,28597761,'Military history'),(2367,28597761,'Recreation'),(2370,28597761,'Role-playing, war games & fantasy sports'),(2364,28597761,'Video games'),(2362,28597761,'War games'),(2369,28597761,'Warfare & defence'),(1069,28751751,'Children\'s Books - Young Adult Fiction'),(1071,28751751,'Children: Young Adult (Gr. 10-12)'),(1068,28751751,'Fiction'),(1067,28751751,'Juvenile Fiction'),(1063,28751751,'New York Times bestseller'),(1064,28751751,'nyt:series_books=2008-03-15'),(1065,28751751,'School & Education'),(1072,28751751,'Schools'),(1070,28751751,'Science Fiction, Fantasy, & Magic'),(1066,28751751,'Vampires'),(1672,32232086,'Drama'),(1678,32232086,'English literature'),(1680,32232086,'History'),(1679,32232086,'History and criticism'),(1673,32232086,'Jews'),(1676,32232086,'Juvenile drama'),(1674,32232086,'Moneylenders'),(1677,32232086,'Plays'),(1681,32232086,'Problems'),(1675,32232086,'Shylock (Fictitious character)'),(1881,32249281,'British and irish drama (dramatic works '),(1872,32249281,'Drama'),(1878,32249281,'English drama'),(1876,32249281,'Fiction'),(1875,32249281,'Henry IV, King of England, 1367-1413'),(1873,32249281,'History'),(1874,32249281,'In literature'),(1879,32249281,'Juvenile drama'),(1877,32249281,'Kings and rulers'),(1880,32249281,'Sir Falstaff, John (Fictitious character'),(1718,32263909,'Aging parents'),(1717,32263909,'Britons'),(1712,32263909,'Drama'),(1714,32263909,'Fathers and daughters'),(1716,32263909,'Inheritance and succession'),(1713,32263909,'King Lear (Legendary character)'),(1715,32263909,'Kings and rulers'),(1721,32263909,'Lear, King (Legendary character)'),(1719,32263909,'Stage history'),(1720,32263909,'Textual Criticism'),(2058,32775849,'Action & Adventure'),(2059,32775849,'Classics'),(2056,32775849,'English Children\'s stories'),(2061,32775849,'English Fantasy fiction'),(2057,32775849,'Fantasy & Magic'),(2053,32775849,'fauns'),(2060,32775849,'juvenile works'),(2055,32775849,'lions'),(2052,32775849,'the Blitz'),(2054,32775849,'Turkish Delight'),(1431,33041314,'England, fiction'),(1428,33041314,'Fiction'),(1430,33041314,'Fiction, mystery & detective, general'),(1429,33041314,'Mystery'),(1432,33041314,'Young women, fiction'),(1796,33152400,'Fiction'),(1794,33152400,'Hunters'),(1798,33152400,'Hunters in fiction'),(1800,33152400,'Indians of North America in fiction'),(1799,33152400,'Indiens de l\'Amérique du Nord'),(1801,33152400,'Iroquois Indians'),(1793,33152400,'Male friendship'),(1797,33152400,'New York (State) French and Indian War, '),(1795,33152400,'Scouts and scouting in fiction'),(1792,33152400,'United States in fiction'),(1302,33170500,'Fiction'),(1293,33170500,'Fiction, thrillers, espionage'),(1297,33170500,'Fiction, war & military'),(1295,33170500,'Great britain, fiction'),(1294,33170500,'Hannay, richard (fictitious character), '),(1300,33170500,'Literature'),(1301,33170500,'Mystery'),(1298,33170500,'Richard Hannay (Fictitious character)'),(1299,33170500,'World War, 1914-1918'),(1296,33170500,'World war, 1914-1918, fiction'),(944,33200594,'Bumppo, Natty (Fictitious character) -- '),(939,33200594,'Classic Literature'),(938,33200594,'Fiction'),(935,33200594,'Frontier and pioneer life'),(941,33200594,'History'),(942,33200594,'History and criticism'),(937,33200594,'Natty Bumppo (Fictitious character)'),(936,33200594,'Open Library Staff Picks'),(943,33200594,'Poetry'),(940,33200594,'Thriller'),(506,33202830,'Child and youth fiction'),(501,33202830,'Children\'s fiction'),(499,33202830,'Fairy tales'),(507,33202830,'Fiction, fantasy, general'),(508,33202830,'Fiction, historical, general'),(500,33202830,'Juvenile fiction'),(505,33202830,'Literature and fiction, juvenile'),(503,33202830,'Literature and fiction, science fiction'),(504,33202830,'Magic, fiction'),(502,33202830,'Princesses, fiction'),(2290,33896834,'adventurers'),(2282,33896834,'blondes'),(2287,33896834,'conservation'),(2284,33896834,'Cro-magnons'),(2288,33896834,'environmentalists'),(2285,33896834,'hybrids'),(2283,33896834,'Neanderthals'),(2289,33896834,'patents'),(2286,33896834,'press releases'),(2291,33896834,'tranquilizers'),(2572,34843449,'American fiction (fictional works by one'),(2579,34843449,'American literature'),(2575,34843449,'Fiction'),(2574,34843449,'Hester Prynne (Fictitious character)'),(2576,34843449,'History'),(2578,34843449,'Illegitimate children'),(2573,34843449,'Prynne, hester (fictitious character), f'),(2581,34843449,'Puritans'),(2577,34843449,'Triangles (Interpersonal relations)'),(2580,34843449,'Women immigrants'),(1207,35268128,'amorality'),(1208,35268128,'Anglo-Saxons'),(1209,35268128,'Apaces'),(1210,35268128,'aristocracy'),(1211,35268128,'banks'),(1212,35268128,'barques'),(1203,35268128,'Classic Literature'),(1206,35268128,'Conclusions'),(1204,35268128,'Murder'),(1205,35268128,'Mystery'),(2296,35301162,'adventure'),(2299,35301162,'children'),(2295,35301162,'fantasy'),(2301,35301162,'Greek Mythology'),(2300,35301162,'Hera (Greek deity)'),(2297,35301162,'kids'),(2293,35301162,'New York Times bestseller'),(2292,35301162,'nyt:chapter_books=2010-11-06'),(2294,35301162,'percy jackson (fictional character)'),(2298,35301162,'teens'),(924,36636484,'Country homes'),(921,36636484,'Detective and mystery stories'),(919,36636484,'Drama'),(917,36636484,'East Indians'),(923,36636484,'English fiction'),(915,36636484,'Fiction'),(920,36636484,'History'),(916,36636484,'Jewelry theft'),(918,36636484,'Police'),(922,36636484,'Readers'),(852,36648295,'Appreciation'),(853,36648295,'Children of the rich'),(846,36648295,'Cousins'),(854,36648295,'English Love stories'),(850,36648295,'Families'),(847,36648295,'Fiction'),(849,36648295,'Horror tales'),(845,36648295,'Mate selection'),(851,36648295,'Uncles'),(848,36648295,'Young women'),(1182,37075125,'Escuelas secundarias'),(1181,37075125,'Ficción'),(1180,37075125,'Fiction'),(1176,37075125,'High schools'),(1179,37075125,'Hombres lobo'),(1174,37075125,'Juvenile fiction'),(1177,37075125,'Schools'),(1173,37075125,'Vampires'),(1178,37075125,'Vampiros'),(1175,37075125,'Werewolves'),(2373,37753024,'Fantasy fiction'),(2374,37753024,'Fiction'),(2378,37753024,'Juvenile fiction'),(2376,37753024,'Juvenile works'),(2379,37753024,'LGBTQ novels'),(2381,37753024,'mystery'),(2377,37753024,'Science fiction'),(2380,37753024,'YA fiction'),(2372,37753024,'Young adult fiction'),(2375,37753024,'Young adult works'),(398,37807528,'Dent, arthur (fictitious character), fic'),(389,37807528,'Fiction'),(390,37807528,'Humorous fiction'),(391,37807528,'humorous stories'),(392,37807528,'Interplanetary voyages'),(395,37807528,'Interstellar travel'),(396,37807528,'Life on other planets'),(397,37807528,'Prefect, ford (fictitious character), fi'),(393,37807528,'Restaurants'),(394,37807528,'Science Fiction'),(2757,37821367,'Ex-convicts'),(2753,37821367,'Fiction'),(2755,37821367,'Fiction, historical'),(2756,37821367,'France, fiction'),(2761,37821367,'French fiction'),(2759,37821367,'Historical fiction'),(2758,37821367,'History'),(2760,37821367,'Manners and customs in fiction'),(2752,37821367,'Poor'),(2754,37821367,'Readers'),(62,37824533,'censorship'),(61,37824533,'futurology'),(66,37824533,'historical negationism'),(67,37824533,'memory holes'),(69,37824533,'Outer Party'),(64,37824533,'rebels'),(70,37824533,'resistance movements'),(65,37824533,'sting operations'),(63,37824533,'surveillance'),(68,37824533,'thoughtcrime'),(471,37826838,'Classic Literature'),(477,37826838,'Early works to 1800'),(472,37826838,'Fiction'),(470,37826838,'Machiavel, Nicolas, 1469-1527. Prince'),(475,37826838,'Morale politique'),(473,37826838,'Ouvrages avant 1800'),(478,37826838,'Political ethics'),(476,37826838,'Political science'),(469,37826838,'Political science, early works to 1800'),(474,37826838,'Science politique'),(489,37870239,'adventure and adventurers'),(490,37870239,'adventure and adventurers, fiction'),(491,37870239,'adventure stories'),(492,37870239,'adventure travel'),(493,37870239,'animals'),(494,37870239,'anthropomorphism'),(495,37870239,'artists\' illustrated books'),(496,37870239,'books and reading'),(497,37870239,'british and irish fiction (fictional wor'),(498,37870239,'child and youth fiction'),(324,38582593,'amusement parks'),(322,38582593,'cautionary tale'),(326,38582593,'chaos theory'),(320,38582593,'corporate espionage'),(319,38582593,'dichogamy'),(325,38582593,'dinosaurs'),(323,38582593,'genetic engineering'),(328,38582593,'paleontologists'),(327,38582593,'Procompsognathus'),(321,38582593,'science fiction'),(835,39221187,'Fiction, Romance, Historical, Regency'),(843,39221187,'Gentry'),(836,39221187,'Inheritance and succession, fiction'),(841,39221187,'Literature'),(837,39221187,'Mate selection, fiction'),(842,39221187,'Readers'),(844,39221187,'Sisters, fiction'),(838,39221187,'Social classes, fiction'),(839,39221187,'Text-books for foreigners'),(840,39221187,'Young women,  fiction'),(825,39222415,'British and irish fiction (fictional wor'),(826,39222415,'Children\'s fiction'),(827,39222415,'Classic fiction'),(828,39222415,'Classic Literature'),(829,39222415,'Country homes'),(830,39222415,'Country life'),(831,39222415,'Cousins'),(832,39222415,'death'),(833,39222415,'Drama'),(834,39222415,'English language'),(8,39222545,'adventure and adventurers'),(9,39222545,'adventure and adventurers, fiction'),(10,39222545,'adventure stories'),(1,39222545,'Alice (fictitious character : carroll), '),(2,39222545,'British and irish fiction (fictional wor'),(5,39222545,'classics'),(6,39222545,'Fantasy & Magic'),(3,39222545,'Fiction, fantasy, general'),(7,39222545,'Imagination & Play'),(4,39222545,'JUVENILE FICTION'),(287,39475933,'Apocalyptic fiction'),(288,39475933,'Dystopian fiction'),(284,39475933,'effects of war'),(289,39475933,'Fiction'),(290,39475933,'Juvenile works'),(283,39475933,'oppression'),(286,39475933,'Science fiction'),(285,39475933,'self-sacrifice'),(281,39475933,'severe poverty'),(282,39475933,'starvation'),(2148,39479436,'Dryosaurus'),(2149,39479436,'Hypsilophodon'),(2151,39479436,'Maiasaura'),(2145,39479436,'Mussaurus'),(2144,39479436,'Ornitholestes'),(2150,39479436,'Parasaurolophus'),(2142,39479436,'prions'),(2146,39479436,'Procompsognathus'),(2143,39479436,'scrapie'),(2147,39479436,'Triceratops'),(1496,39485971,'Audiobook'),(1497,39485971,'Braile'),(1494,39485971,'Classic'),(1498,39485971,'DVD'),(1493,39485971,'Fiction'),(1501,39485971,'Humour'),(1495,39485971,'Literature'),(1499,39485971,'Murder'),(1500,39485971,'Mystery'),(1492,39485971,'Women detectives'),(261,39486892,'Charlie Bucket (Fictitious character)'),(263,39486892,'Children\'s fiction'),(270,39486892,'Chocolate industry'),(269,39486892,'Eccentrics and eccentricities'),(268,39486892,'Fiction'),(266,39486892,'Humorous stories'),(262,39486892,'Juvenile fiction'),(267,39486892,'Outer space'),(264,39486892,'Outer space, fiction'),(265,39486892,'Science fiction'),(2405,39801859,'Bible'),(2410,39801859,'Bible - General'),(2407,39801859,'Bibles'),(2408,39801859,'Biblical Studies - General'),(2411,39801859,'Commentaries'),(2404,39801859,'Early works to 1800'),(2403,39801859,'Glossaries, vocabularies'),(2402,39801859,'Manuscripts, Latin (Medieval and modern)'),(2406,39801859,'Religion'),(2409,39801859,'Religion / Bible / General'),(339,39803548,'American science fiction'),(340,39803548,'bombing of Dresden'),(348,39803548,'free will and determinism'),(346,39803548,'literature and the war'),(342,39803548,'military fiction'),(341,39803548,'Open Library staff picks'),(347,39803548,'war'),(343,39803548,'war stories'),(344,39803548,'World War II'),(345,39803548,'World War, 1939-1945'),(980,39804749,'958'),(977,39804749,'Continental european fiction (fictional '),(975,39804749,'Fiction'),(978,39804749,'Fiction, historical, general'),(976,39804749,'History'),(982,39804749,'Politics'),(981,39804749,'Prohibited book'),(984,39804749,'Revolution'),(983,39804749,'Soviet Union'),(979,39804749,'Soviet union, history, revolution, 1917-'),(2547,39806678,'Civilization'),(2542,39806678,'Conduct of life'),(2549,39806678,'Enlightenment'),(2546,39806678,'Fiction'),(2551,39806678,'Life'),(2544,39806678,'Literatura francesa'),(2548,39806678,'Moral conditions'),(2550,39806678,'Politics and government'),(2543,39806678,'Readers'),(2545,39806678,'Satire'),(2442,39826520,'British'),(2443,39826520,'British and irish fiction (fictional wor'),(2444,39826520,'Children\'s fiction'),(2451,39826520,'classics'),(2445,39826520,'Criticism and interpretation'),(2446,39826520,'English fiction'),(2447,39826520,'English literature'),(2448,39826520,'Executions and executioners'),(2449,39826520,'Fathers and daughters'),(2450,39826520,'Fiction'),(1440,40208895,'English language'),(1439,40208895,'English literature'),(1433,40208895,'Fiction'),(1437,40208895,'Fiction, mystery & detective, general'),(1441,40208895,'Fiction, mystery & detective, traditiona'),(1435,40208895,'Jane Marple (Fictitious character)'),(1436,40208895,'Large type books'),(1438,40208895,'Marple, jane (fictitious character), fic'),(1442,40208895,'Murder'),(1434,40208895,'Mystery'),(912,40216061,'Adultery'),(906,40216061,'Death'),(914,40216061,'Diseases and pests'),(908,40216061,'Fiction'),(910,40216061,'Man-woman relationships'),(911,40216061,'open_syllabus_project'),(907,40216061,'Pine'),(905,40216061,'Social life and customs'),(913,40216061,'Stonemasons'),(909,40216061,'Unmarried couples'),(1329,40281030,'English Detective and mystery stories'),(1323,40281030,'Fiction'),(1327,40281030,'Fiction in English'),(1331,40281030,'Golf courses'),(1324,40281030,'Hercule Poirot (Fictitious character)'),(1328,40281030,'Investigation'),(1332,40281030,'Large type books'),(1326,40281030,'Murder'),(1330,40281030,'Mystery'),(1325,40281030,'Private investigators'),(1559,40281128,'Conspiracies'),(1561,40281128,'Detective and mystery stories'),(1556,40281128,'English Detective and mystery stories'),(1552,40281128,'Fiction'),(1553,40281128,'Fiction in English'),(1558,40281128,'Investigation'),(1560,40281128,'Manors'),(1557,40281128,'Murder'),(1554,40281128,'Mystery'),(1555,40281128,'Superintendent Battle (Fictitious charac'),(1761,40293086,'British'),(1758,40293086,'Children of prisoners'),(1754,40293086,'Criminals'),(1756,40293086,'English Adventure stories'),(1755,40293086,'English Picaresque literature'),(1752,40293086,'Fiction'),(1759,40293086,'Prostitutes'),(1760,40293086,'Repentance'),(1753,40293086,'Social life and customs'),(1757,40293086,'Women'),(2169,42344729,'Camps'),(2171,42344729,'Fantasy fiction'),(2166,42344729,'Fathers and sons'),(2162,42344729,'Fiction'),(2170,42344729,'Friendship'),(2163,42344729,'Greek Mythology'),(2167,42344729,'Hades (Greek deity)'),(2165,42344729,'Juvenile fiction'),(2168,42344729,'Poseidon (Greek deity)'),(2164,42344729,'Zeus (Greek deity)'),(2317,42346557,'Brothers and sisters'),(2313,42346557,'Egyptian Mythology'),(2318,42346557,'Egyptologists'),(2320,42346557,'Fantasy fiction'),(2312,42346557,'Fiction'),(2321,42346557,'Juvenile'),(2316,42346557,'Juvenile fiction'),(2315,42346557,'New York Times bestseller'),(2314,42346557,'nyt:paperback-books=2011-09-04'),(2319,42346557,'Orphans'),(2211,42347879,'Camps'),(2203,42347879,'Fantasy'),(2209,42347879,'Father-son relationship'),(2202,42347879,'Fiction'),(2205,42347879,'Greek Mythology'),(2210,42347879,'Hades (Greek deity)'),(2204,42347879,'Identity'),(2207,42347879,'Identity (Philosophical concept)'),(2206,42347879,'Juvenile fiction'),(2208,42347879,'Zeus (Greek deity)'),(2227,42989493,'American Humorous stories'),(2231,42989493,'Captain Underpants (Fictitious character'),(2224,42989493,'Cartoons and comics'),(2228,42989493,'Children\'s stories, American'),(2229,42989493,'Extraterrestrial beings'),(2226,42989493,'Fiction'),(2225,42989493,'Heroes'),(2222,42989493,'Humorous stories'),(2230,42989493,'Juvenile fiction'),(2223,42989493,'School principals'),(31,43177171,'Adventure stories'),(32,43177171,'Atlantis'),(33,43177171,'Dinosaurs'),(34,43177171,'Discovery and exploration'),(35,43177171,'English Detective and mystery stories'),(36,43177171,'Fiction'),(37,43177171,'Fiction in English'),(38,43177171,'Fiction in French'),(39,43177171,'Prehistoric peoples'),(40,43177171,'Professor Challenger (Fictitious charact'),(778,43460426,'Avarice'),(779,43460426,'Behavior'),(776,43460426,'Children\'s Middle Grade Action & Adventu'),(777,43460426,'Children\'s Picture Books'),(775,43460426,'Childrens Media Tie-In Books'),(780,43460426,'Chocolat'),(781,43460426,'Chocolate'),(782,43460426,'Chocolate factories'),(784,43460426,'Conduct of life'),(783,43460426,'Conducta'),(1695,44094098,'Boys'),(1697,44094098,'Child labor'),(1692,44094098,'Fiction'),(1700,44094098,'History'),(1701,44094098,'Mongolian literature'),(1698,44094098,'Novelists'),(1693,44094098,'Orphans'),(1699,44094098,'Social life and customs'),(1696,44094098,'Stepfathers'),(1694,44094098,'Young men'),(1358,46524697,'Detective and mystery stories'),(1352,46524697,'detective fiction'),(1359,46524697,'Fiction'),(1361,46524697,'historical fiction'),(1355,46524697,'investigation'),(1354,46524697,'murder'),(1353,46524697,'mystery'),(1360,46524697,'Mystery & Detective fiction'),(1357,46524697,'Private investigators'),(1356,46524697,'victim'),(2472,46835116,'Bildungsromans'),(2473,46835116,'Boys'),(2474,46835116,'Brigands and robbers'),(2475,46835116,'British and irish fiction (fictional wor'),(2476,46835116,'British fiction'),(2477,46835116,'Children'),(2478,46835116,'Children\'s fiction'),(2479,46835116,'Children\'s stories'),(2480,46835116,'Classic'),(2481,46835116,'Coming of age'),(1102,46913162,'Ariadne Oliver (Fictitious character)'),(1100,46913162,'Belgians'),(1101,46913162,'Belgians in fiction'),(1093,46913162,'Fiction'),(1097,46913162,'Hercule Poirot (Fictitious character)'),(1094,46913162,'Historical Fiction'),(1095,46913162,'Mystery'),(1098,46913162,'Private investigators'),(1099,46913162,'Private investigators in fiction'),(1096,46913162,'Romance'),(201,46927866,'American Science fiction'),(210,46927866,'Bibliography'),(202,46927866,'Ciencia-ficción'),(203,46927866,'Drama'),(204,46927866,'English Language Short stories'),(205,46927866,'Ficción'),(206,46927866,'Fiction'),(207,46927866,'Fiction in English'),(208,46927866,'Interplanetary voyages'),(209,46927866,'Translations into Russian'),(373,47079539,'Fiction'),(372,47079539,'Hari Seldon (Fictitious character)'),(377,47079539,'Historians'),(371,47079539,'Life on other planets'),(375,47079539,'Long Now Manual for Civilization'),(370,47079539,'Open Library Staff Picks'),(376,47079539,'Prophecy'),(369,47079539,'Psychohistory'),(378,47079539,'Robots'),(374,47079539,'Science Fiction'),(1447,47678415,'England in fiction'),(1443,47678415,'Fiction'),(1451,47678415,'Illegitimate children'),(1449,47678415,'Illegitimate children in fiction'),(1445,47678415,'Inheritance and succession'),(1446,47678415,'Inheritance and succession in fiction'),(1450,47678415,'Mothers and daughters'),(1448,47678415,'Mothers and daughters in fiction'),(1452,47678415,'Mystery'),(1444,47678415,'Social life and customs');
/*!40000 ALTER TABLE `keywords` ENABLE KEYS */;
UNLOCK TABLES;

--
-- Table structure for table `phone`
--

DROP TABLE IF EXISTS `phone`;
/*!40101 SET @saved_cs_client     = @@character_set_client */;
/*!40101 SET character_set_client = utf8 */;
CREATE TABLE `phone` (
  `phone_id` int(11) NOT NULL AUTO_INCREMENT,
  `school_id` int(11) DEFAULT NULL,
  `phone` varchar(20) DEFAULT NULL,
  PRIMARY KEY (`phone_id`),
  KEY `fk_Phone_school` (`school_id`),
<<<<<<< HEAD
  CONSTRAINT `fk_Phone_school` FOREIGN KEY (`school_id`) REFERENCES `school` (`school_id`) ON UPDATE CASCADE
) ENGINE=InnoDB AUTO_INCREMENT=20 DEFAULT CHARSET=utf8mb4 COLLATE=utf8mb4_general_ci;
=======
  CONSTRAINT `fk_Phone_school` FOREIGN KEY (`school_id`) REFERENCES `School` (`school_id`) ON UPDATE CASCADE
) ENGINE=InnoDB AUTO_INCREMENT=9 DEFAULT CHARSET=utf8mb4 COLLATE=utf8mb4_general_ci;
>>>>>>> b46dae23bf2573ec15cee5f7769ca8a83da3d25f
/*!40101 SET character_set_client = @saved_cs_client */;

--
-- Dumping data for table `phone`
--

<<<<<<< HEAD
LOCK TABLES `phone` WRITE;
/*!40000 ALTER TABLE `phone` DISABLE KEYS */;
INSERT INTO `phone` VALUES (1,1,'210 0275261'),(2,2,'(+30) 2619 623583'),(3,2,'6978 334705'),(4,2,'210 418 0938'),(5,3,'+302989025718'),(6,4,'(+30) 6965 393512'),(7,4,'+30 6911 087041'),(8,4,'(+30) 2667 156383'),(9,5,'2280 340 622'),(10,5,'28930 72 394'),(11,6,'(+30) 2003 522265'),(12,7,'2710 841428'),(13,8,'6905 367 323'),(14,9,'25640 58 214'),(15,9,'210 030 9576'),(16,9,'(+30) 6996 678525'),(17,10,'+302838622803'),(18,10,'+306960154074'),(19,10,'+30 6976 066120');
/*!40000 ALTER TABLE `phone` ENABLE KEYS */;
=======
LOCK TABLES `Phone` WRITE;
/*!40000 ALTER TABLE `Phone` DISABLE KEYS */;
INSERT INTO `Phone` VALUES (1,1,'6902112876'),(2,2,'(+30) 6999 153364'),(3,2,'6992731819'),(4,2,'2310454404'),(5,3,'2104779068'),(6,3,'+302521774044'),(7,4,'2102636708'),(8,4,'+30 6964 871528');
/*!40000 ALTER TABLE `Phone` ENABLE KEYS */;
>>>>>>> b46dae23bf2573ec15cee5f7769ca8a83da3d25f
UNLOCK TABLES;

--
-- Table structure for table `request`
--

DROP TABLE IF EXISTS `request`;
/*!40101 SET @saved_cs_client     = @@character_set_client */;
/*!40101 SET character_set_client = utf8 */;
CREATE TABLE `request` (
  `request_id` int(11) NOT NULL AUTO_INCREMENT,
  `date_of_request` date NOT NULL,
  `isbn` int(11) DEFAULT NULL,
  `user_id` int(11) DEFAULT NULL,
  PRIMARY KEY (`request_id`),
  KEY `fk_Request_Books` (`isbn`),
  KEY `fk_Request_App_user` (`user_id`),
  CONSTRAINT `fk_Request_App_user` FOREIGN KEY (`user_id`) REFERENCES `app_user` (`user_id`) ON DELETE CASCADE ON UPDATE CASCADE,
  CONSTRAINT `fk_Request_Books` FOREIGN KEY (`isbn`) REFERENCES `books` (`isbn`) ON DELETE CASCADE ON UPDATE CASCADE
) ENGINE=InnoDB AUTO_INCREMENT=66 DEFAULT CHARSET=utf8mb4 COLLATE=utf8mb4_general_ci;
/*!40101 SET character_set_client = @saved_cs_client */;

--
-- Dumping data for table `request`
--

LOCK TABLES `request` WRITE;
/*!40000 ALTER TABLE `request` DISABLE KEYS */;
INSERT INTO `request` VALUES (18,'2023-05-27',39826520,190),(46,'2023-05-27',7170815,97),(65,'2023-05-31',24331810,14);
/*!40000 ALTER TABLE `request` ENABLE KEYS */;
UNLOCK TABLES;

--
-- Table structure for table `review`
--

DROP TABLE IF EXISTS `review`;
/*!40101 SET @saved_cs_client     = @@character_set_client */;
/*!40101 SET character_set_client = utf8 */;
CREATE TABLE `review` (
  `review_id` int(11) NOT NULL AUTO_INCREMENT,
  `date_of_review` date NOT NULL,
  `score` int(10) unsigned DEFAULT NULL,
  `description` varchar(500) DEFAULT NULL,
  `isbn` int(11) DEFAULT NULL,
  `user_id` int(11) DEFAULT NULL,
  `approved` bit(1) DEFAULT NULL,
  PRIMARY KEY (`review_id`),
  KEY `fk_Review_Books` (`isbn`),
  KEY `fk_Review_App_user` (`user_id`),
  CONSTRAINT `fk_Review_App_user` FOREIGN KEY (`user_id`) REFERENCES `app_user` (`user_id`) ON DELETE CASCADE ON UPDATE CASCADE,
  CONSTRAINT `fk_Review_Books` FOREIGN KEY (`isbn`) REFERENCES `books` (`isbn`) ON DELETE CASCADE ON UPDATE CASCADE
) ENGINE=InnoDB AUTO_INCREMENT=2 DEFAULT CHARSET=utf8mb4 COLLATE=utf8mb4_general_ci;
/*!40101 SET character_set_client = @saved_cs_client */;

--
-- Dumping data for table `review`
--

LOCK TABLES `review` WRITE;
/*!40000 ALTER TABLE `review` DISABLE KEYS */;
INSERT INTO `review` VALUES (1,'2023-05-31',4,'One of the best books of its kind',28345239,14,'\0');
/*!40000 ALTER TABLE `review` ENABLE KEYS */;
UNLOCK TABLES;

--
-- Table structure for table `school`
--

DROP TABLE IF EXISTS `school`;
/*!40101 SET @saved_cs_client     = @@character_set_client */;
/*!40101 SET character_set_client = utf8 */;
CREATE TABLE `school` (
  `school_id` int(11) NOT NULL AUTO_INCREMENT,
  `name` varchar(40) NOT NULL,
  `city` varchar(40) NOT NULL,
  `email` varchar(40) NOT NULL,
  `address` varchar(40) NOT NULL,
  `total_borrows` int(11) NOT NULL,
  `principal_first_name` varchar(40) DEFAULT NULL,
  `principal_last_name` varchar(40) DEFAULT NULL,
  PRIMARY KEY (`school_id`),
  UNIQUE KEY `name` (`name`),
  KEY `idx_school_name` (`name`)
) ENGINE=InnoDB AUTO_INCREMENT=11 DEFAULT CHARSET=utf8mb4 COLLATE=utf8mb4_general_ci;
/*!40101 SET character_set_client = @saved_cs_client */;

--
-- Dumping data for table `school`
--

<<<<<<< HEAD
LOCK TABLES `school` WRITE;
/*!40000 ALTER TABLE `school` DISABLE KEYS */;
INSERT INTO `school` VALUES (1,'23o Γυμνάσιο','Αλεξανδρούπολη','ysyrgis@example.net','Πάρ. Αμνάτου 49-96',10,NULL,NULL),(2,'14o Γυμνάσιο','Πάτρα','roumpini76@example.net','Διαβολιτσίου 2',9,NULL,NULL),(3,'6o Γυμνάσιο','Έδεσσα','mdimtsoudi@example.org','Παπατζήκα 729',5,NULL,NULL),(4,'19o Λύκειο','Σέρρες','ulygkouras@example.com','Λεωφόρος Αναγεννήσεως 37',5,NULL,NULL),(5,'20o Νηπιαγωγείο','Κατερίνη','nikodimos.chatzikyrkos@example.org','Ανατολικής 6',4,NULL,NULL),(6,'18o Λύκειο','Κατερίνη','ampotsolis@example.com','Κουφοβούνου 09',8,NULL,NULL),(7,'25o Δημοτικό','Κιλκίς','ztrentsiou@example.com','Πλ. Κεφαλά 583-071',10,NULL,NULL),(8,'29o Γυμνάσιο','Πολύγυρος','anastasios82@example.net','Μακροταντάλου 475-529',10,NULL,NULL),(9,'8o Δημοτικό','Κόρινθος','saltaouras.matthildi@example.net','Γρηγοριάδου 9',13,NULL,NULL),(10,'2o Νηπιαγωγείο','Καρδίτσα','terpsichori.toromidis@example.org','Πάρ. Κυπαρισσίου 13-38',7,NULL,NULL);
/*!40000 ALTER TABLE `school` ENABLE KEYS */;
=======
LOCK TABLES `School` WRITE;
/*!40000 ALTER TABLE `School` DISABLE KEYS */;
INSERT INTO `School` VALUES (1,'1o Νηπιαγωγείο','Κέρκυρα','okoufaki@example.org','Σιτοχωρίου 781',0,'Πανταζής','Τζιόρτζιος'),(2,'20o Γυμνάσιο','Κομοτηνή','merkourios.iosifidou@example.com','Κεχριών 6',0,'Ευδοκία-Στεφανία','Παπουτσοπούλου'),(3,'18o Νηπιαγωγείο','Κέρκυρα','lida55@example.org','Δαυγάτων 4',0,'Πολύμνια','Μαράκη'),(4,'25o Νηπιαγωγείο','Λάρισα','gerasimoula.pantzartzidis@example.net','Ανεμορράχης 942',0,'Ναθαναήλ','Ζιώγος');
/*!40000 ALTER TABLE `School` ENABLE KEYS */;
>>>>>>> b46dae23bf2573ec15cee5f7769ca8a83da3d25f
UNLOCK TABLES;

--
-- Table structure for table `stores`
--

DROP TABLE IF EXISTS `stores`;
/*!40101 SET @saved_cs_client     = @@character_set_client */;
/*!40101 SET character_set_client = utf8 */;
CREATE TABLE `stores` (
  `store_id` int(11) NOT NULL AUTO_INCREMENT,
  `school_id` int(11) DEFAULT NULL,
  `isbn` int(11) DEFAULT NULL,
  `copies` int(11) NOT NULL,
  PRIMARY KEY (`store_id`),
  UNIQUE KEY `unique_book_school` (`isbn`,`school_id`),
  KEY `fk_Stores_School` (`school_id`),
  CONSTRAINT `fk_Stores_Books` FOREIGN KEY (`isbn`) REFERENCES `books` (`isbn`) ON DELETE CASCADE ON UPDATE CASCADE,
  CONSTRAINT `fk_Stores_School` FOREIGN KEY (`school_id`) REFERENCES `school` (`school_id`) ON UPDATE CASCADE
) ENGINE=InnoDB AUTO_INCREMENT=1149 DEFAULT CHARSET=utf8mb4 COLLATE=utf8mb4_general_ci;
/*!40101 SET character_set_client = @saved_cs_client */;

--
-- Dumping data for table `stores`
--

LOCK TABLES `stores` WRITE;
/*!40000 ALTER TABLE `stores` DISABLE KEYS */;
INSERT INTO `stores` VALUES (1,8,39222545,10),(2,10,39222545,4),(3,7,39222545,8),(4,4,7092075,20),(5,7,7092075,18),(6,10,7170815,2),(7,2,7170815,2),(8,9,43177171,12),(9,6,43177171,4),(10,10,43177171,8),(11,1,43177171,17),(12,2,43177171,10),(13,7,43177171,10),(14,5,43177171,2),(15,3,43177171,8),(16,4,7075358,5),(17,8,28390491,20),(18,6,28390491,5),(19,10,28390491,17),(20,1,28390491,2),(21,9,37824533,19),(22,6,37824533,2),(23,7,37824533,4),(24,8,37824533,8),(25,1,37824533,16),(26,3,37824533,15),(27,10,37824533,9),(28,4,37824533,8),(29,2,37824533,18),(30,8,7003374,19),(31,9,7003374,12),(32,5,7003374,12),(33,2,7003374,10),(34,1,7003374,6),(35,7,7003374,16),(36,4,24331810,12),(38,9,24245739,12),(39,3,24245739,2),(40,5,24245739,15),(41,1,24245739,0),(42,10,24245739,2),(43,9,25538028,11),(44,6,7251393,17),(45,4,7251393,14),(46,10,7251393,20),(47,2,7251393,10),(48,1,7251393,11),(49,8,7251393,8),(50,7,7251393,1),(51,4,7038266,13),(52,2,7038266,16),(53,9,7038266,9),(54,1,7038266,8),(55,10,7038266,1),(56,6,7038266,18),(58,4,23365952,16),(59,9,7219307,11),(60,5,7219307,0),(61,3,7219307,18),(62,8,7219307,11),(63,2,7219307,4),(64,7,7219307,18),(65,7,6904903,0),(66,6,6904903,6),(67,8,6904903,11),(68,4,6904903,8),(70,10,14014470,3),(71,3,14014470,11),(72,5,46927866,9),(74,7,6947922,7),(75,6,6947922,1),(76,5,6947922,0),(77,9,6947922,0),(78,4,6947922,9),(79,2,6947922,13),(80,10,6947922,3),(83,9,23345819,6),(84,8,23345819,0),(85,7,23345819,3),(86,10,23345819,12),(87,2,23345819,13),(88,1,23345819,14),(89,4,23345819,2),(90,1,39486892,8),(91,10,39486892,4),(92,2,39486892,1),(93,9,39486892,2),(94,8,39486892,5),(95,6,39486892,2),(96,7,39486892,4),(97,3,39486892,4),(98,6,9118674,6),(99,10,39475933,1),(100,7,39475933,17),(101,9,39475933,16),(102,5,39475933,17),(103,1,39475933,0),(104,2,39475933,6),(105,3,39475933,1),(106,6,39475933,14),(107,8,25390256,6),(108,10,25390256,6),(109,9,25390256,2),(110,1,25390256,3),(111,3,25390256,8),(112,2,25390256,20),(113,5,25390256,9),(114,7,25390256,15),(115,4,25390256,19),(116,2,13563752,7),(117,1,13563752,0),(118,7,13563752,7),(119,3,13563752,12),(120,8,13563752,4),(121,6,13563752,5),(123,5,38582593,16),(124,10,38582593,0),(125,4,38582593,7),(126,2,38582593,13),(127,9,38582593,13),(128,7,38582593,9),(129,3,38582593,8),(131,6,39803548,6),(132,3,39803548,3),(134,7,26425330,7),(135,4,26425330,0),(136,6,26425330,11),(137,5,26425330,13),(138,10,26425330,10),(139,9,26425330,8),(140,1,26425330,3),(141,3,26425330,3),(142,2,26425330,18),(143,8,26425330,14),(144,3,47079539,11),(145,7,16521070,6),(146,2,16521070,15),(147,1,16521070,16),(148,8,16521070,10),(149,3,16521070,14),(150,10,16521070,20),(151,6,16521070,18),(152,9,16521070,17),(153,5,16521070,4),(154,2,37807528,19),(155,5,37807528,9),(159,1,21298716,5),(160,7,21298716,5),(161,3,21298716,15),(162,10,21298716,13),(163,9,21298716,16),(164,4,21298716,12),(165,6,7170815,1),(166,9,7170815,8),(167,8,7170815,3),(168,8,43177171,1),(170,6,19484675,11),(171,10,19484675,17),(172,8,19484675,20),(173,4,19484675,0),(174,3,19484675,15),(175,1,19484675,4),(176,7,19484675,19),(177,5,37826838,5),(178,10,37826838,11),(179,3,37826838,8),(180,6,37826838,7),(181,7,37826838,1),(182,9,37826838,9),(183,2,7353846,1),(184,3,7353846,5),(185,1,7353846,19),(186,9,7353846,11),(187,10,7353846,17),(188,5,7353846,2),(189,9,37870239,0),(190,1,37870239,6),(191,5,37870239,6),(192,8,37870239,4),(193,2,37870239,18),(194,4,37870239,4),(195,3,37870239,11),(196,6,37870239,10),(197,3,33202830,18),(198,5,33202830,19),(199,7,33202830,7),(200,2,33202830,18),(201,10,33202830,0),(202,6,33202830,20),(203,4,33202830,8),(204,1,33202830,18),(205,9,33202830,18),(206,8,33202830,8),(207,3,27009189,5),(208,2,27009189,13),(209,4,27009189,14),(210,6,27009189,6),(211,6,26278092,18),(212,4,26278092,1),(213,10,26278092,18),(214,5,26278092,12),(215,9,26278092,13),(216,2,26278092,6),(217,2,7077661,8),(218,5,7077661,20),(219,4,25515443,2),(220,7,25515443,20),(221,10,25515443,20),(222,9,25515443,16),(223,8,25515443,2),(224,1,25515443,14),(225,5,25515443,14),(226,6,25515443,9),(227,10,24328342,14),(228,9,24328342,18),(229,1,24328342,9),(230,7,24328342,17),(231,6,24328342,13),(232,4,24328342,16),(233,2,24328342,2),(234,8,24328342,11),(235,5,24328342,0),(236,3,24328342,7),(237,5,25476222,12),(238,2,25476222,16),(239,1,25476222,16),(240,4,28345239,10),(241,1,28345239,3),(242,2,28345239,20),(243,5,28345239,11),(244,9,28345239,4),(245,7,28345239,17),(246,10,28345239,13),(248,10,22856696,17),(249,9,22856696,8),(250,10,23330498,10),(251,5,23330498,6),(252,2,22879417,19),(253,4,22879417,1),(254,1,22879417,1),(255,3,22879417,6),(256,9,22879417,1),(257,5,22879417,6),(258,6,22879417,1),(259,8,22879417,15),(260,7,22879417,19),(261,10,22879417,18),(262,2,7108332,7),(263,10,7108332,2),(264,3,6598982,1),(265,1,6598982,11),(267,4,22489412,18),(268,7,22489412,15),(269,8,22489412,19),(270,10,22489412,3),(271,1,22489412,4),(272,2,22489412,8),(273,5,7101555,7),(274,2,7101555,16),(275,9,7101555,1),(276,1,7101555,13),(277,10,7101555,12),(278,4,7101555,3),(279,7,7101555,8),(280,9,7069564,19),(281,3,7069564,16),(282,4,7069564,8),(283,4,9597005,6),(284,10,9597005,12),(285,1,9597005,20),(286,5,9597005,19),(287,6,9597005,3),(288,4,13447442,14),(289,6,13447442,15),(290,2,13447442,3),(291,10,13447442,2),(292,1,19285157,19),(293,9,19285157,20),(294,8,19285157,16),(295,7,19285157,15),(296,3,19285157,14),(297,6,19285157,6),(298,4,19285157,1),(299,10,19285157,13),(300,2,25882699,2),(301,4,25882699,7),(302,1,24196992,1),(303,10,24196992,15),(304,2,24196992,19),(305,7,24196992,12),(306,6,24196992,8),(307,9,24196992,17),(308,8,24196992,2),(309,5,24196992,7),(310,4,24196992,4),(311,6,20939094,8),(312,4,20939094,10),(313,9,20939094,1),(314,1,20939094,2),(315,7,20939094,17),(316,10,20939094,1),(317,3,20939094,4),(318,5,20939094,6),(320,2,15350842,12),(321,10,15350842,9),(322,9,15350842,6),(323,3,26204550,6),(324,4,26204550,7),(325,5,26204550,13),(326,8,26204550,15),(327,10,26204550,16),(328,2,26204550,12),(329,9,26204550,6),(330,6,26204550,20),(331,7,13127428,1),(332,8,13127428,20),(333,9,13127428,2),(334,4,7138521,19),(335,6,7138521,6),(336,9,7138521,16),(337,2,7138521,11),(338,4,43460426,5),(339,9,43460426,7),(340,5,43460426,7),(341,2,43460426,20),(342,7,43460426,3),(343,6,43460426,3),(344,1,43460426,3),(345,3,43460426,3),(346,2,5544648,15),(347,8,5544648,15),(348,3,5544648,11),(349,6,5544648,19),(351,8,7245993,14),(352,1,7245993,20),(354,5,39222415,12),(355,6,39222415,19),(356,1,39222415,2),(357,9,39222415,9),(358,6,39221187,0),(359,2,39221187,13),(360,4,39221187,17),(361,8,39221187,7),(362,5,39221187,14),(363,3,39221187,19),(364,1,39221187,8),(365,6,36648295,20),(366,4,7215847,9),(367,10,7215847,9),(368,2,7215847,1),(369,9,7215847,12),(370,1,7215847,16),(372,4,14048584,6),(373,9,14048584,17),(374,3,14048584,8),(375,8,14048584,8),(376,8,7083362,8),(377,9,18340958,12),(378,7,18340958,14),(379,8,18340958,8),(380,1,18340958,10),(381,6,18340958,3),(382,4,18340958,10),(383,2,40216061,11),(384,6,36636484,13),(385,1,36636484,18),(386,3,36636484,5),(387,10,36636484,8),(388,7,22876225,14),(389,1,22876225,3),(390,5,22876225,11),(391,2,33200594,5),(392,7,33200594,20),(393,9,33200594,3),(394,2,7051625,8),(395,8,7051625,8),(397,3,24623528,14),(398,1,24623528,20),(399,5,24623528,11),(400,8,24623528,8),(401,6,24623528,13),(402,2,24623528,14),(403,9,24623528,4),(404,7,24623528,15),(405,10,24623528,0),(406,4,39804749,5),(407,1,39804749,8),(408,10,39804749,10),(409,9,39804749,5),(410,6,39804749,13),(411,7,39804749,5),(412,1,15015171,1),(413,10,15015171,3),(414,1,26379521,6),(415,2,26379521,4),(416,9,26379521,10),(417,3,6628780,9),(418,4,6628780,4),(419,2,6628780,15),(420,6,6628780,17),(421,10,6628780,10),(422,6,23402697,14),(423,1,23402697,5),(424,9,23402697,18),(425,8,23402697,3),(426,7,23402697,12),(427,5,23402697,4),(428,3,23402697,5),(429,4,23402697,17),(430,3,23301237,8),(431,5,23301237,0),(432,5,24245432,7),(433,6,24245432,9),(434,9,24245432,13),(435,10,24245432,3),(436,4,24245432,14),(437,3,24245432,6),(438,10,7170239,2),(439,8,7170239,19),(440,9,7170239,17),(441,5,7170239,11),(442,4,7170239,1),(443,2,7170239,17),(444,6,7170239,15),(445,3,7170239,10),(446,7,7103730,6),(447,8,7103730,1),(448,9,7103730,5),(449,3,7103730,17),(450,2,7103730,6),(451,7,28751751,19),(452,10,28751751,2),(453,5,28751751,1),(454,3,28751751,4),(455,6,28751751,14),(456,4,28751751,14),(457,2,28751751,3),(458,1,28751751,20),(459,8,28751751,12),(460,9,28751751,10),(461,7,9134511,13),(462,10,9134511,2),(463,3,9134511,6),(464,2,9134511,3),(465,4,9134511,11),(466,8,9134511,13),(467,1,9134511,15),(468,10,28318341,10),(469,3,28318341,18),(470,4,28318341,2),(471,8,28318341,2),(472,7,28318341,11),(473,5,46913162,19),(474,2,46913162,5),(475,6,46913162,1),(476,7,7225985,5),(477,3,7058219,8),(478,9,7058219,1),(479,10,7058219,10),(480,4,7058219,11),(481,5,7058219,18),(482,6,7058219,0),(483,8,7058219,0),(484,2,7058219,6),(485,7,7058219,1),(486,1,5680231,13),(487,7,13536893,6),(488,8,7084148,20),(489,3,7084148,3),(490,6,7084148,8),(491,7,7084148,14),(492,10,24327300,4),(493,5,24327300,6),(494,2,24327300,3),(495,9,24327300,13),(496,1,24327300,6),(497,3,24327300,14),(498,10,6508514,17),(499,8,6508514,7),(500,5,6508514,1),(501,10,37075125,1),(502,8,37075125,4),(503,4,37075125,1),(504,7,37075125,12),(505,1,37075125,6),(506,3,6979633,18),(507,7,6979633,5),(508,5,6979633,5),(509,2,6979633,9),(510,4,6979633,8),(511,8,6979633,13),(512,3,24218747,2),(513,1,24218747,0),(514,6,24218747,0),(515,4,24218747,4),(516,1,35268128,17),(517,5,35268128,20),(518,8,35268128,10),(519,10,35268128,0),(520,3,35268128,2),(521,6,35268128,10),(522,9,35268128,19),(523,2,35268128,18),(524,7,35268128,15),(525,4,35268128,5),(526,5,7128457,0),(527,4,7128457,10),(528,2,7128457,20),(529,7,7128457,2),(530,2,24573990,0),(531,1,24573990,10),(532,10,24573990,1),(533,2,14021636,16),(534,8,14021636,6),(535,10,14021636,19),(536,1,14021636,10),(537,9,14021636,18),(538,6,14021636,16),(539,4,14021636,12),(540,5,18340958,16),(541,10,18340958,10),(544,8,6654848,9),(545,2,22856696,6),(546,5,22856696,9),(547,7,22856696,15),(548,6,22856696,19),(549,1,22856696,12),(551,1,33170500,3),(552,10,33170500,7),(553,6,33170500,8),(554,4,33170500,8),(555,7,33170500,2),(556,2,33170500,12),(557,3,33170500,0),(558,5,33170500,15),(559,9,33170500,1),(560,5,7133229,0),(561,2,7133229,4),(562,7,7133229,3),(563,3,7133229,11),(564,6,7133229,13),(565,1,7133229,14),(566,8,7133229,19),(567,4,7133229,14),(568,9,27889661,7),(569,5,27889661,5),(570,10,27889661,7),(571,4,27889661,1),(572,5,40281030,1),(573,6,40281030,15),(574,9,40281030,18),(575,3,40281030,17),(576,7,40281030,12),(577,2,40281030,8),(578,4,9631034,16),(579,10,9631034,9),(580,2,9631034,8),(581,7,7241634,9),(582,2,7241634,9),(583,10,7241634,4),(584,8,7241634,7),(585,3,7241634,7),(586,5,7241634,4),(587,6,7241634,3),(588,4,7241634,10),(589,1,11418883,14),(590,9,11418883,19),(591,10,46524697,16),(592,4,8833344,14),(593,1,8833344,14),(594,7,8833344,9),(595,9,8833344,20),(597,6,7233294,6),(598,10,7233294,4),(599,1,7233294,14),(600,5,7233294,11),(601,8,7233294,15),(602,7,7233294,12),(603,4,15015171,0),(604,2,15015171,17),(605,3,15015171,4),(608,9,7053993,18),(609,7,7053993,0),(610,8,7053993,12),(611,6,7053993,7),(612,1,7053993,0),(613,5,7053993,18),(614,10,7053993,16),(615,2,7053993,20),(617,4,33041314,0),(618,4,40208895,10),(619,6,47678415,8),(620,7,47678415,14),(621,9,47678415,12),(622,4,47678415,14),(623,2,22499280,5),(624,5,22499280,11),(625,9,22499280,6),(626,7,22499280,11),(627,8,22499280,0),(628,3,22499280,13),(629,1,22499280,0),(630,4,22499280,10),(631,10,22499280,2),(632,9,25921229,10),(633,3,25921229,10),(634,2,25921229,5),(635,7,25921229,11),(636,10,25921229,11),(637,8,25921229,6),(638,1,25921229,13),(639,5,25921229,9),(640,6,25921229,7),(641,1,27119406,17),(642,5,27119406,8),(643,9,27119406,16),(644,3,27119406,6),(645,7,27119406,9),(646,2,23281880,9),(647,8,23281880,20),(648,9,23281880,20),(649,5,39485971,2),(650,2,39485971,6),(651,4,8887466,9),(652,3,8887466,14),(653,10,8887466,14),(654,9,8887466,4),(655,2,8887466,1),(656,1,8887466,15),(657,5,8887466,15),(658,2,16159111,13),(659,8,16159111,11),(660,1,16159111,6),(661,5,16159111,11),(662,7,16159111,19),(663,6,16159111,17),(664,3,16159111,17),(665,9,16159111,8),(666,6,8887510,20),(667,2,8887510,6),(668,9,7666467,18),(669,4,7666467,20),(671,8,40281128,4),(673,2,7245993,8),(674,6,7245993,13),(676,6,24349980,2),(677,3,24349980,11),(678,4,24349980,16),(679,10,24349980,5),(680,5,24349980,1),(681,7,24349980,10),(682,9,24349980,3),(683,8,24349980,20),(684,9,24364628,3),(685,7,24364628,7),(686,8,24364628,8),(687,10,24364628,10),(688,2,24364628,0),(689,3,24364628,1),(690,6,24364628,0),(691,4,24364628,20),(693,1,24872302,17),(694,7,24872302,0),(695,8,24872302,1),(696,9,24872302,3),(697,5,24872302,8),(698,4,24872302,1),(699,3,24872302,3),(700,6,23330725,9),(701,10,23330725,14),(702,2,23330725,14),(703,9,23330725,8),(704,8,23330725,6),(706,3,7033136,10),(707,6,7033136,0),(708,8,7033136,15),(709,4,7033136,15),(710,7,13983741,5),(711,6,13983741,20),(712,1,13983741,14),(713,9,13983741,17),(714,4,32232086,7),(715,9,32232086,1),(716,1,32232086,17),(717,8,32232086,8),(718,2,32232086,10),(719,5,32232086,19),(720,6,32232086,11),(721,3,32232086,4),(722,5,7075358,8),(723,2,7075358,19),(724,3,7075358,13),(725,9,7075358,4),(726,4,44094098,6),(727,9,44094098,9),(728,2,44094098,1),(729,6,44094098,17),(730,8,44094098,16),(731,7,44094098,10),(732,10,25389972,12),(733,6,25389972,1),(734,8,25389972,16),(735,2,25389972,3),(736,2,32263909,16),(737,5,32263909,13),(738,8,32263909,8),(739,6,32263909,8),(740,7,32263909,1),(741,1,32263909,18),(742,2,19484675,5),(744,5,6412732,9),(745,10,6412732,0),(746,2,6412732,1),(747,7,6412732,6),(748,1,6412732,19),(749,9,6412732,18),(750,6,6412732,8),(751,3,6412732,8),(753,2,40293086,20),(754,8,40293086,6),(755,5,40293086,0),(756,5,24996307,10),(757,8,24996307,0),(758,7,24996307,6),(759,9,21704545,3),(760,4,21704545,20),(761,1,21704545,14),(762,10,21704545,14),(763,5,26468884,16),(764,6,26468884,8),(765,6,33152400,17),(766,5,33152400,11),(767,8,33152400,10),(768,10,33152400,12),(770,2,25516485,14),(771,5,25516485,15),(772,7,25516485,0),(773,4,25516485,3),(774,10,25516485,9),(775,3,25516485,7),(776,6,25667349,10),(777,2,25667349,13),(778,5,25667349,2),(781,1,24953263,15),(782,4,24953263,16),(783,2,24953263,6),(784,3,24953263,16),(785,9,24953263,1),(786,10,24953263,13),(788,6,32249281,10),(789,10,32249281,17),(790,4,32249281,15),(791,9,32249281,2),(793,1,26669330,10),(794,8,26669330,10),(795,9,26669330,18),(796,6,26669330,9),(797,7,26669330,15),(798,10,26669330,3),(799,5,26669330,17),(800,2,26669330,17),(801,4,26669330,7),(802,3,26669330,1),(803,8,36636484,10),(805,5,24172117,3),(806,7,24172117,11),(807,10,24172117,7),(808,3,24172117,19),(811,6,22876225,10),(812,8,22876225,16),(813,10,22876225,12),(814,2,22876225,11),(821,4,24144374,17),(822,8,24144374,13),(823,9,24144374,2),(824,6,24144374,6),(827,3,23054645,16),(828,6,23054645,16),(829,9,23054645,14),(830,2,23054645,19),(831,5,23054645,18),(832,1,23054645,6),(833,4,23054645,6),(834,7,23054645,3),(835,8,23054645,8),(836,10,23054645,6),(837,5,32775849,18),(838,1,32775849,4),(839,3,32775849,8),(840,10,32775849,10),(841,4,22735148,15),(842,3,6947922,14),(843,1,6947922,20),(845,4,39475933,10),(847,5,16766351,10),(848,7,16766351,2),(850,4,27064170,9),(851,7,27064170,18),(852,2,27064170,8),(853,1,27064170,5),(854,8,27064170,19),(855,3,27064170,5),(856,5,27064170,16),(857,9,27064170,1),(858,10,27064170,13),(859,6,27064170,15),(860,5,7204936,7),(861,4,7204936,3),(862,1,7204936,15),(863,8,7204936,15),(864,7,7204936,14),(865,2,7204936,16),(866,9,7204936,13),(867,6,7204936,16),(868,3,7204936,4),(869,10,7204936,17),(870,5,8580424,4),(871,8,8580424,13),(872,10,8580424,19),(873,9,8580424,5),(874,6,8580424,7),(875,1,8580424,17),(876,3,8580424,19),(877,7,8580424,20),(878,2,8580424,7),(879,4,8580424,0),(880,7,39479436,4),(881,9,25440547,12),(882,9,42344729,6),(883,5,42344729,8),(884,3,42344729,10),(885,7,42344729,5),(886,4,42344729,10),(887,6,42344729,17),(888,1,42344729,3),(889,2,42344729,5),(890,8,42344729,12),(891,7,23076784,8),(892,2,9119922,15),(893,4,9119922,7),(894,9,9119922,18),(895,6,9119922,10),(896,1,9119922,2),(897,3,9119922,17),(898,8,9119922,11),(899,7,9119922,16),(900,5,9119922,3),(901,2,376045,5),(902,7,376045,3),(903,4,376045,9),(904,6,376045,16),(905,5,376045,15),(906,8,376045,2),(907,1,376045,17),(908,10,376045,13),(909,5,42347879,6),(910,8,42347879,9),(911,9,42347879,19),(912,4,42347879,7),(913,6,42347879,9),(914,5,26336926,2),(915,10,26336926,8),(916,2,26336926,9),(917,7,26336926,8),(918,6,26336926,4),(919,8,26336926,3),(920,8,42989493,2),(921,10,42989493,0),(922,4,42989493,4),(923,2,42989493,10),(924,3,42989493,15),(925,9,42989493,11),(926,6,24232416,10),(927,7,24232416,2),(928,1,24232416,17),(929,5,24232416,3),(930,9,24232416,18),(931,8,24232416,3),(932,3,24232416,15),(933,2,24232416,4),(934,10,24232416,6),(935,4,24232416,19),(937,1,22642430,2),(938,7,22642430,8),(939,3,17148283,2),(940,4,17148283,10),(941,6,17148283,11),(942,8,17148283,9),(943,10,17148283,4),(944,1,17148283,7),(945,2,17148283,7),(946,7,17148283,10),(947,9,17148283,20),(948,3,6176175,8),(949,10,6176175,12),(950,7,33896834,12),(951,1,33896834,16),(952,9,33896834,14),(953,2,33896834,10),(954,3,33896834,5),(955,10,33896834,19),(956,5,33896834,0),(957,6,33896834,5),(958,8,33896834,17),(959,4,33896834,3),(960,2,35301162,17),(961,7,35301162,6),(962,8,35301162,7),(963,3,35301162,15),(964,2,3428556,12),(965,4,42346557,6),(966,7,42346557,12),(967,9,42346557,19),(968,8,42346557,6),(969,1,42346557,8),(970,10,42346557,8),(971,3,42346557,7),(972,5,42346557,13),(973,6,17905319,4),(974,3,17905319,13),(975,7,17905319,0),(976,10,17905319,13),(977,4,17905319,12),(978,9,17905319,13),(979,2,17905319,20),(980,10,27939293,2),(982,2,8339369,4),(983,3,8339369,19),(984,5,8339369,17),(985,10,8339369,15),(986,8,8339369,8),(987,4,8339369,9),(988,8,28597761,17),(989,10,28597761,18),(990,4,28597761,10),(991,3,28597761,13),(992,5,28597761,5),(993,7,28597761,8),(994,9,28597761,11),(995,1,28597761,7),(996,7,37753024,1),(997,8,37753024,2),(998,5,37753024,15),(999,6,37753024,18),(1000,10,37753024,19),(1002,2,39222545,14),(1004,4,39801859,8),(1005,10,39801859,16),(1006,7,39801859,2),(1007,3,39801859,10),(1008,9,39801859,7),(1009,6,39801859,7),(1010,5,39801859,9),(1011,8,39801859,14),(1012,1,39801859,12),(1013,2,39801859,2),(1017,3,39826520,5),(1018,6,39826520,17),(1019,10,39826520,6),(1020,4,39826520,4),(1021,9,39826520,2),(1022,7,39826520,15),(1023,5,39826520,14),(1024,8,39826520,19),(1025,1,39826520,13),(1026,2,39826520,14),(1027,10,7157657,5),(1028,5,7157657,14),(1029,2,7157657,0),(1030,8,7157657,12),(1031,6,7157657,12),(1032,4,7157657,14),(1033,1,7157657,14),(1034,2,7060579,17),(1035,7,7060579,16),(1036,8,7060579,6),(1037,4,7060579,14),(1038,1,7060579,0),(1039,10,46835116,12),(1040,8,46835116,18),(1041,5,46835116,20),(1042,6,46835116,0),(1043,2,46835116,5),(1044,1,46835116,15),(1045,4,46835116,9),(1046,7,46835116,6),(1047,3,46835116,2),(1048,9,46835116,19),(1052,4,7170815,20),(1054,4,23330725,18),(1057,3,39806678,5),(1058,1,39806678,14),(1059,2,39806678,2),(1060,4,39806678,12),(1061,8,39806678,8),(1062,7,39806678,6),(1063,6,39806678,15),(1064,9,39806678,0),(1065,5,39806678,9),(1066,10,39806678,5),(1067,1,7033136,17),(1068,7,7033136,12),(1070,8,25098005,10),(1071,2,25098005,8),(1072,2,34843449,13),(1073,1,34843449,4),(1074,8,34843449,8),(1075,3,34843449,16),(1076,6,34843449,16),(1077,9,34843449,4),(1078,4,34843449,6),(1079,10,34843449,20),(1080,5,34843449,6),(1082,1,44094098,7),(1083,2,37826838,4),(1086,6,6446293,8),(1087,5,6446293,11),(1088,7,6446293,19),(1089,8,7353846,18),(1091,4,28300165,5),(1092,6,28300165,14),(1093,5,28300165,10),(1094,8,28300165,19),(1095,7,28300165,18),(1096,7,24975625,16),(1097,3,24975625,13),(1098,6,24975625,10),(1099,4,24975625,0),(1100,2,24975625,3),(1101,8,24975625,17),(1102,9,24975625,6),(1103,1,24975625,10),(1104,5,24975625,9),(1106,2,7079250,2),(1107,9,7079250,7),(1108,4,7079250,20),(1109,8,7079250,5),(1110,7,7079250,11),(1111,5,7079250,9),(1112,10,7079250,7),(1113,3,7079250,12),(1115,3,23282447,17),(1116,2,23282447,13),(1117,1,23282447,11),(1118,7,23282447,13),(1119,10,23282447,6),(1120,9,23282447,15),(1121,4,23282447,8),(1122,3,24144374,6),(1123,1,24144374,6),(1125,10,23666023,20),(1127,7,6998053,20),(1128,3,6998053,17),(1129,9,6998053,2),(1130,1,6998053,7),(1131,4,6998053,10),(1132,8,6998053,3),(1133,2,6998053,11),(1134,10,6998053,14),(1135,6,6998053,4),(1136,5,6998053,15),(1138,1,37821367,12),(1139,9,37821367,16),(1140,8,37821367,16),(1141,10,37821367,15),(1142,3,37821367,13),(1143,5,37821367,11),(1144,6,37821367,6),(1145,7,37821367,14),(1146,1,26468884,2),(1147,2,26468884,18);
/*!40000 ALTER TABLE `stores` ENABLE KEYS */;
UNLOCK TABLES;

--
-- Temporary table structure for view `student_borrows`
--

DROP TABLE IF EXISTS `student_borrows`;
/*!50001 DROP VIEW IF EXISTS `student_borrows`*/;
SET @saved_cs_client     = @@character_set_client;
SET character_set_client = utf8;
/*!50001 CREATE VIEW `student_borrows` AS SELECT
 1 AS `first_name`,
  1 AS `last_name`,
  1 AS `book_title`,
  1 AS `acquire_date`,
  1 AS `return_date`,
  1 AS `card` */;
SET character_set_client = @saved_cs_client;

--
-- Temporary table structure for view `student_requests`
--

DROP TABLE IF EXISTS `student_requests`;
/*!50001 DROP VIEW IF EXISTS `student_requests`*/;
SET @saved_cs_client     = @@character_set_client;
SET character_set_client = utf8;
/*!50001 CREATE VIEW `student_requests` AS SELECT
 1 AS `first_name`,
  1 AS `last_name`,
  1 AS `date_of_request`,
  1 AS `book_title`,
  1 AS `card` */;
SET character_set_client = @saved_cs_client;

--
-- Final view structure for view `student_borrows`
--

/*!50001 DROP VIEW IF EXISTS `student_borrows`*/;
/*!50001 SET @saved_cs_client          = @@character_set_client */;
/*!50001 SET @saved_cs_results         = @@character_set_results */;
/*!50001 SET @saved_col_connection     = @@collation_connection */;
/*!50001 SET character_set_client      = utf8mb4 */;
/*!50001 SET character_set_results     = utf8mb4 */;
/*!50001 SET collation_connection      = utf8mb4_general_ci */;
/*!50001 CREATE ALGORITHM=UNDEFINED */
/*!50013 DEFINER=`ggeor`@`localhost` SQL SECURITY DEFINER */
/*!50001 VIEW `student_borrows` AS select `app_user`.`first_name` AS `first_name`,`app_user`.`last_name` AS `last_name`,`books`.`title` AS `book_title`,`borrow`.`acquire_date` AS `acquire_date`,`borrow`.`return_date` AS `return_date`,`app_user`.`card` AS `card` from ((`app_user` join `borrow` on(`app_user`.`user_id` = `borrow`.`user_id`)) join `books` on(`books`.`isbn` = `borrow`.`isbn`)) */;
/*!50001 SET character_set_client      = @saved_cs_client */;
/*!50001 SET character_set_results     = @saved_cs_results */;
/*!50001 SET collation_connection      = @saved_col_connection */;

--
-- Final view structure for view `student_requests`
--

/*!50001 DROP VIEW IF EXISTS `student_requests`*/;
/*!50001 SET @saved_cs_client          = @@character_set_client */;
/*!50001 SET @saved_cs_results         = @@character_set_results */;
/*!50001 SET @saved_col_connection     = @@collation_connection */;
/*!50001 SET character_set_client      = utf8mb4 */;
/*!50001 SET character_set_results     = utf8mb4 */;
/*!50001 SET collation_connection      = utf8mb4_general_ci */;
/*!50001 CREATE ALGORITHM=UNDEFINED */
/*!50013 DEFINER=`ggeor`@`localhost` SQL SECURITY DEFINER */
/*!50001 VIEW `student_requests` AS select `app_user`.`first_name` AS `first_name`,`app_user`.`last_name` AS `last_name`,`request`.`date_of_request` AS `date_of_request`,`books`.`title` AS `book_title`,`app_user`.`card` AS `card` from ((`app_user` join `request` on(`app_user`.`user_id` = `request`.`user_id`)) join `books` on(`request`.`isbn` = `books`.`isbn`)) */;
/*!50001 SET character_set_client      = @saved_cs_client */;
/*!50001 SET character_set_results     = @saved_cs_results */;
/*!50001 SET collation_connection      = @saved_col_connection */;
/*!40103 SET TIME_ZONE=@OLD_TIME_ZONE */;

/*!40101 SET SQL_MODE=@OLD_SQL_MODE */;
/*!40014 SET FOREIGN_KEY_CHECKS=@OLD_FOREIGN_KEY_CHECKS */;
/*!40014 SET UNIQUE_CHECKS=@OLD_UNIQUE_CHECKS */;
/*!40101 SET CHARACTER_SET_CLIENT=@OLD_CHARACTER_SET_CLIENT */;
/*!40101 SET CHARACTER_SET_RESULTS=@OLD_CHARACTER_SET_RESULTS */;
/*!40101 SET COLLATION_CONNECTION=@OLD_COLLATION_CONNECTION */;
/*!40111 SET SQL_NOTES=@OLD_SQL_NOTES */;

<<<<<<< HEAD
-- Dump completed on 2023-06-03 18:45:04
=======
-- Dump completed on 2023-06-03 18:25:20
>>>>>>> b46dae23bf2573ec15cee5f7769ca8a83da3d25f
